STORE_ID,STORE_NAME,REGION,CITY,STATE,COUNTRY,OPEN_DATE,STATUS
S0001,,,Indore,MH,India,2022-11-09,CLOSED
,Store_2,,Hyderabad,RJ,India,2023-04-01,RENOVATION
S0003,,WEST,,KL,India,2022-01-26,RENOVATION
S0004,,NORTH,Delhi,KA,,2023-02-25,CLOSED
S0005,,SOUTH,Chennai,MH,India,,CLOSED
S0006,Store_6,EAST,Mumbai,,India,2024-07-21,
S0007,Store_7,,Jaipur,MH,,2021-11-16,RENOVATION
S0008,Store_8,NORTH,,MP,India,,CLOSED
S0009,Store_9,NORTH,Pune,KA,,2021-02-22,
,,NORTH,Chennai,RJ,India,2022-10-28,OPEN
S0011,Store_11,WEST,,KA,India,2022-01-05,
S0012,Store_12,,Jaipur,RJ,India,,OPEN
,Store_13,WEST,,KA,India,2023-05-05,CLOSED
S0014,Store_14,EAST,Chennai,,India,2021-03-07,
S0015,Store_15,,Delhi,,India,2024-03-21,OPEN
S0016,Store_16,NORTH,Indore,,India,,CLOSED
S0017,Store_17,CENTRAL,Hyderabad,,India,,RENOVATION
S0018,Store_18,EAST,,TN,,2024-06-13,CLOSED
S0019,,CENTRAL,Pune,TS,India,2021-12-20,
S0020,Store_20,WEST,Delhi,TN,,2021-09-08,
S0021,Store_21,,Jaipur,RJ,India,2025-10-01,
S0022,Store_22,,,KA,India,2022-06-04,RENOVATION
S0023,Store_23,WEST,,WB,India,,CLOSED
S0024,Store_24,WEST,Jaipur,KA,,2023-02-23,
S0025,Store_25,SOUTH,Pune,RJ,India,,
S0026,,SOUTH,Bengaluru,TS,India,,OPEN
S0027,Store_27,,Indore,,India,2024-05-14,RENOVATION
S0028,Store_28,NORTH,,MP,,2022-06-28,CLOSED
S0029,,WEST,Indore,KL,India,,CLOSED
,Store_30,,Bengaluru,KA,India,2024-01-26,RENOVATION
S0031,,WEST,,WB,India,2022-04-07,OPEN
,Store_32,SOUTH,Hyderabad,MH,India,2025-07-20,
S0033,Store_33,,Jaipur,DL,India,2024-04-25,
S0034,,NORTH,Delhi,DL,India,,CLOSED
,,EAST,Kolkata,TS,India,2025-01-12,RENOVATION
S0036,Store_36,SOUTH,,RJ,,2024-01-18,RENOVATION
S0037,Store_37,NORTH,Indore,,India,,RENOVATION
,,NORTH,Mumbai,MH,India,2022-02-18,OPEN
S0039,Store_39,,Delhi,DL,India,,RENOVATION
,Store_40,CENTRAL,Jaipur,,India,2025-04-06,OPEN
,Store_41,WEST,Indore,,India,2024-08-12,CLOSED
,Store_42,EAST,Jaipur,TS,India,,CLOSED
S0043,,WEST,Kolkata,DL,,2025-02-02,RENOVATION
S0044,Store_44,SOUTH,Bengaluru,,India,,RENOVATION
S0045,,CENTRAL,Mumbai,WB,India,,OPEN
,Store_46,SOUTH,Kochi,,India,2022-11-08,CLOSED
,Store_47,SOUTH,Jaipur,RJ,,2024-05-26,RENOVATION
S0048,Store_48,NORTH,,KA,,2024-08-12,CLOSED
S0049,,,Chennai,RJ,India,2025-06-24,RENOVATION
,Store_50,SOUTH,Hyderabad,WB,India,,RENOVATION
S0051,Store_51,,Kochi,KL,India,,CLOSED
S0052,Store_52,,,TN,India,2024-02-05,OPEN
S0053,,WEST,Indore,,India,2023-11-24,RENOVATION
S0054,Store_54,NORTH,,WB,India,,RENOVATION
,Store_55,NORTH,Hyderabad,MH,,2022-04-05,OPEN
S0056,Store_56,EAST,Bengaluru,,India,2023-10-27,
S0057,Store_57,SOUTH,Pune,TS,,,CLOSED
S0058,Store_58,CENTRAL,Delhi,,,2022-06-01,RENOVATION
S0059,Store_59,WEST,,TN,India,2022-12-19,
S0060,Store_60,,Bengaluru,MP,India,,RENOVATION
S0061,Store_61,SOUTH,Delhi,KA,,,CLOSED
S0062,Store_62,WEST,,WB,India,,CLOSED
S0063,Store_63,,,RJ,India,2023-01-04,RENOVATION
S0064,Store_64,CENTRAL,,,India,2022-10-15,OPEN
,Store_65,WEST,Delhi,,India,2023-01-29,OPEN
S0066,Store_66,WEST,Mumbai,MH,,2024-07-24,
,Store_67,WEST,Bengaluru,MH,India,,CLOSED
S0068,Store_68,EAST,Indore,,India,2025-06-01,
S0069,Store_69,EAST,,TS,,2021-12-29,OPEN
S0070,Store_70,,Hyderabad,,India,2021-10-22,CLOSED
S0071,Store_71,EAST,Jaipur,,India,,CLOSED
S0072,,EAST,Indore,,India,2021-05-30,RENOVATION
,Store_73,EAST,Delhi,WB,,2023-03-06,OPEN
S0074,Store_74,NORTH,,RJ,,2023-07-18,CLOSED
,Store_75,CENTRAL,Delhi,KA,India,2021-11-02,
,,CENTRAL,Indore,TN,India,2024-04-20,CLOSED
S0077,Store_77,EAST,Kochi,,India,2024-08-21,
S0078,,CENTRAL,Delhi,KL,India,2024-06-02,
S0079,,WEST,Delhi,KA,India,2021-06-06,
S0080,Store_80,,Pune,KL,India,2023-01-28,
S0081,Store_81,,Kochi,RJ,,2025-06-14,CLOSED
S0082,,SOUTH,,MP,India,2022-03-17,OPEN
S0083,Store_83,,,WB,India,2025-06-13,CLOSED
S0084,Store_84,SOUTH,Hyderabad,TN,,,RENOVATION
S0085,,SOUTH,Indore,KA,India,2022-02-04,
S0086,Store_86,NORTH,,KL,,2021-11-25,OPEN
,,SOUTH,Bengaluru,KA,India,2022-01-12,CLOSED
,Store_88,NORTH,,KA,India,2021-03-16,OPEN
S0089,,WEST,Hyderabad,MP,India,,RENOVATION
S0090,Store_90,SOUTH,Jaipur,DL,,,OPEN
S0091,,,Indore,WB,India,2025-02-22,OPEN
,,SOUTH,Delhi,RJ,India,2025-11-16,OPEN
S0093,Store_93,,Indore,,India,2021-05-10,RENOVATION
,Store_94,NORTH,Chennai,TN,,2021-04-09,RENOVATION
S0095,Store_95,,Hyderabad,,India,2021-04-03,CLOSED
S0096,,NORTH,Pune,,India,2025-12-15,CLOSED
S0097,Store_97,WEST,Kochi,,India,2025-02-11,
S0098,Store_98,EAST,,MH,India,,CLOSED
S0099,,WEST,,KL,India,2022-01-31,CLOSED
,Store_100,SOUTH,Pune,,India,2022-07-22,CLOSED
S0101,Store_101,WEST,Indore,TN,,2024-01-04,
S0102,Store_102,CENTRAL,Pune,,India,2025-04-20,
S0103,Store_103,,Chennai,TN,India,2023-04-06,
S0104,,EAST,Chennai,TS,India,,RENOVATION
,Store_105,,Hyderabad,MP,India,2024-02-01,OPEN
S0106,Store_106,SOUTH,,,India,2024-07-13,CLOSED
S0107,Store_107,,Kochi,,India,2023-01-15,OPEN
,,EAST,Hyderabad,DL,India,2021-08-12,OPEN
S0109,Store_109,NORTH,Delhi,RJ,,,OPEN
,Store_110,CENTRAL,Bengaluru,DL,India,2024-12-21,
,Store_111,EAST,Indore,TN,India,,OPEN
S0112,Store_112,WEST,,DL,,2021-05-24,RENOVATION
,Store_113,CENTRAL,Hyderabad,,India,2023-01-26,OPEN
,Store_114,NORTH,,MH,India,2021-03-17,CLOSED
S0115,,WEST,Kolkata,DL,India,,CLOSED
S0116,,CENTRAL,Kochi,,India,2021-03-19,OPEN
S0117,Store_117,,Chennai,,India,2024-01-01,CLOSED
S0118,Store_118,EAST,,RJ,India,,RENOVATION
S0119,Store_119,CENTRAL,,,India,2022-05-13,RENOVATION
S0120,Store_120,,Kolkata,,India,2022-11-27,CLOSED
S0121,,,Chennai,MH,India,2023-08-15,OPEN
,Store_122,SOUTH,Pune,KL,,2025-06-30,OPEN
S0123,Store_123,WEST,Chennai,,India,,CLOSED
S0124,,CENTRAL,Kolkata,MP,India,,OPEN
S0125,,NORTH,Mumbai,WB,India,,CLOSED
,Store_126,,Mumbai,KA,India,2025-06-30,OPEN
S0127,Store_127,EAST,,,India,2024-12-10,RENOVATION
S0128,Store_128,SOUTH,,MP,India,,RENOVATION
,Store_129,WEST,Kolkata,,India,2022-01-18,CLOSED
S0130,Store_130,,,KA,India,2021-05-03,RENOVATION
S0131,Store_131,,Kochi,DL,India,,OPEN
S0132,Store_132,,Jaipur,RJ,India,2021-07-04,
S0133,Store_133,SOUTH,Kochi,KA,India,,
S0134,Store_134,EAST,Jaipur,,India,,OPEN
S0135,Store_135,,Bengaluru,MP,India,2025-06-22,
S0136,Store_136,,Mumbai,RJ,India,2025-07-24,
S0137,Store_137,EAST,,RJ,,2024-04-22,RENOVATION
S0138,Store_138,EAST,Jaipur,MH,,2023-11-21,
S0139,Store_139,,,TN,India,2022-07-08,CLOSED
S0140,Store_140,CENTRAL,,TN,India,2024-05-24,
S0141,Store_141,,Pune,MP,,2023-07-22,RENOVATION
S0142,Store_142,WEST,,,India,2026-01-13,CLOSED
S0143,,EAST,Indore,WB,India,,OPEN
S0144,,SOUTH,Indore,,India,2021-02-15,CLOSED
S0145,Store_145,EAST,,KL,India,,CLOSED
S0146,,WEST,Jaipur,KL,,2023-09-27,RENOVATION
S0147,Store_147,NORTH,,KL,India,2022-05-04,
S0148,Store_148,,Bengaluru,MH,,2022-07-04,OPEN
,,NORTH,Delhi,TS,India,2025-10-20,RENOVATION
,Store_150,CENTRAL,Chennai,TN,,2022-02-08,OPEN
S0151,Store_151,,Mumbai,DL,India,2023-09-20,
S0152,Store_152,,,KL,India,2022-02-24,CLOSED
S0153,Store_153,SOUTH,Delhi,,India,,OPEN
S0154,Store_154,,Jaipur,DL,India,,OPEN
S0155,,SOUTH,Indore,DL,,2023-04-10,RENOVATION
,Store_156,NORTH,,TN,India,2022-05-02,RENOVATION
,Store_157,EAST,Chennai,MH,,2024-07-07,RENOVATION
S0158,,,Chennai,WB,India,2025-04-20,RENOVATION
S0159,Store_159,EAST,,KL,India,,OPEN
S0160,Store_160,EAST,Jaipur,MH,India,,
,Store_161,,Kolkata,MH,India,2022-07-10,OPEN
S0162,Store_162,EAST,,KL,India,2021-08-16,
S0163,,SOUTH,Hyderabad,WB,India,,OPEN
S0164,,,Kolkata,DL,India,2021-03-26,CLOSED
S0165,Store_165,EAST,Hyderabad,,India,2021-05-17,
,Store_166,,Indore,MP,India,2023-07-12,RENOVATION
S0167,Store_167,NORTH,Delhi,TN,India,,
S0168,Store_168,CENTRAL,,KL,India,,RENOVATION
S0169,Store_169,CENTRAL,Hyderabad,MH,,2021-05-28,
,Store_170,EAST,Kolkata,MH,,2022-04-02,CLOSED
S0171,Store_171,EAST,,RJ,India,2025-06-19,
S0172,Store_172,,Bengaluru,RJ,India,2024-06-21,
S0173,,WEST,,MH,India,2023-01-07,OPEN
S0174,Store_174,CENTRAL,Delhi,RJ,,,RENOVATION
S0175,,SOUTH,Kolkata,RJ,,2025-06-16,OPEN
S0176,Store_176,CENTRAL,Mumbai,,India,2025-02-02,
S0177,,CENTRAL,Jaipur,KA,India,,RENOVATION
S0178,,EAST,Pune,,India,2022-06-19,OPEN
S0179,,,Hyderabad,KA,India,2023-08-27,CLOSED
,Store_180,CENTRAL,Chennai,KA,India,2021-08-05,
,Store_181,SOUTH,Kolkata,MH,India,,CLOSED
,Store_182,NORTH,Bengaluru,MH,India,2023-12-06,
S0183,,NORTH,,DL,India,2023-01-31,RENOVATION
S0184,Store_184,EAST,,,India,2022-10-08,CLOSED
S0185,,EAST,Bengaluru,WB,,2022-03-15,RENOVATION
S0186,,CENTRAL,Mumbai,,India,2022-10-08,RENOVATION
,Store_187,WEST,Chennai,TS,,2021-09-15,OPEN
S0188,,EAST,Delhi,MP,,2025-02-11,OPEN
S0189,Store_189,NORTH,Chennai,RJ,,2023-05-17,
S0190,,EAST,Mumbai,TN,India,,RENOVATION
,Store_191,CENTRAL,,RJ,India,2022-08-10,CLOSED
S0192,,NORTH,,DL,India,2022-01-05,CLOSED
,Store_193,SOUTH,Delhi,RJ,,2025-08-28,RENOVATION
S0194,,NORTH,Kolkata,WB,India,,CLOSED
S0195,Store_195,CENTRAL,Bengaluru,TN,India,,
S0196,,SOUTH,Indore,,India,2025-07-28,OPEN
S0197,Store_197,NORTH,,TS,India,2024-11-15,
S0198,Store_198,,Chennai,DL,India,,RENOVATION
S0199,Store_199,,Pune,MP,India,,RENOVATION
,Store_200,SOUTH,Bengaluru,,India,2023-10-22,RENOVATION
S0201,,EAST,Indore,,India,2024-01-07,RENOVATION
S0202,Store_202,EAST,Mumbai,TS,,,OPEN
,Store_203,NORTH,Bengaluru,MP,India,,OPEN
S0204,Store_204,,Bengaluru,TS,India,2021-09-18,
S0205,Store_205,SOUTH,Kochi,WB,,2022-10-17,
S0206,,CENTRAL,Bengaluru,,India,2021-05-19,OPEN
,Store_207,NORTH,Mumbai,MH,India,,OPEN
S0208,Store_208,,Pune,MP,,2022-01-21,RENOVATION
S0209,Store_209,,Pune,KL,India,2023-12-04,
S0210,,EAST,Indore,KL,,2021-09-09,CLOSED
,Store_211,CENTRAL,Chennai,TN,India,,CLOSED
S0212,Store_212,CENTRAL,,MH,India,,CLOSED
S0213,,NORTH,,TN,India,2021-06-30,CLOSED
S0214,Store_214,EAST,Chennai,MH,India,,
S0215,Store_215,SOUTH,Kolkata,,India,2022-02-20,
S0216,Store_216,NORTH,,TS,India,,RENOVATION
S0217,,CENTRAL,Indore,RJ,,2021-05-22,RENOVATION
,Store_218,WEST,Delhi,KL,India,2024-01-31,
S0219,Store_219,,,TS,India,2023-07-03,OPEN
S0220,Store_220,SOUTH,Pune,KA,,,OPEN
,,CENTRAL,Chennai,MP,India,2022-06-24,OPEN
S0222,Store_222,WEST,,KL,India,2022-05-31,
S0223,,,Kochi,TS,India,2022-06-05,RENOVATION
S0224,,,Hyderabad,RJ,India,2025-03-30,CLOSED
S0225,Store_225,NORTH,Jaipur,,India,,RENOVATION
S0226,Store_226,WEST,Kolkata,MP,India,,
S0227,Store_227,NORTH,,KA,India,,OPEN
S0228,,NORTH,Pune,WB,India,,OPEN
S0229,Store_229,,,MH,India,2021-11-12,CLOSED
S0230,,CENTRAL,,WB,India,2025-02-07,CLOSED
S0231,,EAST,,TS,India,2024-03-28,RENOVATION
S0232,Store_232,EAST,Mumbai,TN,,,RENOVATION
S0233,Store_233,,Pune,TN,India,,OPEN
S0234,Store_234,NORTH,Chennai,,India,,OPEN
S0235,Store_235,WEST,Pune,,,2025-03-04,OPEN
S0236,Store_236,EAST,Indore,TS,India,,
S0237,Store_237,NORTH,Jaipur,,India,,CLOSED
S0238,Store_238,,Kochi,,India,2023-03-29,RENOVATION
,Store_239,CENTRAL,Delhi,TN,India,,OPEN
S0240,,WEST,,RJ,India,2022-10-06,RENOVATION
S0241,,WEST,Kolkata,DL,,2022-04-28,OPEN
S0242,,CENTRAL,,TS,India,2022-03-10,RENOVATION
,,EAST,Delhi,MP,India,2021-07-01,OPEN
S0244,Store_244,EAST,Hyderabad,,India,,CLOSED
,Store_245,WEST,Pune,TN,India,2024-04-14,
S0246,Store_246,EAST,Chennai,,,2025-08-13,CLOSED
S0247,Store_247,NORTH,Pune,,India,2022-12-22,
S0248,Store_248,,,KA,India,2025-11-17,CLOSED
S0249,Store_249,,Mumbai,MP,India,2023-09-26,
S0250,Store_250,,Delhi,KL,,2023-07-25,RENOVATION
,Store_251,WEST,Indore,TN,India,,CLOSED
S0252,Store_252,,Indore,,India,2023-05-07,RENOVATION
,,SOUTH,Chennai,DL,India,2024-05-17,CLOSED
S0254,Store_254,SOUTH,Hyderabad,,,2023-04-18,OPEN
,Store_255,WEST,Bengaluru,TS,India,2025-01-31,
S0256,Store_256,SOUTH,,MP,,2023-12-30,RENOVATION
S0257,Store_257,,Bengaluru,MP,India,,CLOSED
S0258,Store_258,,Kolkata,RJ,,2024-03-09,CLOSED
S0259,,CENTRAL,Chennai,MH,,2021-04-22,CLOSED
S0260,Store_260,SOUTH,Indore,,,2021-07-11,RENOVATION
,Store_261,CENTRAL,Chennai,TN,India,,RENOVATION
,,SOUTH,Indore,TS,India,2024-08-19,RENOVATION
S0263,,WEST,Chennai,TS,,2024-11-07,RENOVATION
,Store_264,CENTRAL,Chennai,TS,,2022-07-26,CLOSED
S0265,Store_265,,Indore,WB,,2025-07-01,RENOVATION
,Store_266,NORTH,,KL,India,2024-11-02,OPEN
,Store_267,SOUTH,,WB,India,2024-04-23,OPEN
S0268,Store_268,,Bengaluru,,India,2024-06-19,OPEN
S0269,Store_269,,Jaipur,,India,2021-04-21,CLOSED
S0270,Store_270,WEST,,TS,India,,CLOSED
S0271,Store_271,,Delhi,KA,India,2022-06-16,
S0272,Store_272,NORTH,Jaipur,TN,,,CLOSED
S0273,Store_273,,Hyderabad,TN,,2025-12-21,OPEN
S0274,Store_274,SOUTH,Chennai,MP,,2025-07-14,
S0275,,SOUTH,Jaipur,,India,2024-07-12,OPEN
S0276,Store_276,NORTH,Hyderabad,MP,,2022-06-26,
S0277,,,Hyderabad,DL,India,2025-03-22,CLOSED
S0278,Store_278,SOUTH,Delhi,MH,India,,
,Store_279,WEST,,KA,India,2022-02-03,CLOSED
S0280,Store_280,SOUTH,,,India,2022-08-25,RENOVATION
S0281,,,Pune,MP,India,2025-09-18,CLOSED
S0282,Store_282,EAST,,WB,India,2025-12-28,
S0283,Store_283,,Pune,MP,India,,CLOSED
,Store_284,,Pune,TN,India,2024-06-12,CLOSED
S0285,,WEST,Pune,TN,India,,OPEN
S0286,Store_286,SOUTH,Indore,TS,,,RENOVATION
,Store_287,EAST,Kolkata,DL,India,2022-01-11,
S0288,,CENTRAL,,WB,India,2025-03-17,OPEN
,,WEST,Chennai,DL,India,2025-09-12,OPEN
S0290,Store_290,NORTH,,KA,India,2022-11-14,
,Store_291,,Kolkata,TS,India,2021-10-07,OPEN
,Store_292,EAST,Delhi,,India,2025-06-13,RENOVATION
S0293,Store_293,SOUTH,,DL,,2022-09-10,RENOVATION
S0294,,EAST,Indore,,India,2024-06-13,OPEN
S0295,Store_295,,,WB,India,2023-01-22,CLOSED
S0296,Store_296,EAST,Pune,,India,2022-11-08,
,Store_297,CENTRAL,Hyderabad,MH,India,,RENOVATION
,Store_298,SOUTH,,DL,India,2022-12-12,RENOVATION
S0299,Store_299,SOUTH,Hyderabad,KL,,2025-10-17,
S0300,Store_300,,Chennai,MP,,2024-04-16,OPEN
S0301,,,Kochi,MP,India,2021-11-21,CLOSED
S0302,Store_302,,Jaipur,,India,2024-04-01,OPEN
S0303,Store_303,EAST,Indore,KL,India,,
S0304,Store_304,CENTRAL,Bengaluru,MH,,2021-02-07,
S0305,Store_305,EAST,,RJ,India,,RENOVATION
,Store_306,EAST,Hyderabad,MH,India,,CLOSED
S0307,Store_307,EAST,,,India,2021-10-22,RENOVATION
S0308,Store_308,WEST,Kolkata,RJ,,2026-01-09,
S0309,Store_309,EAST,Chennai,,India,,RENOVATION
S0310,Store_310,SOUTH,,RJ,,2021-09-05,OPEN
S0311,Store_311,,Bengaluru,MP,India,2021-07-13,
S0312,Store_312,NORTH,,TN,,2021-10-25,CLOSED
S0313,,NORTH,Bengaluru,WB,India,2021-07-28,
S0314,Store_314,,Pune,KA,India,,RENOVATION
,Store_315,NORTH,Chennai,MH,India,2024-07-03,
,Store_316,CENTRAL,,TS,India,2022-08-08,RENOVATION
S0317,Store_317,SOUTH,Jaipur,,,2022-06-30,OPEN
S0318,,SOUTH,Hyderabad,RJ,India,,OPEN
S0319,Store_319,NORTH,Bengaluru,,India,,RENOVATION
S0320,,EAST,Hyderabad,,India,2024-04-08,RENOVATION
S0321,,WEST,Kolkata,TS,,2025-05-01,RENOVATION
,,WEST,Hyderabad,RJ,India,2021-10-23,OPEN
,,NORTH,Delhi,MP,India,2023-03-01,OPEN
,Store_324,,Chennai,MH,India,2023-04-10,OPEN
,Store_325,,Jaipur,KA,India,2024-01-30,RENOVATION
S0326,Store_326,,Chennai,,India,2023-01-26,OPEN
S0327,,NORTH,Kochi,KA,India,2025-12-18,
,,EAST,Bengaluru,KL,India,2021-09-13,RENOVATION
,Store_329,CENTRAL,Kolkata,,India,2024-04-25,CLOSED
S0330,,,Mumbai,TS,India,2021-04-24,OPEN
,Store_331,,Hyderabad,KA,India,2021-07-18,OPEN
,Store_332,EAST,Indore,TN,,2021-10-25,OPEN
S0333,Store_333,WEST,,MP,,2023-09-19,RENOVATION
S0334,,CENTRAL,Hyderabad,DL,India,2025-11-04,
S0335,Store_335,SOUTH,Hyderabad,,India,,OPEN
S0336,,EAST,Mumbai,MH,India,2024-10-27,
S0337,Store_337,CENTRAL,Indore,WB,,2026-01-18,
,Store_338,CENTRAL,Delhi,DL,India,,OPEN
S0339,Store_339,EAST,,MH,India,2021-02-20,
S0340,,,Indore,TN,India,2025-07-31,CLOSED
S0341,Store_341,CENTRAL,Kolkata,,India,2022-07-07,
S0342,Store_342,,Kolkata,MH,India,,OPEN
S0343,Store_343,,Indore,,India,2025-12-28,OPEN
S0344,Store_344,NORTH,Kolkata,,India,2023-03-21,
S0345,Store_345,EAST,,,India,2021-03-30,RENOVATION
,Store_346,NORTH,Kolkata,MP,India,2023-06-19,
S0347,,SOUTH,Mumbai,KL,,2021-05-10,RENOVATION
S0348,,SOUTH,Hyderabad,,India,2025-10-26,OPEN
S0349,,CENTRAL,Pune,,India,2021-05-22,RENOVATION
,Store_350,NORTH,Delhi,,India,2024-04-24,OPEN
S0351,,EAST,Indore,,India,2021-09-07,CLOSED
S0352,Store_352,CENTRAL,,TS,India,,CLOSED
,Store_353,CENTRAL,Pune,WB,India,,RENOVATION
,Store_354,NORTH,,MP,India,2024-07-07,RENOVATION
,Store_355,EAST,Bengaluru,,India,2026-01-23,RENOVATION
S0356,Store_356,SOUTH,Indore,,,2022-07-03,RENOVATION
S0357,Store_357,CENTRAL,Pune,WB,,,CLOSED
S0358,Store_358,EAST,Delhi,TN,India,,
S0359,Store_359,SOUTH,,TN,India,,OPEN
,Store_360,EAST,Bengaluru,MP,India,,CLOSED
S0361,Store_361,SOUTH,Mumbai,,,2024-05-23,OPEN
S0362,Store_362,SOUTH,Kochi,RJ,,,OPEN
S0363,Store_363,EAST,Delhi,KA,India,,
,Store_364,NORTH,,WB,India,2024-06-24,RENOVATION
S0365,Store_365,,Indore,TS,,2025-05-06,OPEN
,Store_366,WEST,Hyderabad,KA,India,,RENOVATION
S0367,Store_367,,Bengaluru,RJ,India,,OPEN
S0368,Store_368,CENTRAL,Indore,MH,,2025-03-14,
,Store_369,WEST,Bengaluru,KA,India,2023-02-15,
S0370,,SOUTH,Indore,DL,India,2022-12-28,
S0371,,NORTH,Indore,MH,India,2024-01-06,
,Store_372,EAST,Chennai,,India,2024-12-08,RENOVATION
S0373,Store_373,NORTH,Jaipur,MH,,2025-10-02,
S0374,Store_374,EAST,,TN,,2022-03-24,CLOSED
S0375,Store_375,SOUTH,Kochi,MP,India,,
S0376,Store_376,EAST,,MH,India,2024-05-21,
S0377,Store_377,NORTH,Hyderabad,,India,,CLOSED
,Store_378,EAST,Kolkata,,India,2025-10-30,RENOVATION
S0379,Store_379,NORTH,Hyderabad,MH,,,CLOSED
S0380,Store_380,,Mumbai,DL,,2021-04-10,RENOVATION
,Store_381,SOUTH,Jaipur,KA,India,,CLOSED
S0382,Store_382,NORTH,Delhi,TN,,2023-11-09,
S0383,Store_383,NORTH,Kochi,,,2025-09-16,OPEN
S0384,Store_384,CENTRAL,Kolkata,,India,,RENOVATION
,Store_385,EAST,,TN,India,2023-04-24,RENOVATION
S0386,Store_386,EAST,Indore,,India,,OPEN
S0387,,CENTRAL,Indore,,India,2022-08-26,OPEN
S0388,Store_388,,Mumbai,KL,,2025-06-22,OPEN
S0389,,EAST,Delhi,MP,India,,CLOSED
,Store_390,CENTRAL,Jaipur,KA,India,2025-03-22,
S0391,Store_391,,,MH,India,2023-10-01,RENOVATION
S0392,Store_392,,Kolkata,,India,2024-07-08,CLOSED
S0393,Store_393,EAST,Kochi,WB,India,,
S0394,Store_394,EAST,,DL,,2024-11-26,RENOVATION
S0395,,EAST,,MH,India,2023-01-17,OPEN
S0396,Store_396,NORTH,Bengaluru,DL,India,,
S0397,Store_397,,Jaipur,TS,India,2022-08-13,
,Store_398,SOUTH,Bengaluru,TS,India,2025-10-13,
S0399,Store_399,,,MP,India,2025-02-08,RENOVATION
S0400,Store_400,,Delhi,KA,India,2024-01-20,
,Store_401,WEST,,KA,India,2025-02-11,CLOSED
,Store_402,NORTH,Indore,,India,2026-01-10,CLOSED
S0403,Store_403,WEST,,,India,2021-08-19,RENOVATION
S0404,,CENTRAL,Bengaluru,WB,India,,CLOSED
S0405,Store_405,EAST,,TN,India,2026-01-15,
S0406,,SOUTH,Indore,TS,India,2022-06-12,
S0407,Store_407,CENTRAL,Delhi,KL,,2022-05-11,
S0408,Store_408,,Mumbai,DL,India,,CLOSED
S0409,Store_409,,Kochi,TN,,2021-03-10,OPEN
S0410,,WEST,Mumbai,KA,,2024-02-07,RENOVATION
,Store_411,WEST,Delhi,KL,,2021-12-22,CLOSED
S0412,,EAST,Hyderabad,MH,,2022-11-09,CLOSED
S0413,Store_413,WEST,Pune,,,2026-01-21,CLOSED
S0414,Store_414,,Indore,KA,,2025-12-14,RENOVATION
S0415,Store_415,,Kolkata,RJ,India,2022-12-22,
S0416,Store_416,SOUTH,Jaipur,RJ,,2023-08-05,
S0417,Store_417,,Chennai,DL,India,2025-12-11,
,Store_418,,Kolkata,KA,India,2022-11-27,OPEN
S0419,Store_419,NORTH,,TS,India,2025-01-20,
S0420,Store_420,,,TN,India,2025-01-19,RENOVATION
S0421,,EAST,Delhi,KL,,2025-02-16,OPEN
S0422,Store_422,,Hyderabad,MP,India,,OPEN
,Store_423,CENTRAL,Jaipur,,India,2024-11-05,CLOSED
S0424,,NORTH,Mumbai,MP,India,,OPEN
S0425,Store_425,NORTH,Hyderabad,,India,,RENOVATION
S0426,Store_426,WEST,Kochi,,India,2023-12-27,
,Store_427,,Indore,KA,India,2026-01-16,RENOVATION
S0428,,CENTRAL,Kolkata,,India,2025-05-29,OPEN
S0429,Store_429,WEST,Chennai,,India,,CLOSED
S0430,Store_430,,Pune,MH,India,2021-11-18,
S0431,,SOUTH,Kochi,RJ,India,2024-01-26,
S0432,,NORTH,Mumbai,TS,India,,OPEN
,Store_433,SOUTH,Bengaluru,DL,,2024-02-21,OPEN
,Store_434,NORTH,Bengaluru,TS,India,2022-05-03,
,Store_435,SOUTH,Hyderabad,TS,,2024-09-18,CLOSED
,Store_436,NORTH,,RJ,India,2023-10-05,RENOVATION
S0437,Store_437,,,RJ,India,2023-03-07,CLOSED
S0438,Store_438,NORTH,Chennai,,India,2021-12-10,
S0439,Store_439,CENTRAL,,RJ,India,,OPEN
S0440,,SOUTH,Pune,TS,,2024-11-21,OPEN
,Store_441,SOUTH,Chennai,MH,India,2023-10-12,
S0442,,WEST,Chennai,,India,2024-06-23,OPEN
,Store_443,NORTH,Indore,DL,,2021-12-03,CLOSED
,Store_444,NORTH,Pune,,India,2024-10-08,CLOSED
,Store_445,SOUTH,Jaipur,MH,,2023-06-15,RENOVATION
S0446,,,Delhi,KA,India,2024-12-16,OPEN
S0447,,,Kochi,TS,India,2022-08-16,OPEN
,,EAST,Pune,DL,India,2021-07-05,OPEN
S0449,,SOUTH,Chennai,RJ,India,,CLOSED
S0450,,,Indore,TS,India,2022-07-31,RENOVATION
S0451,,EAST,Mumbai,DL,India,2023-08-02,
,Store_452,,Hyderabad,WB,India,2023-07-23,CLOSED
S0453,Store_453,SOUTH,Jaipur,,India,2024-01-23,
S0454,Store_454,,,TS,India,2025-09-20,CLOSED
S0455,Store_455,,Mumbai,DL,India,2025-12-23,
S0456,,WEST,Indore,KL,India,2021-11-14,
,Store_457,WEST,Hyderabad,,India,2021-08-20,OPEN
S0458,Store_458,WEST,Pune,WB,,2025-08-06,
,Store_459,,Pune,WB,India,2022-11-29,CLOSED
S0460,Store_460,EAST,,RJ,India,2023-03-31,
S0461,,,Pune,WB,India,2025-02-27,OPEN
S0462,Store_462,CENTRAL,,KA,India,2021-06-24,
,Store_463,CENTRAL,Mumbai,,India,2021-11-27,OPEN
S0464,Store_464,NORTH,,WB,India,,CLOSED
S0465,Store_465,,,TS,India,2023-04-26,RENOVATION
S0466,,CENTRAL,Delhi,KL,India,2025-03-26,
S0467,,,Hyderabad,MP,India,2025-07-16,CLOSED
,Store_468,NORTH,Hyderabad,KA,India,2024-09-15,
S0469,,WEST,Chennai,,India,2023-01-21,CLOSED
S0470,Store_470,,Pune,TN,India,2025-04-15,
S0471,Store_471,SOUTH,,WB,,2022-12-07,CLOSED
S0472,Store_472,SOUTH,Indore,WB,,,OPEN
S0473,Store_473,NORTH,,DL,India,,OPEN
S0474,Store_474,WEST,Jaipur,MH,India,,
,Store_475,CENTRAL,Mumbai,RJ,,2024-04-17,RENOVATION
S0476,Store_476,SOUTH,Hyderabad,,India,,RENOVATION
,Store_477,CENTRAL,Pune,KA,India,2022-06-14,
,Store_478,EAST,,KA,India,2022-02-16,OPEN
,Store_479,CENTRAL,,WB,India,2025-12-10,OPEN
S0480,Store_480,SOUTH,Indore,DL,,2023-09-11,
S0481,Store_481,EAST,,RJ,India,,RENOVATION
S0482,Store_482,,,MP,India,2023-10-19,OPEN
S0483,Store_483,EAST,Jaipur,TS,India,,
,Store_484,SOUTH,Bengaluru,TN,India,2024-04-02,
S0485,,,Bengaluru,MH,India,2021-05-26,RENOVATION
,Store_486,,Hyderabad,DL,India,2021-07-04,OPEN
S0487,Store_487,WEST,Delhi,,India,,RENOVATION
S0488,Store_488,CENTRAL,,TN,,2024-04-22,RENOVATION
,Store_489,,Bengaluru,RJ,India,2024-03-22,RENOVATION
S0490,Store_490,,Pune,RJ,India,2021-10-05,
S0491,Store_491,,Mumbai,KA,India,2023-12-03,
S0492,,,Mumbai,TS,India,2023-07-11,RENOVATION
S0493,,EAST,,MH,India,2024-09-04,RENOVATION
S0494,Store_494,SOUTH,,DL,India,,RENOVATION
,Store_495,WEST,Bengaluru,MP,India,2023-05-30,
S0496,Store_496,,Hyderabad,TN,India,2024-08-28,
S0497,Store_497,NORTH,,,India,2023-07-22,OPEN
S0498,,WEST,Hyderabad,,India,2021-12-20,OPEN
S0499,,EAST,,MH,India,2023-07-11,RENOVATION
S0500,Store_500,,Kochi,,India,2025-12-28,OPEN
S0501,,NORTH,Pune,TN,,2024-03-16,CLOSED
S0502,Store_502,CENTRAL,,,India,2025-08-23,OPEN
S0503,Store_503,,Jaipur,WB,India,2023-10-18,
S0504,,SOUTH,Jaipur,TN,,2024-01-05,RENOVATION
S0505,Store_505,CENTRAL,,MH,,2024-08-11,OPEN
S0506,Store_506,NORTH,Bengaluru,MP,,,OPEN
S0507,Store_507,SOUTH,Mumbai,,,2022-07-21,CLOSED
S0508,Store_508,CENTRAL,Kolkata,MH,,2025-09-14,
,Store_509,,Bengaluru,MP,India,2022-11-28,RENOVATION
,Store_510,SOUTH,Kochi,,India,2024-07-29,RENOVATION
S0511,Store_511,,Indore,TS,India,,RENOVATION
S0512,Store_512,,Jaipur,,India,2024-09-28,CLOSED
,,SOUTH,Indore,KL,India,2021-11-19,OPEN
S0514,Store_514,CENTRAL,,RJ,,2023-05-21,CLOSED
S0515,Store_515,CENTRAL,Indore,RJ,India,,
S0516,Store_516,WEST,Delhi,,India,,CLOSED
S0517,Store_517,CENTRAL,,TS,,2024-09-28,CLOSED
S0518,Store_518,,Jaipur,MH,,2024-01-30,RENOVATION
S0519,,NORTH,Indore,TN,,2025-05-03,OPEN
S0520,,NORTH,Mumbai,TN,,2021-11-19,RENOVATION
S0521,,,Delhi,MH,India,2021-06-04,CLOSED
S0522,Store_522,,,WB,India,2022-09-27,OPEN
S0523,,NORTH,Bengaluru,MP,India,2021-12-02,
S0524,,EAST,Mumbai,RJ,India,,OPEN
S0525,Store_525,WEST,Kochi,WB,India,,
S0526,,CENTRAL,,KA,India,2022-08-18,OPEN
S0527,Store_527,,Bengaluru,MP,India,,OPEN
S0528,,,Delhi,WB,India,2024-09-03,CLOSED
S0529,,,Pune,KL,India,2023-02-06,OPEN
S0530,,NORTH,Indore,KL,India,2021-11-08,
,Store_531,WEST,Pune,WB,,2022-02-19,RENOVATION
S0532,Store_532,EAST,Jaipur,DL,India,,
,Store_533,CENTRAL,Bengaluru,,India,2022-10-06,CLOSED
S0534,Store_534,,Bengaluru,WB,India,2023-09-28,
S0535,Store_535,SOUTH,Chennai,MH,,2024-03-11,
S0536,Store_536,SOUTH,Hyderabad,,,2024-03-08,OPEN
S0537,Store_537,NORTH,Bengaluru,RJ,,2023-07-01,
,Store_538,NORTH,Chennai,MH,India,,CLOSED
S0539,Store_539,WEST,,TS,India,,RENOVATION
S0540,,EAST,Kolkata,,India,2023-10-21,RENOVATION
,Store_541,,Kochi,KA,India,2024-04-21,CLOSED
S0542,Store_542,SOUTH,Hyderabad,,,2023-01-03,CLOSED
S0543,,SOUTH,Mumbai,,India,2021-05-18,RENOVATION
S0544,,,Jaipur,TS,India,2024-12-23,CLOSED
,,EAST,Jaipur,MP,India,2025-07-27,CLOSED
S0546,Store_546,NORTH,,WB,India,2022-03-17,
S0547,,NORTH,Indore,MP,India,2025-01-27,
S0548,Store_548,,Pune,MH,India,,RENOVATION
S0549,,CENTRAL,Kochi,RJ,India,,OPEN
,,NORTH,Jaipur,TN,India,2021-11-20,CLOSED
,Store_551,,Hyderabad,TS,India,2024-06-29,OPEN
,Store_552,EAST,Mumbai,RJ,,2021-12-01,RENOVATION
S0553,Store_553,SOUTH,Pune,,India,2022-05-18,
S0554,Store_554,SOUTH,,MP,,2025-12-03,RENOVATION
S0555,Store_555,CENTRAL,,WB,India,2024-11-08,
S0556,Store_556,WEST,,RJ,India,2021-07-31,
,Store_557,,Bengaluru,MP,India,2022-07-28,CLOSED
S0558,Store_558,NORTH,,DL,,2025-02-25,OPEN
S0559,,NORTH,Bengaluru,KL,India,,RENOVATION
S0560,,EAST,,WB,India,2024-08-03,CLOSED
S0561,Store_561,SOUTH,Kochi,KL,,,CLOSED
S0562,Store_562,,Chennai,,India,2022-01-17,CLOSED
S0563,Store_563,WEST,Indore,TS,,2023-05-11,
S0564,Store_564,,,KL,India,2024-03-30,RENOVATION
S0565,Store_565,EAST,Delhi,,India,,OPEN
S0566,Store_566,SOUTH,,KA,India,,RENOVATION
S0567,,EAST,Chennai,,India,2025-08-27,OPEN
S0568,Store_568,SOUTH,,,India,2023-05-23,CLOSED
S0569,,EAST,Chennai,TS,India,,OPEN
S0570,,CENTRAL,Delhi,WB,,2022-01-31,CLOSED
S0571,Store_571,,Bengaluru,TN,,2024-04-04,RENOVATION
S0572,,EAST,Pune,RJ,,2024-02-28,CLOSED
S0573,Store_573,SOUTH,Kolkata,KA,,2024-07-30,
S0574,Store_574,,Bengaluru,RJ,,2022-04-17,CLOSED
S0575,,SOUTH,Chennai,TS,,2023-02-20,RENOVATION
,Store_576,,Bengaluru,DL,India,2021-06-04,OPEN
S0577,Store_577,EAST,,,India,2023-08-18,CLOSED
,Store_578,,Kolkata,TS,India,2025-01-21,OPEN
S0579,Store_579,CENTRAL,Delhi,MH,,2024-10-09,
S0580,Store_580,,Indore,RJ,India,,OPEN
S0581,Store_581,CENTRAL,Hyderabad,,India,2023-05-03,
S0582,Store_582,,Kochi,DL,India,,CLOSED
S0583,,NORTH,,MP,India,2024-04-06,RENOVATION
S0584,Store_584,,Hyderabad,WB,India,2021-08-28,
S0585,,NORTH,Kochi,MP,,2023-06-23,OPEN
,Store_586,EAST,,MP,India,2023-11-05,RENOVATION
,Store_587,NORTH,Indore,,India,2024-10-12,OPEN
S0588,Store_588,NORTH,,,India,2023-06-12,OPEN
S0589,Store_589,CENTRAL,Mumbai,WB,,,CLOSED
S0590,,EAST,Kolkata,MP,,2023-07-17,RENOVATION
,,CENTRAL,Hyderabad,RJ,India,2024-06-23,OPEN
S0592,,CENTRAL,Kolkata,RJ,,2022-08-24,OPEN
S0593,,WEST,Mumbai,KL,India,2022-10-22,
S0594,Store_594,,Pune,MP,,2023-07-28,CLOSED
S0595,Store_595,NORTH,Mumbai,DL,India,,
S0596,,NORTH,Pune,KL,India,2024-06-17,
S0597,,WEST,Delhi,RJ,India,,OPEN
S0598,Store_598,CENTRAL,,TN,India,,OPEN
S0599,,EAST,Kochi,TN,,2021-09-16,CLOSED
S0600,Store_600,NORTH,Pune,,India,,CLOSED
S0601,Store_601,,Hyderabad,TN,India,,CLOSED
S0602,Store_602,WEST,Kochi,,,2021-05-17,RENOVATION
S0603,Store_603,,,MP,India,2025-01-10,OPEN
S0604,,NORTH,Pune,TS,India,2022-08-02,
,Store_605,WEST,,TN,India,2023-05-22,RENOVATION
S0606,Store_606,WEST,Chennai,RJ,,,OPEN
S0607,,NORTH,,RJ,India,2024-11-28,CLOSED
S0608,Store_608,EAST,Indore,,,2021-06-16,RENOVATION
,Store_609,EAST,,RJ,India,2025-06-18,OPEN
S0610,Store_610,EAST,,MH,India,,OPEN
S0611,Store_611,SOUTH,,KA,,2025-07-03,CLOSED
S0612,Store_612,CENTRAL,Pune,,India,,RENOVATION
S0613,Store_613,CENTRAL,Hyderabad,KL,,,OPEN
S0614,,SOUTH,,MH,India,2023-02-17,OPEN
S0615,,SOUTH,,DL,India,2025-05-19,CLOSED
,Store_616,CENTRAL,,KL,India,2023-08-17,RENOVATION
S0617,Store_617,CENTRAL,Jaipur,,,2022-09-12,OPEN
S0618,,EAST,Indore,MH,India,2024-02-22,
S0619,Store_619,NORTH,Indore,DL,India,,
S0620,Store_620,,Hyderabad,TN,India,,CLOSED
S0621,Store_621,WEST,Hyderabad,,India,,CLOSED
S0622,,NORTH,Chennai,RJ,,2023-09-15,CLOSED
,Store_623,CENTRAL,,WB,India,2024-01-16,RENOVATION
S0624,,WEST,Kochi,,India,2025-10-27,RENOVATION
,Store_625,EAST,Jaipur,WB,,2025-05-14,CLOSED
S0626,,,Jaipur,WB,India,2022-09-26,CLOSED
,Store_627,CENTRAL,Indore,,India,2023-01-06,CLOSED
S0628,,CENTRAL,Delhi,MH,India,2023-07-21,
S0629,,WEST,,WB,India,2021-03-27,RENOVATION
S0630,Store_630,,Kochi,KA,India,2022-10-12,
S0631,,WEST,Indore,KL,India,,CLOSED
,Store_632,WEST,Delhi,,India,2021-10-10,OPEN
S0633,,SOUTH,Pune,KA,India,,CLOSED
S0634,Store_634,NORTH,,TS,,2023-12-22,OPEN
S0635,Store_635,EAST,,MP,,2025-09-29,OPEN
,Store_636,SOUTH,Mumbai,DL,,2021-08-16,CLOSED
S0637,Store_637,CENTRAL,Pune,,India,2024-01-25,
S0638,Store_638,SOUTH,Chennai,RJ,,2024-01-09,
,Store_639,WEST,Kolkata,,India,2022-04-04,RENOVATION
S0640,Store_640,EAST,,KL,India,,RENOVATION
S0641,Store_641,EAST,,WB,,2023-06-10,OPEN
S0642,Store_642,,Indore,KA,India,2025-05-01,
,Store_643,CENTRAL,Hyderabad,MP,,2024-10-18,RENOVATION
,Store_644,NORTH,Hyderabad,RJ,India,2024-03-06,
S0645,Store_645,,Bengaluru,WB,India,,OPEN
,Store_646,EAST,,DL,India,2025-03-05,CLOSED
S0647,Store_647,NORTH,,KL,India,,CLOSED
S0648,,WEST,,TN,India,2024-05-28,CLOSED
,Store_649,NORTH,Jaipur,MP,,2023-05-04,RENOVATION
S0650,Store_650,SOUTH,Pune,TN,India,,
,Store_651,NORTH,Bengaluru,,India,2025-01-23,CLOSED
S0652,Store_652,EAST,Chennai,TS,India,,
,Store_653,SOUTH,,DL,India,2025-02-07,OPEN
S0654,Store_654,CENTRAL,Pune,RJ,India,,
,Store_655,EAST,Indore,TN,India,2022-02-25,
S0656,Store_656,,Kolkata,WB,India,,CLOSED
S0657,Store_657,NORTH,Jaipur,DL,India,,
S0658,Store_658,WEST,,MH,India,,CLOSED
,,WEST,Hyderabad,WB,India,2024-11-22,CLOSED
S0660,Store_660,CENTRAL,,,India,2021-02-08,OPEN
S0661,Store_661,,,TS,India,2023-02-08,CLOSED
,Store_662,WEST,Kolkata,,India,2025-10-27,RENOVATION
S0663,Store_663,EAST,,MP,,2023-06-04,RENOVATION
S0664,,SOUTH,Delhi,DL,,2026-01-06,CLOSED
S0665,,CENTRAL,Jaipur,RJ,India,2023-11-01,
S0666,Store_666,EAST,,MP,India,,OPEN
S0667,Store_667,WEST,Mumbai,DL,India,,
S0668,,WEST,,TS,India,2024-07-05,OPEN
S0669,Store_669,CENTRAL,,DL,India,,CLOSED
,Store_670,CENTRAL,Kochi,TS,,2022-12-13,OPEN
,Store_671,WEST,Kolkata,TS,India,,CLOSED
S0672,Store_672,SOUTH,Pune,,India,,CLOSED
S0673,,EAST,,MP,India,2026-01-19,CLOSED
,Store_674,SOUTH,Jaipur,DL,India,,RENOVATION
S0675,Store_675,,Jaipur,MP,India,,RENOVATION
S0676,Store_676,NORTH,Indore,TS,,,OPEN
,Store_677,WEST,Jaipur,,India,2021-10-31,OPEN
,Store_678,CENTRAL,Delhi,RJ,,2026-01-19,CLOSED
,Store_679,CENTRAL,,MP,India,2023-07-11,CLOSED
,Store_680,NORTH,Bengaluru,,India,2025-04-06,RENOVATION
S0681,Store_681,,Bengaluru,,India,2023-09-22,CLOSED
S0682,Store_682,SOUTH,Kochi,,,2024-11-10,CLOSED
S0683,Store_683,EAST,Indore,,India,,RENOVATION
,Store_684,EAST,Pune,MH,,2022-06-26,RENOVATION
S0685,Store_685,,,KL,India,2022-06-17,CLOSED
,Store_686,EAST,Chennai,KL,India,2022-07-02,
,Store_687,SOUTH,Kochi,,India,2025-04-04,OPEN
S0688,Store_688,NORTH,Bengaluru,RJ,,,OPEN
S0689,Store_689,NORTH,,MP,India,2021-11-29,
S0690,Store_690,,Kolkata,WB,India,2021-11-30,
S0691,Store_691,,Delhi,MH,India,2022-07-11,
S0692,Store_692,CENTRAL,Jaipur,,,2021-02-15,RENOVATION
,,WEST,Jaipur,TS,India,2025-03-17,CLOSED
S0694,Store_694,WEST,Hyderabad,,,2024-01-20,OPEN
S0695,,WEST,,RJ,India,2023-12-17,CLOSED
S0696,Store_696,EAST,Hyderabad,TS,,2022-04-26,
,Store_697,SOUTH,Delhi,KA,India,,RENOVATION
S0698,Store_698,SOUTH,,,India,2022-12-29,RENOVATION
S0699,Store_699,,,WB,India,2022-04-21,CLOSED
S0700,Store_700,CENTRAL,,TS,,2021-04-01,RENOVATION
S0701,Store_701,,Indore,,India,2023-11-27,OPEN
,Store_702,SOUTH,Bengaluru,RJ,India,,RENOVATION
S0703,Store_703,NORTH,Hyderabad,,India,,RENOVATION
S0704,Store_704,,,RJ,India,2025-03-11,OPEN
S0705,Store_705,EAST,Bengaluru,RJ,India,,
S0706,Store_706,CENTRAL,Indore,KL,,2024-08-17,
S0707,Store_707,CENTRAL,Kochi,TS,,,OPEN
S0708,,,Indore,KL,India,2022-11-19,CLOSED
S0709,Store_709,CENTRAL,,KA,,2024-09-21,CLOSED
S0710,Store_710,,Jaipur,TS,India,2026-01-08,
S0711,Store_711,,Hyderabad,,India,2022-05-16,RENOVATION
S0712,Store_712,,Jaipur,DL,India,2023-06-19,
S0713,Store_713,SOUTH,,,India,2024-01-04,RENOVATION
S0714,Store_714,CENTRAL,Indore,MH,,,RENOVATION
S0715,Store_715,,,KL,India,2025-06-07,OPEN
S0716,Store_716,,,MP,India,2021-03-21,RENOVATION
S0717,Store_717,,Chennai,,India,2022-03-05,RENOVATION
S0718,Store_718,,,TS,India,2023-07-20,RENOVATION
S0719,Store_719,,,RJ,India,2021-07-30,RENOVATION
S0720,Store_720,CENTRAL,,,India,2025-06-18,CLOSED
S0721,Store_721,,Jaipur,MP,India,,RENOVATION
S0722,Store_722,EAST,,MH,India,,RENOVATION
,,NORTH,Pune,MH,India,2024-08-19,CLOSED
S0724,Store_724,CENTRAL,Kolkata,,,2024-11-23,OPEN
S0725,Store_725,,,TN,India,2022-02-06,RENOVATION
S0726,Store_726,EAST,Indore,,India,,CLOSED
S0727,Store_727,EAST,Indore,,India,2023-05-03,
S0728,Store_728,WEST,,RJ,India,,CLOSED
S0729,Store_729,,Indore,DL,,2024-02-05,RENOVATION
,Store_730,EAST,Bengaluru,WB,,2024-03-20,CLOSED
S0731,,,Indore,KA,India,2022-08-17,RENOVATION
S0732,Store_732,NORTH,Pune,,,2021-12-12,OPEN
,Store_733,,Hyderabad,TN,India,2022-02-11,OPEN
S0734,Store_734,CENTRAL,Bengaluru,,,2021-12-01,RENOVATION
S0735,Store_735,NORTH,,,India,2025-05-26,OPEN
S0736,,,Jaipur,TS,India,2025-09-20,OPEN
S0737,Store_737,,Bengaluru,RJ,India,,OPEN
S0738,,WEST,Hyderabad,DL,India,2025-12-25,
S0739,,CENTRAL,Kochi,RJ,India,,CLOSED
S0740,Store_740,NORTH,Jaipur,,India,,RENOVATION
S0741,Store_741,WEST,,WB,India,,RENOVATION
S0742,Store_742,NORTH,,MH,India,,OPEN
S0743,Store_743,EAST,Mumbai,RJ,,2022-10-11,
S0744,Store_744,NORTH,,,India,2022-02-21,OPEN
S0745,,EAST,,KL,India,2025-03-04,RENOVATION
S0746,,SOUTH,Pune,MP,India,,RENOVATION
S0747,Store_747,WEST,Chennai,,,2021-12-12,OPEN
S0748,,WEST,Chennai,MH,India,,CLOSED
S0749,,EAST,Chennai,MP,,2022-01-08,CLOSED
,Store_750,WEST,Kochi,MP,,2025-10-10,CLOSED
,Store_751,NORTH,,KL,India,2025-09-05,OPEN
,,NORTH,Kochi,MP,India,2023-05-07,CLOSED
S0753,Store_753,WEST,Chennai,MH,,,OPEN
S0754,Store_754,CENTRAL,,TN,,2025-04-03,RENOVATION
S0755,,,Kolkata,TN,India,2023-03-04,RENOVATION
S0756,Store_756,,Indore,TN,India,2023-11-18,
S0757,,EAST,,TN,India,2021-05-25,RENOVATION
S0758,Store_758,CENTRAL,Pune,,,2022-02-25,RENOVATION
S0759,,EAST,Jaipur,DL,India,2023-12-31,
,Store_760,EAST,Hyderabad,MH,India,,CLOSED
S0761,Store_761,,Hyderabad,MP,India,2021-04-28,
,Store_762,NORTH,Bengaluru,,India,2021-03-02,RENOVATION
S0763,Store_763,,Mumbai,MH,,2022-03-16,RENOVATION
S0764,Store_764,NORTH,,KL,India,,CLOSED
S0765,Store_765,,Mumbai,KL,India,,OPEN
S0766,Store_766,,,MH,India,2022-11-25,RENOVATION
S0767,,,Jaipur,MH,India,2023-10-21,CLOSED
S0768,Store_768,WEST,,TS,India,,RENOVATION
S0769,Store_769,CENTRAL,Chennai,,India,,OPEN
,,SOUTH,Jaipur,MP,India,2022-08-01,OPEN
S0771,,EAST,Hyderabad,WB,India,,CLOSED
S0772,Store_772,,,KL,India,2025-08-29,OPEN
,Store_773,EAST,,TS,India,2022-03-02,OPEN
S0774,,CENTRAL,Hyderabad,,India,2022-10-13,RENOVATION
,Store_775,SOUTH,Mumbai,,India,2021-02-16,CLOSED
S0776,Store_776,EAST,Jaipur,TN,,,CLOSED
S0777,,CENTRAL,Pune,TS,,2021-10-26,CLOSED
,Store_778,SOUTH,Kolkata,TS,India,,CLOSED
,Store_779,WEST,Delhi,KA,India,,OPEN
S0780,Store_780,,Chennai,TS,India,2023-07-01,
S0781,Store_781,NORTH,Kochi,,,2021-10-24,RENOVATION
S0782,Store_782,,Pune,WB,,2024-07-17,RENOVATION
,Store_783,SOUTH,,MH,India,2024-07-20,OPEN
,Store_784,CENTRAL,Chennai,MP,India,2025-12-09,
,Store_785,CENTRAL,,RJ,India,2024-08-19,RENOVATION
S0786,Store_786,,,DL,India,2023-10-19,CLOSED
,Store_787,SOUTH,Indore,KA,,2022-05-07,RENOVATION
S0788,Store_788,WEST,,RJ,India,2024-07-27,
,Store_789,,Bengaluru,MP,India,2023-02-22,OPEN
S0790,,NORTH,,TS,India,2025-06-25,RENOVATION
S0791,Store_791,CENTRAL,Mumbai,,India,,OPEN
,Store_792,EAST,Hyderabad,,India,2021-03-17,CLOSED
S0793,Store_793,,,MP,India,2026-02-01,CLOSED
S0794,Store_794,EAST,Pune,WB,,,CLOSED
,,NORTH,Jaipur,WB,India,2024-09-11,OPEN
S0796,Store_796,,Mumbai,,India,2022-07-07,CLOSED
S0797,Store_797,CENTRAL,Delhi,KA,India,,
S0798,Store_798,WEST,Delhi,,,2024-10-21,OPEN
,Store_799,NORTH,Hyderabad,,India,2025-06-28,OPEN
,Store_800,WEST,Indore,MP,India,,CLOSED
S0801,Store_801,WEST,Hyderabad,,,2024-09-27,RENOVATION
S0802,Store_802,,,TN,India,2024-09-29,OPEN
,Store_803,,Indore,KL,India,2022-01-19,OPEN
S0804,Store_804,EAST,Indore,,India,2023-06-13,
S0805,,WEST,Kochi,TS,,2024-04-18,CLOSED
S0806,Store_806,EAST,,WB,India,,RENOVATION
S0807,,SOUTH,Indore,DL,,2025-05-11,RENOVATION
S0808,Store_808,CENTRAL,Mumbai,,India,,RENOVATION
,Store_809,,Chennai,KA,India,2025-11-09,OPEN
S0810,,WEST,Indore,RJ,,2023-05-15,OPEN
S0811,Store_811,SOUTH,Pune,RJ,,2025-11-12,
S0812,,SOUTH,Delhi,MP,India,2022-05-21,
,Store_813,SOUTH,Jaipur,MP,,2024-11-16,CLOSED
S0814,Store_814,WEST,,,India,2025-03-05,RENOVATION
S0815,Store_815,NORTH,Bengaluru,,India,2023-03-30,
,,NORTH,Pune,MP,India,2022-10-11,CLOSED
S0817,Store_817,CENTRAL,,KL,,2024-08-11,RENOVATION
S0818,Store_818,WEST,Bengaluru,RJ,India,,
S0819,Store_819,,,KL,India,2025-06-02,CLOSED
S0820,Store_820,NORTH,,TN,India,,CLOSED
S0821,,CENTRAL,Hyderabad,KL,,2025-11-24,OPEN
S0822,,SOUTH,,MP,India,2022-10-25,OPEN
S0823,Store_823,EAST,Jaipur,KA,,2022-07-24,
,Store_824,,Chennai,KA,India,2021-12-23,RENOVATION
S0825,Store_825,,Indore,MP,India,,OPEN
,Store_826,SOUTH,Pune,TS,India,,RENOVATION
S0827,Store_827,CENTRAL,Hyderabad,MH,India,,
S0828,,NORTH,Pune,MH,India,2023-12-04,
S0829,,,Hyderabad,RJ,India,2021-02-09,OPEN
S0830,,WEST,Kolkata,KL,India,2023-04-22,
S0831,Store_831,EAST,Kochi,MP,,2025-06-07,
,Store_832,WEST,Indore,,India,2023-04-24,CLOSED
S0833,Store_833,,,MP,India,2024-02-23,OPEN
S0834,,EAST,Kochi,,India,2023-12-13,CLOSED
S0835,Store_835,SOUTH,Indore,TN,India,,
S0836,Store_836,EAST,,WB,,2021-04-22,CLOSED
,,CENTRAL,Jaipur,TN,India,2023-01-05,CLOSED
S0838,Store_838,,Delhi,,India,2024-05-06,OPEN
,Store_839,CENTRAL,,DL,India,2024-06-24,RENOVATION
S0840,Store_840,,Delhi,RJ,,2023-01-06,CLOSED
S0841,Store_841,NORTH,Hyderabad,WB,,,CLOSED
S0842,,NORTH,Kolkata,TN,,2024-06-05,OPEN
S0843,,NORTH,,MH,India,2023-11-30,RENOVATION
S0844,Store_844,CENTRAL,,MH,India,,RENOVATION
S0845,Store_845,SOUTH,Indore,MH,,,OPEN
,Store_846,CENTRAL,Mumbai,KA,,2023-02-05,RENOVATION
S0847,Store_847,NORTH,Mumbai,WB,India,,
,Store_848,WEST,Kochi,MH,,2023-11-02,CLOSED
S0849,Store_849,WEST,Indore,,India,,RENOVATION
S0850,Store_850,EAST,Jaipur,WB,,,RENOVATION
S0851,Store_851,,Mumbai,MP,India,,RENOVATION
S0852,Store_852,CENTRAL,Jaipur,,India,,CLOSED
,Store_853,SOUTH,Pune,,India,2022-08-22,OPEN
S0854,Store_854,,Bengaluru,KL,India,,OPEN
,Store_855,EAST,Kolkata,MH,,2021-03-21,CLOSED
S0856,Store_856,CENTRAL,Hyderabad,,India,2025-07-26,
S0857,Store_857,CENTRAL,Delhi,,India,,OPEN
,Store_858,EAST,Pune,,India,2021-09-27,OPEN
S0859,Store_859,EAST,Hyderabad,TS,India,,
S0860,Store_860,EAST,,,India,2025-06-03,CLOSED
S0861,Store_861,WEST,,,India,2025-08-01,CLOSED
S0862,Store_862,NORTH,,DL,India,2021-04-01,
,Store_863,EAST,Jaipur,MP,,2022-08-26,CLOSED
,Store_864,,Kolkata,KL,India,2023-06-05,CLOSED
S0865,Store_865,,Chennai,TN,India,2024-03-19,
,Store_866,,Chennai,MP,India,2024-11-29,OPEN
S0867,Store_867,CENTRAL,Indore,RJ,India,,
S0868,Store_868,,Delhi,MH,India,2021-07-11,
S0869,,,Bengaluru,TN,India,2023-06-07,OPEN
,Store_870,NORTH,Pune,,India,2021-05-09,CLOSED
S0871,,SOUTH,Bengaluru,MH,,2021-03-05,RENOVATION
S0872,Store_872,,Kochi,MH,,2023-08-02,OPEN
,Store_873,WEST,,KL,India,2021-06-29,RENOVATION
S0874,,CENTRAL,Hyderabad,RJ,India,2025-04-11,
S0875,Store_875,NORTH,,,India,2025-02-05,OPEN
S0876,Store_876,NORTH,,MP,,2023-05-16,CLOSED
S0877,,EAST,Indore,WB,India,,OPEN
S0878,Store_878,,Hyderabad,MH,India,2021-08-06,
S0879,Store_879,EAST,Pune,,India,2022-12-09,
S0880,,CENTRAL,Chennai,TS,India,2025-08-26,
S0881,Store_881,CENTRAL,Delhi,,,2024-09-08,CLOSED
S0882,Store_882,EAST,Chennai,KL,,2023-07-22,
S0883,Store_883,,Kolkata,KA,India,,RENOVATION
S0884,,WEST,Indore,KL,India,2022-12-01,
,,WEST,Indore,KA,India,2024-08-25,OPEN
,Store_886,SOUTH,Indore,KA,India,,OPEN
S0887,,CENTRAL,Bengaluru,DL,India,,CLOSED
S0888,Store_888,,Indore,MH,,2025-01-17,OPEN
S0889,Store_889,,Indore,WB,India,,RENOVATION
S0890,Store_890,SOUTH,,KA,India,,OPEN
S0891,Store_891,,,MH,India,2026-01-15,OPEN
S0892,Store_892,NORTH,,WB,India,2022-01-19,
,Store_893,NORTH,Indore,MH,India,2024-06-04,
,Store_894,EAST,,RJ,India,2025-07-24,OPEN
S0895,Store_895,NORTH,Jaipur,,,2021-03-25,CLOSED
,Store_896,EAST,Pune,MP,India,2025-03-12,
S0897,,NORTH,Kochi,WB,India,2025-03-06,
S0898,Store_898,WEST,,,India,2023-12-20,OPEN
S0899,,EAST,Kolkata,RJ,India,,OPEN
S0900,,EAST,Bengaluru,MH,India,,CLOSED
S0901,Store_901,CENTRAL,Pune,KL,India,,
S0902,Store_902,SOUTH,Kolkata,,India,2023-09-24,
,Store_903,NORTH,Pune,MH,,2023-10-13,RENOVATION
S0904,Store_904,WEST,,DL,India,,RENOVATION
S0905,Store_905,,Hyderabad,,India,2022-12-13,OPEN
S0906,,SOUTH,Hyderabad,MP,India,2024-11-26,
S0907,Store_907,,,MP,India,2021-12-11,CLOSED
S0908,Store_908,SOUTH,Hyderabad,,India,2023-11-04,
S0909,,CENTRAL,Kochi,MH,India,2021-12-16,
S0910,Store_910,CENTRAL,Kochi,RJ,India,,
S0911,Store_911,CENTRAL,,MP,India,2025-06-26,
S0912,Store_912,WEST,,MH,,2021-04-29,RENOVATION
S0913,Store_913,SOUTH,Jaipur,,India,,OPEN
S0914,,SOUTH,Chennai,KA,India,2023-10-06,
S0915,Store_915,EAST,Indore,,India,2025-03-04,
S0916,,SOUTH,Kolkata,WB,India,2024-04-18,
S0917,Store_917,,,MH,India,2024-01-15,RENOVATION
S0918,Store_918,NORTH,Indore,,India,2024-07-21,
S0919,Store_919,EAST,Delhi,KA,India,,
,,EAST,Hyderabad,DL,India,2021-10-21,CLOSED
,Store_921,EAST,Jaipur,,India,2024-10-31,OPEN
S0922,,SOUTH,Jaipur,WB,India,,RENOVATION
S0923,Store_923,,Hyderabad,KA,India,,RENOVATION
S0924,,EAST,Kochi,MH,India,2021-12-06,
S0925,,,Chennai,TN,India,2025-02-18,CLOSED
S0926,,,Kolkata,KL,India,2023-08-16,CLOSED
S0927,Store_927,SOUTH,,WB,India,,RENOVATION
,Store_928,,Indore,KL,India,2025-06-21,OPEN
S0929,Store_929,NORTH,,,India,2025-02-21,CLOSED
S0930,,,Pune,TN,India,2024-09-24,RENOVATION
S0931,,,Pune,RJ,India,2021-09-07,RENOVATION
,,EAST,Pune,KA,India,2024-01-11,OPEN
,Store_933,NORTH,Indore,,India,2022-08-08,RENOVATION
S0934,Store_934,NORTH,Jaipur,,,2021-05-30,RENOVATION
S0935,Store_935,,Chennai,MH,India,,CLOSED
S0936,Store_936,NORTH,Bengaluru,,,2024-12-06,OPEN
,Store_937,WEST,Pune,KL,,2021-11-07,RENOVATION
S0938,,CENTRAL,,MH,India,2021-04-03,RENOVATION
,Store_939,WEST,,RJ,India,2026-01-19,CLOSED
,Store_940,SOUTH,,MP,India,2023-12-02,RENOVATION
S0941,Store_941,CENTRAL,Bengaluru,KA,India,,
S0942,Store_942,WEST,,RJ,India,2022-11-24,
S0943,Store_943,EAST,Jaipur,DL,,,RENOVATION
S0944,Store_944,NORTH,Chennai,TS,India,,
S0945,Store_945,EAST,,KL,India,,RENOVATION
S0946,,NORTH,,TN,India,2025-05-15,CLOSED
,Store_947,WEST,Jaipur,DL,,2023-04-28,RENOVATION
,Store_948,CENTRAL,Bengaluru,TN,,2022-05-12,CLOSED
,Store_949,,Kolkata,KL,India,2021-12-13,RENOVATION
S0950,,WEST,Kolkata,TN,,2021-11-07,RENOVATION
S0951,,SOUTH,Kolkata,KA,India,,RENOVATION
S0952,Store_952,SOUTH,Indore,TN,,2026-01-16,
,Store_953,SOUTH,Jaipur,MP,India,2024-12-14,
,Store_954,WEST,Kochi,TN,India,2025-04-22,
S0955,Store_955,NORTH,Chennai,,India,,RENOVATION
S0956,Store_956,SOUTH,,MP,India,2024-08-15,
,Store_957,WEST,Kolkata,,India,2021-04-09,RENOVATION
S0958,,WEST,Jaipur,KL,,2024-06-28,OPEN
,Store_959,CENTRAL,Kochi,MH,India,,CLOSED
S0960,Store_960,,Delhi,,India,2022-03-01,RENOVATION
,Store_961,SOUTH,Pune,RJ,India,,RENOVATION
,Store_962,SOUTH,Delhi,MP,India,2023-02-15,
S0963,Store_963,,Bengaluru,TN,India,,OPEN
S0964,Store_964,CENTRAL,,WB,,2021-03-08,RENOVATION
S0965,Store_965,SOUTH,,DL,,2022-05-26,RENOVATION
S0966,Store_966,,,TS,India,2022-06-30,RENOVATION
S0967,Store_967,CENTRAL,Pune,MH,,2025-07-18,
S0968,,WEST,,KL,India,2021-08-21,CLOSED
S0969,Store_969,EAST,,DL,,2024-12-07,RENOVATION
S0970,,WEST,Delhi,,India,2024-11-21,RENOVATION
S0971,,SOUTH,Mumbai,,India,2023-01-09,RENOVATION
S0972,Store_972,,Pune,KL,,2021-05-19,CLOSED
S0973,Store_973,,Kolkata,WB,,2025-03-13,OPEN
,Store_974,EAST,Mumbai,MP,India,,OPEN
,Store_975,SOUTH,,MP,India,2022-05-27,RENOVATION
S0976,Store_976,NORTH,,TS,,2022-11-15,CLOSED
S0977,Store_977,NORTH,Kolkata,MP,India,,
S0978,Store_978,SOUTH,,DL,India,,OPEN
,Store_979,NORTH,Kolkata,RJ,India,2024-07-06,
,,CENTRAL,Kochi,WB,India,2023-08-26,OPEN
S0981,Store_981,WEST,,DL,,2022-09-03,RENOVATION
S0982,,SOUTH,Kochi,KL,,2022-07-14,OPEN
,Store_983,EAST,Mumbai,WB,India,,OPEN
S0984,Store_984,SOUTH,Indore,KL,,,CLOSED
S0985,Store_985,,Pune,TS,India,,CLOSED
S0986,Store_986,EAST,Bengaluru,MH,India,,
S0987,Store_987,CENTRAL,Delhi,,India,,OPEN
S0988,Store_988,,Chennai,RJ,India,,CLOSED
S0989,,SOUTH,Delhi,KA,India,2025-06-24,
S0990,,SOUTH,Pune,KL,,2023-11-25,CLOSED
S0991,Store_991,NORTH,Delhi,MP,,2023-08-21,
S0992,,NORTH,Delhi,TN,India,2025-09-07,
S0993,Store_993,NORTH,,RJ,India,,CLOSED
S0994,Store_994,SOUTH,,WB,India,2022-09-06,
S0995,Store_995,CENTRAL,,DL,,2024-04-01,OPEN
S0996,Store_996,SOUTH,Kolkata,DL,,2021-10-31,
S0997,Store_997,SOUTH,Indore,,India,,OPEN
,Store_998,CENTRAL,Kolkata,DL,India,2024-07-21,
,Store_999,WEST,Indore,,India,2023-02-03,CLOSED
,Store_1000,,Delhi,TS,India,2024-07-14,OPEN
S1001,Store_1001,WEST,,RJ,India,,OPEN
S1002,Store_1002,NORTH,,,India,2023-08-17,OPEN
S1003,,,Kolkata,WB,India,2024-04-21,OPEN
,,NORTH,Jaipur,MP,India,2024-05-23,CLOSED
S1005,Store_1005,,Mumbai,,India,2021-02-09,OPEN
S1006,,WEST,Jaipur,WB,India,,CLOSED
S1007,Store_1007,EAST,,TS,India,,RENOVATION
S1008,Store_1008,WEST,,,India,2023-03-01,CLOSED
,Store_1009,,Pune,TN,India,2024-07-25,CLOSED
S1010,Store_1010,,Kolkata,,India,2023-12-23,OPEN
S1011,,,Bengaluru,DL,India,2023-06-19,RENOVATION
S1012,Store_1012,NORTH,,RJ,,2025-10-02,CLOSED
S1013,,NORTH,,MH,India,2021-09-25,OPEN
S1014,,WEST,Indore,MP,,2021-08-30,CLOSED
S1015,,SOUTH,,KA,India,2023-01-09,OPEN
S1016,Store_1016,EAST,,,India,2025-02-09,CLOSED
S1017,Store_1017,CENTRAL,,MP,India,2024-12-03,
S1018,Store_1018,,,DL,India,2022-02-05,CLOSED
,Store_1019,,Chennai,MH,India,2023-02-02,OPEN
S1020,Store_1020,EAST,Jaipur,TN,,,OPEN
,Store_1021,SOUTH,Jaipur,TN,India,,OPEN
S1022,Store_1022,NORTH,Bengaluru,DL,,2022-12-11,
,Store_1023,CENTRAL,,TN,India,2024-04-25,RENOVATION
S1024,Store_1024,,Bengaluru,,India,2023-11-11,RENOVATION
,Store_1025,WEST,Hyderabad,TN,India,,OPEN
,Store_1026,SOUTH,,MP,India,2021-03-25,OPEN
S1027,Store_1027,,Jaipur,MH,India,2023-11-01,
S1028,Store_1028,EAST,Mumbai,,India,,OPEN
S1029,,SOUTH,Jaipur,RJ,India,,RENOVATION
,Store_1030,WEST,Kolkata,TS,,2024-01-12,RENOVATION
S1031,Store_1031,CENTRAL,,,India,2023-07-15,OPEN
S1032,Store_1032,,Delhi,RJ,India,,OPEN
S1033,Store_1033,CENTRAL,Indore,,,2022-05-22,CLOSED
S1034,Store_1034,EAST,Delhi,MH,India,,
S1035,Store_1035,CENTRAL,,MH,,2022-11-13,RENOVATION
S1036,Store_1036,,Pune,WB,India,,CLOSED
S1037,Store_1037,EAST,,WB,India,2022-06-06,
,Store_1038,CENTRAL,Mumbai,KL,India,2025-09-08,
S1039,,SOUTH,Pune,TN,India,,OPEN
S1040,Store_1040,WEST,,DL,India,,CLOSED
S1041,Store_1041,WEST,,,India,2025-01-16,CLOSED
,Store_1042,CENTRAL,,DL,India,2021-08-24,OPEN
S1043,,EAST,Kochi,,India,2022-07-09,OPEN
,Store_1044,NORTH,Indore,RJ,India,2024-09-28,
S1045,Store_1045,CENTRAL,,MP,,2021-04-17,RENOVATION
,,SOUTH,Mumbai,DL,India,2025-04-30,RENOVATION
S1047,Store_1047,,,WB,India,2024-07-31,RENOVATION
S1048,Store_1048,NORTH,Hyderabad,MH,,,OPEN
S1049,,EAST,Pune,TS,,2025-12-09,OPEN
S1050,Store_1050,,Kolkata,TN,,2024-03-26,CLOSED
S1051,Store_1051,CENTRAL,,,India,2024-04-14,RENOVATION
S1052,Store_1052,SOUTH,,RJ,,2023-12-31,OPEN
S1053,,CENTRAL,Indore,WB,,2022-12-15,RENOVATION
S1054,Store_1054,CENTRAL,Jaipur,,India,2023-07-07,
S1055,,NORTH,Bengaluru,,India,2024-06-30,RENOVATION
,Store_1056,NORTH,Delhi,,India,2023-11-20,RENOVATION
S1057,Store_1057,NORTH,Bengaluru,MH,,2025-01-23,
S1058,Store_1058,,Indore,MP,,2022-11-07,OPEN
S1059,Store_1059,WEST,,,India,2023-02-12,OPEN
S1060,,WEST,Kolkata,KL,India,,CLOSED
S1061,Store_1061,EAST,Delhi,WB,India,,
S1062,Store_1062,WEST,,,India,2022-01-28,RENOVATION
,Store_1063,EAST,Delhi,WB,India,2024-04-27,
,Store_1064,SOUTH,Kolkata,TS,India,,CLOSED
S1065,Store_1065,SOUTH,Delhi,MH,,2025-03-06,
S1066,Store_1066,CENTRAL,,KA,India,,RENOVATION
S1067,,EAST,,KA,India,2022-06-08,CLOSED
,,NORTH,Pune,TS,India,2025-06-29,CLOSED
,Store_1069,EAST,Jaipur,,India,2021-11-21,CLOSED
S1070,Store_1070,NORTH,Bengaluru,WB,India,,
S1071,,SOUTH,Delhi,RJ,,2022-10-15,OPEN
S1072,Store_1072,NORTH,Pune,,India,2025-07-13,
S1073,Store_1073,CENTRAL,,RJ,India,,OPEN
S1074,Store_1074,NORTH,Indore,,India,,OPEN
S1075,Store_1075,NORTH,Mumbai,,India,2025-10-22,
S1076,Store_1076,WEST,Chennai,,India,2025-03-13,
,Store_1077,WEST,Chennai,KA,,2025-07-12,RENOVATION
,Store_1078,SOUTH,Indore,KA,,2024-03-02,RENOVATION
S1079,Store_1079,NORTH,Mumbai,WB,India,,
S1080,Store_1080,,,MH,India,2021-05-04,CLOSED
S1081,Store_1081,NORTH,Indore,,India,,OPEN
S1082,Store_1082,SOUTH,,RJ,India,,RENOVATION
S1083,Store_1083,NORTH,Kolkata,,India,,CLOSED
S1084,,NORTH,Bengaluru,MP,,2024-06-09,OPEN
S1085,Store_1085,,Chennai,TS,,2024-06-18,CLOSED
S1086,Store_1086,,Pune,,India,2022-10-13,OPEN
,Store_1087,SOUTH,Jaipur,RJ,,2022-05-14,RENOVATION
S1088,,CENTRAL,Kochi,TN,India,2023-10-07,
,Store_1089,SOUTH,Indore,,India,2026-01-17,CLOSED
,Store_1090,,Pune,TN,India,2023-08-29,OPEN
S1091,Store_1091,,Kolkata,KL,India,2022-09-08,
S1092,Store_1092,CENTRAL,Bengaluru,TN,India,,
S1093,Store_1093,WEST,Pune,KA,,2022-07-08,
S1094,,NORTH,Pune,,India,2024-11-18,OPEN
S1095,Store_1095,CENTRAL,,RJ,India,2024-08-02,
,Store_1096,CENTRAL,Delhi,DL,,2025-09-22,RENOVATION
,Store_1097,WEST,Kochi,MH,India,2021-05-29,
S1098,,EAST,Pune,MH,India,2021-12-21,
S1099,,EAST,Pune,KA,,2021-09-19,OPEN
S1100,,EAST,Hyderabad,WB,,2023-10-22,CLOSED
S1101,Store_1101,EAST,Delhi,,India,2022-01-17,
,Store_1102,,Chennai,KL,India,2023-11-03,CLOSED
S1103,Store_1103,EAST,Delhi,WB,India,,
S1104,Store_1104,NORTH,Hyderabad,,India,2024-05-02,
S1105,Store_1105,,Jaipur,,India,2021-02-25,OPEN
S1106,Store_1106,WEST,,RJ,India,,OPEN
,Store_1107,SOUTH,Pune,TS,India,,CLOSED
S1108,Store_1108,,,TS,India,2025-05-09,RENOVATION
S1109,Store_1109,EAST,Hyderabad,,India,,CLOSED
S1110,,EAST,Kolkata,TN,India,2021-10-04,
S1111,,WEST,Chennai,,India,2021-12-31,CLOSED
S1112,Store_1112,,Indore,,India,2024-11-17,OPEN
S1113,Store_1113,EAST,Delhi,WB,India,,
S1114,Store_1114,,Kochi,DL,India,,RENOVATION
,Store_1115,NORTH,Hyderabad,,India,2026-01-03,OPEN
S1116,,SOUTH,,TS,India,2022-03-23,CLOSED
S1117,Store_1117,CENTRAL,Indore,,India,,CLOSED
S1118,Store_1118,NORTH,,WB,India,2023-09-21,
S1119,Store_1119,NORTH,Jaipur,,,2025-06-15,OPEN
S1120,,EAST,Kolkata,,India,2025-04-06,CLOSED
,Store_1121,WEST,Chennai,MP,India,,RENOVATION
S1122,,,Kolkata,KL,India,2021-05-19,RENOVATION
,,SOUTH,Mumbai,RJ,India,2021-12-22,RENOVATION
S1124,Store_1124,SOUTH,Mumbai,RJ,,,RENOVATION
S1125,Store_1125,,Mumbai,KL,,2024-05-23,CLOSED
S1126,Store_1126,WEST,Pune,TS,,,OPEN
S1127,Store_1127,CENTRAL,,TS,,2021-05-24,OPEN
S1128,Store_1128,SOUTH,Delhi,RJ,,,CLOSED
S1129,Store_1129,EAST,Delhi,RJ,India,,
,Store_1130,EAST,,MH,India,2023-07-30,CLOSED
S1131,Store_1131,SOUTH,Bengaluru,,,2024-10-11,RENOVATION
,,CENTRAL,Chennai,WB,India,2025-11-14,CLOSED
S1133,Store_1133,,Jaipur,KL,India,2023-05-02,
,Store_1134,EAST,Kolkata,MP,India,,RENOVATION
S1135,Store_1135,,Kochi,KL,,2024-11-14,CLOSED
S1136,,EAST,Delhi,MP,India,2021-06-08,
S1137,Store_1137,,Bengaluru,,India,2025-03-02,RENOVATION
S1138,Store_1138,SOUTH,Pune,MP,,,OPEN
S1139,Store_1139,NORTH,,RJ,India,,OPEN
S1140,Store_1140,NORTH,Hyderabad,TN,,,RENOVATION
S1141,Store_1141,CENTRAL,Hyderabad,,,2023-10-31,RENOVATION
S1142,,,Hyderabad,KA,India,2022-02-14,RENOVATION
S1143,Store_1143,CENTRAL,Jaipur,MP,,2021-08-18,
S1144,,SOUTH,Delhi,MH,,2024-12-24,CLOSED
S1145,Store_1145,,Mumbai,TS,,2024-03-04,OPEN
,Store_1146,SOUTH,Bengaluru,,India,2023-02-09,CLOSED
S1147,,NORTH,,TN,India,2025-11-05,CLOSED
,Store_1148,EAST,,MH,India,2022-11-28,CLOSED
S1149,Store_1149,NORTH,,TN,India,,CLOSED
S1150,Store_1150,NORTH,Delhi,MP,,,CLOSED
S1151,,WEST,Pune,TN,India,2024-06-03,
S1152,,SOUTH,,KL,India,2023-01-20,CLOSED
S1153,Store_1153,NORTH,Chennai,MP,,,OPEN
,Store_1154,SOUTH,Jaipur,,India,2022-10-24,OPEN
S1155,,EAST,Delhi,RJ,India,,OPEN
,Store_1156,WEST,Kochi,DL,,2024-09-22,OPEN
S1157,Store_1157,CENTRAL,,MP,,2024-02-25,RENOVATION
S1158,,EAST,Indore,KL,India,,OPEN
S1159,Store_1159,NORTH,,TS,,2024-03-10,OPEN
S1160,Store_1160,NORTH,Bengaluru,TN,,2023-03-31,
,,SOUTH,Delhi,MH,India,2023-08-13,CLOSED
S1162,Store_1162,,,WB,India,2022-12-25,RENOVATION
S1163,Store_1163,CENTRAL,Mumbai,,,2025-07-21,RENOVATION
S1164,Store_1164,,Chennai,KL,India,2022-07-18,
S1165,,EAST,Bengaluru,,India,2025-09-15,CLOSED
S1166,Store_1166,CENTRAL,Mumbai,,India,,CLOSED
S1167,Store_1167,NORTH,,KL,,2021-09-16,RENOVATION
S1168,Store_1168,CENTRAL,,MH,India,,CLOSED
S1169,Store_1169,WEST,,,India,2025-07-14,CLOSED
S1170,Store_1170,,Delhi,DL,,2022-09-25,CLOSED
,Store_1171,CENTRAL,Delhi,,India,2022-11-21,CLOSED
S1172,Store_1172,EAST,Mumbai,WB,,2025-03-09,
S1173,Store_1173,CENTRAL,,KA,India,,OPEN
S1174,Store_1174,SOUTH,Indore,DL,India,,
S1175,Store_1175,CENTRAL,Delhi,,,2022-06-07,CLOSED
S1176,Store_1176,CENTRAL,Kochi,,,2023-04-11,RENOVATION
S1177,,WEST,,WB,India,2022-10-24,OPEN
S1178,Store_1178,SOUTH,Bengaluru,,India,2021-10-28,
S1179,Store_1179,NORTH,,MP,India,2022-05-22,
S1180,,,Jaipur,MH,India,2023-10-01,OPEN
S1181,,EAST,Kochi,,India,2022-11-19,RENOVATION
S1182,Store_1182,NORTH,,MH,India,2023-10-18,
S1183,Store_1183,,Delhi,TN,,2024-09-15,CLOSED
,Store_1184,EAST,Hyderabad,RJ,,2024-07-05,RENOVATION
,Store_1185,SOUTH,Chennai,,India,2022-02-25,CLOSED
S1186,,WEST,Jaipur,MH,,2023-06-24,OPEN
S1187,Store_1187,SOUTH,,MP,India,2023-01-16,
S1188,,,Kochi,MP,India,2022-01-05,OPEN
S1189,Store_1189,,Pune,MH,,2023-11-22,OPEN
S1190,Store_1190,WEST,Indore,MH,,2024-01-19,
S1191,Store_1191,NORTH,Jaipur,WB,India,,
S1192,Store_1192,CENTRAL,Delhi,TS,,2022-09-24,
S1193,Store_1193,WEST,,,India,2025-12-04,RENOVATION
S1194,Store_1194,EAST,Indore,,,2024-07-10,OPEN
S1195,Store_1195,EAST,Mumbai,DL,India,,
S1196,,WEST,Kochi,MH,India,2022-03-05,
S1197,Store_1197,,Pune,,India,2021-05-20,RENOVATION
S1198,Store_1198,EAST,,WB,India,2023-01-06,
S1199,,NORTH,Bengaluru,,India,2024-06-19,CLOSED
S1200,Store_1200,EAST,Hyderabad,DL,India,,
,Store_1201,,Delhi,KA,India,2024-01-30,CLOSED
S1202,Store_1202,SOUTH,Delhi,,,2022-11-27,RENOVATION
,Store_1203,CENTRAL,,MP,India,2021-07-29,CLOSED
S1204,Store_1204,NORTH,Kolkata,TS,,,CLOSED
S1205,,NORTH,Indore,KL,,2023-11-09,RENOVATION
,Store_1206,CENTRAL,Delhi,WB,India,,CLOSED
,Store_1207,CENTRAL,Hyderabad,WB,India,2021-04-03,
S1208,,WEST,Kochi,WB,India,,OPEN
S1209,Store_1209,CENTRAL,Chennai,,India,,RENOVATION
S1210,,NORTH,Chennai,KL,,2024-07-23,OPEN
S1211,Store_1211,,Bengaluru,MH,,2023-09-11,RENOVATION
,Store_1212,,Hyderabad,MP,India,2024-10-26,CLOSED
S1213,Store_1213,SOUTH,Pune,,,2024-01-07,RENOVATION
S1214,Store_1214,,Jaipur,,India,2024-10-12,OPEN
S1215,Store_1215,,,WB,India,2024-04-26,OPEN
S1216,Store_1216,SOUTH,Indore,RJ,,,OPEN
S1217,Store_1217,WEST,Chennai,WB,,2023-06-29,
S1218,Store_1218,,Mumbai,,India,2026-01-23,OPEN
S1219,Store_1219,EAST,Indore,,India,2021-05-05,
S1220,Store_1220,EAST,,WB,India,,OPEN
S1221,Store_1221,CENTRAL,,,India,2025-01-22,RENOVATION
S1222,Store_1222,,Kochi,KA,,2023-08-15,CLOSED
S1223,,CENTRAL,Kolkata,KL,India,2025-09-08,
S1224,Store_1224,,Indore,MH,India,2024-08-12,
S1225,Store_1225,,,KA,India,2024-04-14,RENOVATION
S1226,Store_1226,,,WB,India,2024-06-08,CLOSED
S1227,Store_1227,NORTH,,,India,2025-01-05,CLOSED
S1228,,EAST,,RJ,India,2023-07-10,RENOVATION
S1229,Store_1229,SOUTH,,,India,2022-12-10,RENOVATION
S1230,Store_1230,,Indore,MH,India,2021-03-17,
,,WEST,Kochi,KA,India,2023-11-25,OPEN
S1232,Store_1232,,Kolkata,RJ,India,2024-10-19,
S1233,,WEST,Hyderabad,,India,2024-12-23,OPEN
,Store_1234,CENTRAL,Indore,RJ,,2025-01-20,OPEN
,Store_1235,NORTH,Mumbai,MH,,2023-03-20,RENOVATION
S1236,Store_1236,,Mumbai,,India,2021-08-18,RENOVATION
S1237,Store_1237,SOUTH,,KL,India,,OPEN
S1238,,CENTRAL,Chennai,,India,2021-06-21,RENOVATION
S1239,Store_1239,SOUTH,Kochi,,,2021-11-15,RENOVATION
,Store_1240,EAST,Kochi,,India,2024-11-25,OPEN
,Store_1241,WEST,Kolkata,,India,2023-04-04,CLOSED
S1242,Store_1242,SOUTH,,DL,India,2024-12-20,
S1243,Store_1243,,Kolkata,MH,,2021-12-11,OPEN
,Store_1244,SOUTH,Indore,MP,India,2023-07-02,
S1245,Store_1245,SOUTH,Indore,,India,,RENOVATION
S1246,Store_1246,,Bengaluru,KA,India,2025-06-13,
S1247,Store_1247,NORTH,Bengaluru,TS,,2021-07-17,
S1248,,SOUTH,Hyderabad,WB,India,,OPEN
,Store_1249,EAST,,RJ,India,2021-07-16,RENOVATION
,Store_1250,NORTH,Bengaluru,,India,2023-09-08,CLOSED
S1251,Store_1251,,Jaipur,MH,,2022-08-20,CLOSED
S1252,,CENTRAL,Pune,RJ,,2022-10-14,CLOSED
S1253,Store_1253,WEST,Jaipur,KA,India,,
,Store_1254,CENTRAL,Pune,RJ,,2024-11-30,RENOVATION
S1255,,EAST,,WB,India,2022-02-02,RENOVATION
,Store_1256,NORTH,Jaipur,RJ,India,2024-07-10,
S1257,Store_1257,,Kochi,KA,India,,RENOVATION
S1258,Store_1258,NORTH,,TN,India,,CLOSED
S1259,,NORTH,Kochi,TS,,2024-11-23,RENOVATION
S1260,Store_1260,SOUTH,Jaipur,,,2022-11-25,CLOSED
S1261,,SOUTH,,DL,India,2023-10-20,OPEN
S1262,,,Chennai,KA,India,2021-10-15,CLOSED
S1263,Store_1263,,Kochi,MH,,2022-10-30,CLOSED
,Store_1264,,Indore,DL,India,2023-07-25,CLOSED
S1265,Store_1265,WEST,Kolkata,,India,,CLOSED
S1266,Store_1266,,Indore,DL,India,,RENOVATION
S1267,Store_1267,CENTRAL,Kolkata,TN,,,RENOVATION
S1268,,NORTH,Jaipur,WB,India,,RENOVATION
,Store_1269,CENTRAL,Kochi,TN,India,,CLOSED
,Store_1270,WEST,Delhi,TN,India,,OPEN
S1271,Store_1271,,Jaipur,DL,India,,RENOVATION
,Store_1272,NORTH,,KL,India,2023-07-24,RENOVATION
S1273,Store_1273,,,RJ,India,2023-02-20,RENOVATION
S1274,Store_1274,,Kolkata,,India,2023-04-10,OPEN
S1275,,WEST,Chennai,,India,2024-12-13,OPEN
S1276,Store_1276,,Jaipur,TN,,2022-10-25,CLOSED
,Store_1277,SOUTH,Kochi,,India,2024-05-07,CLOSED
S1278,Store_1278,,Pune,TN,India,,RENOVATION
S1279,,SOUTH,Chennai,KA,India,2024-05-10,
,Store_1280,SOUTH,Pune,WB,India,,OPEN
S1281,Store_1281,EAST,,TN,,2024-10-21,CLOSED
S1282,,,Chennai,WB,India,2023-02-02,CLOSED
,Store_1283,NORTH,Indore,TS,India,2024-11-19,
,Store_1284,SOUTH,,MP,India,2023-11-27,CLOSED
,Store_1285,,Bengaluru,MP,India,2023-09-02,RENOVATION
S1286,,EAST,Chennai,RJ,India,2022-01-07,
,Store_1287,CENTRAL,Jaipur,WB,,2022-11-07,OPEN
S1288,Store_1288,SOUTH,Kochi,MP,,,CLOSED
S1289,,EAST,Bengaluru,MH,,2023-08-06,CLOSED
,Store_1290,EAST,Bengaluru,KA,,2023-09-05,RENOVATION
S1291,Store_1291,,Kolkata,RJ,India,,CLOSED
S1292,Store_1292,,Delhi,MP,India,2021-03-11,
S1293,Store_1293,SOUTH,Delhi,,India,2022-05-25,
,Store_1294,WEST,Chennai,,India,2021-05-24,RENOVATION
S1295,Store_1295,NORTH,,WB,India,2025-06-01,
,Store_1296,EAST,Chennai,MH,India,,OPEN
S1297,Store_1297,,Hyderabad,KL,India,2021-03-18,
S1298,Store_1298,,Pune,MP,India,2021-08-11,
S1299,Store_1299,WEST,Hyderabad,,,2021-06-19,OPEN
S1300,Store_1300,NORTH,,TS,,2021-07-23,RENOVATION
,,SOUTH,Delhi,KL,India,2025-01-11,CLOSED
S1302,Store_1302,EAST,,,India,2024-01-19,OPEN
S1303,Store_1303,CENTRAL,Indore,,India,2021-08-18,
S1304,,SOUTH,Bengaluru,TN,,2024-08-25,CLOSED
,,WEST,Indore,MH,India,2026-01-15,RENOVATION
S1306,Store_1306,,Kolkata,TS,,2022-06-23,CLOSED
S1307,,SOUTH,Bengaluru,,India,2021-07-20,CLOSED
S1308,Store_1308,EAST,Chennai,TN,,,RENOVATION
S1309,Store_1309,CENTRAL,Hyderabad,,,2023-07-28,CLOSED
S1310,,NORTH,Hyderabad,WB,India,,RENOVATION
S1311,Store_1311,NORTH,,MH,India,,CLOSED
S1312,,EAST,Chennai,TN,,2023-12-14,CLOSED
S1313,,WEST,Indore,MH,,2022-04-21,RENOVATION
,,CENTRAL,Pune,WB,India,2022-07-04,CLOSED
S1315,Store_1315,WEST,,TN,India,2024-01-26,
S1316,Store_1316,,Chennai,WB,,2022-05-22,RENOVATION
S1317,,WEST,Jaipur,WB,India,2024-06-28,
S1318,,CENTRAL,Bengaluru,TN,India,2022-08-05,
S1319,Store_1319,EAST,Kochi,DL,,,CLOSED
S1320,Store_1320,NORTH,Mumbai,KL,India,,
,Store_1321,WEST,Mumbai,WB,India,,OPEN
,Store_1322,,Kolkata,MP,India,2021-11-18,CLOSED
S1323,Store_1323,NORTH,,TS,,2025-04-13,CLOSED
S1324,Store_1324,,Delhi,DL,,2021-03-17,OPEN
,Store_1325,EAST,Hyderabad,RJ,India,,CLOSED
,Store_1326,NORTH,,TN,India,2022-08-03,OPEN
S1327,Store_1327,,Indore,,India,2021-10-08,CLOSED
S1328,Store_1328,EAST,Pune,MH,,2021-09-17,
S1329,Store_1329,,,MH,India,2025-10-10,OPEN
S1330,Store_1330,WEST,Chennai,,India,,CLOSED
S1331,Store_1331,WEST,Kolkata,TS,,,OPEN
S1332,Store_1332,EAST,,KL,India,,CLOSED
,Store_1333,,Delhi,TS,India,2023-06-05,CLOSED
S1334,,WEST,Jaipur,DL,India,,OPEN
,Store_1335,CENTRAL,Hyderabad,TS,,2021-03-24,RENOVATION
,Store_1336,NORTH,,MP,India,2023-03-03,CLOSED
S1337,Store_1337,SOUTH,Bengaluru,,India,,CLOSED
S1338,,EAST,,TS,India,2021-08-19,CLOSED
S1339,Store_1339,,Jaipur,KL,India,2025-11-11,
S1340,,SOUTH,Hyderabad,RJ,India,2025-07-17,
S1341,Store_1341,NORTH,Pune,,,2021-08-04,OPEN
S1342,Store_1342,NORTH,,KL,India,2023-04-15,
,Store_1343,WEST,Jaipur,KA,India,2025-11-28,
S1344,Store_1344,CENTRAL,Kochi,,India,,OPEN
S1345,,NORTH,Kolkata,MP,India,2024-07-25,
S1346,Store_1346,,Bengaluru,,India,2022-03-16,OPEN
S1347,,CENTRAL,Pune,RJ,India,2024-01-07,
S1348,Store_1348,,Delhi,RJ,,2021-08-05,RENOVATION
S1349,Store_1349,WEST,,,India,2021-02-24,CLOSED
S1350,,SOUTH,,KA,India,2023-07-20,CLOSED
S1351,Store_1351,WEST,Kolkata,KL,India,,
S1352,Store_1352,NORTH,Chennai,,India,,CLOSED
,Store_1353,EAST,Jaipur,TS,,2023-04-21,RENOVATION
S1354,Store_1354,,Jaipur,,India,2021-07-17,CLOSED
S1355,Store_1355,,Kochi,,India,2022-08-31,OPEN
S1356,Store_1356,EAST,Hyderabad,WB,,2022-03-04,
,Store_1357,CENTRAL,Kochi,MH,India,,OPEN
S1358,Store_1358,,Mumbai,KL,,2021-06-17,CLOSED
S1359,,,Mumbai,DL,India,2022-04-16,OPEN
S1360,,NORTH,Chennai,,India,2021-08-29,OPEN
,Store_1361,WEST,,KL,India,2021-04-08,RENOVATION
S1362,,WEST,Hyderabad,MH,India,,RENOVATION
S1363,Store_1363,SOUTH,,,India,2021-04-22,OPEN
,Store_1364,WEST,Indore,MH,India,,OPEN
S1365,Store_1365,WEST,,MP,India,2025-03-01,
S1366,,,Chennai,MH,India,2021-08-11,CLOSED
S1367,,EAST,,RJ,India,2022-06-13,CLOSED
S1368,Store_1368,,Jaipur,WB,India,,RENOVATION
S1369,Store_1369,,Kochi,,India,2026-01-29,RENOVATION
S1370,Store_1370,EAST,,,India,2021-02-28,RENOVATION
S1371,Store_1371,CENTRAL,,TS,India,2022-08-18,
S1372,Store_1372,CENTRAL,Delhi,KL,India,,
S1373,Store_1373,,,DL,India,2021-11-29,RENOVATION
S1374,Store_1374,,Indore,DL,India,2021-08-05,
,Store_1375,WEST,Jaipur,WB,,2021-09-23,CLOSED
S1376,Store_1376,,Jaipur,KL,India,,CLOSED
S1377,,SOUTH,Indore,,India,2023-07-19,CLOSED
S1378,Store_1378,WEST,Hyderabad,,India,,RENOVATION
,Store_1379,SOUTH,Pune,TN,India,,CLOSED
S1380,,WEST,Jaipur,RJ,,2023-07-25,OPEN
,Store_1381,EAST,Chennai,,India,2023-08-27,RENOVATION
S1382,Store_1382,SOUTH,,MH,,2024-10-03,RENOVATION
S1383,Store_1383,,Mumbai,WB,,2021-03-01,CLOSED
S1384,Store_1384,EAST,Pune,TS,India,,
S1385,Store_1385,WEST,,DL,,2025-12-02,RENOVATION
S1386,Store_1386,SOUTH,,RJ,,2024-10-17,CLOSED
S1387,Store_1387,SOUTH,Kolkata,TN,India,,
S1388,Store_1388,WEST,Delhi,,India,2023-03-21,
S1389,Store_1389,WEST,,TN,India,,CLOSED
,Store_1390,EAST,Chennai,,India,2023-08-16,CLOSED
,Store_1391,,Indore,RJ,India,2022-07-31,CLOSED
S1392,Store_1392,CENTRAL,Chennai,,India,,RENOVATION
S1393,,CENTRAL,Mumbai,DL,,2022-01-10,OPEN
S1394,Store_1394,WEST,,KA,India,2022-07-12,
S1395,,WEST,Delhi,,India,2021-09-03,CLOSED
S1396,,NORTH,Pune,DL,India,,OPEN
S1397,Store_1397,WEST,Delhi,KL,,,CLOSED
S1398,,WEST,Hyderabad,,India,2021-06-05,RENOVATION
S1399,,,Kolkata,WB,India,2021-04-23,OPEN
S1400,Store_1400,,Hyderabad,,India,2024-02-17,RENOVATION
S1401,Store_1401,,,KA,India,2022-01-07,RENOVATION
S1402,Store_1402,NORTH,,,India,2023-08-26,OPEN
S1403,Store_1403,,Pune,MH,,2025-03-02,RENOVATION
S1404,Store_1404,,Indore,,India,2023-06-30,CLOSED
,Store_1405,SOUTH,,RJ,India,2024-02-05,OPEN
,Store_1406,NORTH,Hyderabad,WB,,2023-05-04,CLOSED
S1407,Store_1407,EAST,Kochi,,,2021-04-29,OPEN
S1408,,CENTRAL,Chennai,,India,2025-02-01,RENOVATION
S1409,Store_1409,,Kolkata,TS,India,2023-02-28,
S1410,Store_1410,SOUTH,,DL,India,,RENOVATION
S1411,Store_1411,WEST,Kolkata,,India,,RENOVATION
S1412,Store_1412,CENTRAL,,MP,India,2022-03-05,
S1413,Store_1413,WEST,Bengaluru,WB,,,RENOVATION
,Store_1414,EAST,Kochi,,India,2023-02-16,CLOSED
S1415,,,Pune,MH,India,2025-08-24,OPEN
S1416,,CENTRAL,,KL,India,2022-03-27,OPEN
S1417,Store_1417,CENTRAL,,DL,India,2024-07-05,
,,EAST,Hyderabad,MP,India,2023-02-19,OPEN
S1419,,CENTRAL,Kolkata,DL,,2023-07-29,OPEN
S1420,,NORTH,Kolkata,WB,India,2025-10-27,
S1421,Store_1421,,Delhi,,India,2022-07-15,CLOSED
S1422,,EAST,Chennai,WB,,2022-09-17,RENOVATION
S1423,Store_1423,EAST,Kochi,,India,,CLOSED
S1424,,CENTRAL,Delhi,TS,,2023-04-12,OPEN
,Store_1425,NORTH,,MH,India,2022-12-30,RENOVATION
S1426,Store_1426,NORTH,,TN,,2023-07-01,OPEN
S1427,Store_1427,EAST,Kochi,,India,,CLOSED
S1428,Store_1428,,Kolkata,KA,India,,CLOSED
,Store_1429,SOUTH,Chennai,DL,India,2024-09-30,
S1430,Store_1430,SOUTH,Jaipur,TN,India,,
S1431,,EAST,Jaipur,,India,2023-09-05,CLOSED
S1432,Store_1432,,Jaipur,TS,India,2023-12-10,
S1433,Store_1433,EAST,Pune,MH,,,CLOSED
S1434,,,Bengaluru,WB,India,2024-01-21,RENOVATION
S1435,Store_1435,NORTH,,MP,,2023-04-05,OPEN
S1436,Store_1436,EAST,Kochi,,,2025-05-14,CLOSED
,,WEST,Bengaluru,TN,India,2021-03-18,OPEN
S1438,Store_1438,CENTRAL,,,India,2023-07-15,RENOVATION
S1439,Store_1439,,Delhi,DL,India,2026-01-28,
,Store_1440,EAST,Bengaluru,TN,India,2022-03-04,
,Store_1441,WEST,Mumbai,KL,India,2022-07-23,
,Store_1442,WEST,Pune,DL,India,2025-02-08,
S1443,,NORTH,Mumbai,DL,India,,CLOSED
S1444,Store_1444,SOUTH,,TS,India,2024-08-19,
S1445,Store_1445,NORTH,Hyderabad,,,2022-09-14,OPEN
S1446,Store_1446,NORTH,,TN,India,,CLOSED
S1447,Store_1447,SOUTH,,,India,2024-03-07,OPEN
S1448,,,Pune,KL,India,2025-02-04,RENOVATION
S1449,,EAST,Jaipur,DL,India,,OPEN
S1450,Store_1450,,Bengaluru,KL,,2021-12-27,CLOSED
S1451,Store_1451,WEST,Mumbai,KL,,2023-10-28,
,Store_1452,WEST,Mumbai,KA,,2022-01-12,CLOSED
S1453,,EAST,Mumbai,KA,,2025-06-29,OPEN
S1454,Store_1454,WEST,Indore,TS,,2022-12-20,
S1455,Store_1455,SOUTH,,TS,India,,RENOVATION
S1456,,EAST,,WB,India,2023-06-12,CLOSED
S1457,Store_1457,NORTH,,MP,India,,CLOSED
S1458,,,Pune,KL,India,2022-09-22,CLOSED
S1459,Store_1459,WEST,Kolkata,,India,2021-02-07,
S1460,,WEST,,MH,India,2025-03-17,OPEN
S1461,Store_1461,NORTH,,TN,India,,OPEN
,Store_1462,CENTRAL,Jaipur,KL,India,,RENOVATION
,,NORTH,Kolkata,TS,India,2023-08-28,RENOVATION
S1464,Store_1464,NORTH,Kochi,WB,,2025-01-20,
S1465,,CENTRAL,Kolkata,KL,,2025-01-27,OPEN
S1466,Store_1466,NORTH,Kolkata,,,2024-06-28,RENOVATION
S1467,,WEST,Kochi,,India,2025-03-19,RENOVATION
S1468,,,Kolkata,TN,India,2024-03-07,RENOVATION
,Store_1469,SOUTH,Chennai,MP,India,,CLOSED
S1470,Store_1470,,Kolkata,WB,India,,RENOVATION
S1471,Store_1471,,Kolkata,KL,India,2021-08-29,
S1472,,NORTH,,WB,India,2021-03-24,CLOSED
S1473,Store_1473,NORTH,,RJ,,2025-07-28,OPEN
,Store_1474,CENTRAL,Chennai,,India,2023-09-02,RENOVATION
S1475,Store_1475,SOUTH,Pune,WB,India,,
,,CENTRAL,Kolkata,WB,India,2023-05-05,OPEN
,Store_1477,CENTRAL,Delhi,TN,India,,RENOVATION
S1478,Store_1478,EAST,,KA,,2021-04-21,RENOVATION
,Store_1479,,Jaipur,RJ,India,2021-03-01,OPEN
S1480,Store_1480,,Jaipur,MH,,2021-12-17,CLOSED
S1481,,EAST,Chennai,MP,,2022-05-09,CLOSED
S1482,Store_1482,CENTRAL,Kochi,,India,,CLOSED
S1483,Store_1483,WEST,Delhi,RJ,India,,
S1484,,EAST,Kolkata,,India,2024-12-08,OPEN
,Store_1485,WEST,Mumbai,TN,India,,OPEN
S1486,Store_1486,,,TS,India,2022-09-17,RENOVATION
,Store_1487,NORTH,Pune,WB,,2024-11-25,CLOSED
S1488,,EAST,Indore,KL,,2024-12-06,OPEN
S1489,,,Pune,DL,India,2021-12-29,CLOSED
,Store_1490,WEST,Bengaluru,MH,India,2023-03-06,
S1491,Store_1491,EAST,,MP,India,,RENOVATION
S1492,Store_1492,NORTH,,DL,India,2022-09-02,
S1493,Store_1493,,,RJ,India,2025-07-29,CLOSED
S1494,,EAST,Delhi,MP,India,2023-04-02,
,,WEST,Pune,RJ,India,2024-08-01,OPEN
S1496,,,Indore,MH,India,2025-01-15,OPEN
S1497,Store_1497,SOUTH,Kolkata,,India,,RENOVATION
S1498,,,Pune,KL,India,2025-12-14,OPEN
S1499,Store_1499,NORTH,Pune,,,2024-05-21,RENOVATION
S1500,Store_1500,CENTRAL,,MP,,2022-06-17,RENOVATION
,Store_1501,SOUTH,,MH,India,2025-06-21,CLOSED
S1502,Store_1502,,,RJ,India,2026-02-01,CLOSED
S1503,Store_1503,SOUTH,Kolkata,,India,2024-06-16,
S1504,Store_1504,,,TN,India,2022-03-01,CLOSED
S1505,Store_1505,,Kochi,WB,India,2025-02-17,
,Store_1506,SOUTH,Delhi,WB,India,2024-10-12,
,Store_1507,NORTH,Pune,KA,,2021-08-31,OPEN
S1508,Store_1508,,Kolkata,KA,India,,CLOSED
S1509,Store_1509,CENTRAL,Hyderabad,TN,,2023-06-06,
S1510,Store_1510,SOUTH,Jaipur,RJ,India,,
,,CENTRAL,Indore,TN,India,2021-11-03,CLOSED
S1512,,EAST,Jaipur,KL,India,2025-12-30,
S1513,Store_1513,SOUTH,,KA,,2022-01-01,OPEN
,Store_1514,WEST,Indore,MH,India,2023-02-10,
,Store_1515,EAST,,TS,India,2021-05-23,CLOSED
S1516,,WEST,Kochi,,India,2024-09-20,OPEN
S1517,Store_1517,NORTH,,,India,2021-06-18,OPEN
S1518,Store_1518,,Jaipur,,India,2025-12-05,CLOSED
S1519,,SOUTH,Delhi,,India,2023-12-22,RENOVATION
S1520,,WEST,Hyderabad,,India,2023-03-03,CLOSED
S1521,Store_1521,,Delhi,,India,2025-09-15,RENOVATION
,,EAST,Kochi,MP,India,2023-03-22,CLOSED
S1523,Store_1523,SOUTH,Pune,,,2024-06-06,CLOSED
S1524,,CENTRAL,Delhi,TN,,2022-09-09,CLOSED
,,NORTH,Bengaluru,TN,India,2023-09-10,CLOSED
S1526,Store_1526,EAST,Chennai,KA,,,CLOSED
,Store_1527,,Delhi,WB,India,2023-10-20,CLOSED
S1528,Store_1528,EAST,Bengaluru,,India,,OPEN
S1529,Store_1529,NORTH,Kolkata,,India,2023-01-07,
S1530,Store_1530,,Pune,MH,,2022-03-05,OPEN
S1531,Store_1531,,Jaipur,MH,,2021-04-07,RENOVATION
,Store_1532,,Mumbai,DL,India,2025-08-08,RENOVATION
S1533,Store_1533,CENTRAL,,RJ,India,2023-05-31,
,Store_1534,CENTRAL,Kolkata,KA,,2025-12-22,OPEN
S1535,Store_1535,NORTH,Delhi,KL,,,OPEN
S1536,Store_1536,,Pune,DL,,2025-10-29,OPEN
S1537,Store_1537,EAST,,DL,India,2025-10-23,
S1538,Store_1538,WEST,Bengaluru,,India,2021-09-22,
S1539,,WEST,Hyderabad,TS,India,,OPEN
S1540,Store_1540,CENTRAL,,MH,,2025-06-03,RENOVATION
,Store_1541,,Kolkata,TS,India,2024-09-15,RENOVATION
S1542,Store_1542,,Bengaluru,,India,2026-01-10,OPEN
,,EAST,Pune,RJ,India,2024-12-22,OPEN
,Store_1544,NORTH,Kolkata,RJ,,2024-06-19,OPEN
S1545,,EAST,Pune,,India,2021-05-01,RENOVATION
S1546,Store_1546,,Kolkata,,India,2022-02-06,OPEN
S1547,Store_1547,,Bengaluru,TS,India,,OPEN
,Store_1548,CENTRAL,,MH,India,2023-05-08,OPEN
S1549,,EAST,Hyderabad,WB,India,2021-06-17,
S1550,Store_1550,,Hyderabad,WB,,2022-01-15,CLOSED
S1551,Store_1551,CENTRAL,,MP,,2024-01-13,RENOVATION
S1552,Store_1552,,,DL,India,2021-07-16,OPEN
S1553,Store_1553,NORTH,Delhi,,India,,CLOSED
S1554,Store_1554,WEST,,KL,,2023-06-05,RENOVATION
S1555,Store_1555,CENTRAL,,RJ,,2024-03-14,CLOSED
S1556,Store_1556,CENTRAL,Kochi,,India,2023-06-19,
,Store_1557,NORTH,Kochi,KA,India,,OPEN
S1558,Store_1558,,Delhi,WB,India,2023-04-28,
S1559,Store_1559,SOUTH,Pune,,India,,OPEN
S1560,,WEST,Kolkata,RJ,India,,CLOSED
,Store_1561,EAST,Jaipur,,India,2021-02-09,RENOVATION
,Store_1562,WEST,,MH,India,2023-06-11,OPEN
,Store_1563,CENTRAL,Jaipur,,India,2023-02-03,RENOVATION
S1564,,CENTRAL,Delhi,TS,,2024-05-21,CLOSED
,Store_1565,NORTH,Indore,,India,2023-10-23,RENOVATION
S1566,Store_1566,CENTRAL,Delhi,KA,,2022-08-08,
,Store_1567,WEST,Bengaluru,,India,2024-06-24,CLOSED
S1568,,NORTH,,TN,India,2023-09-26,CLOSED
S1569,,EAST,Pune,,India,2024-01-06,RENOVATION
S1570,Store_1570,,Bengaluru,,India,2024-08-25,CLOSED
S1571,Store_1571,,Kochi,,India,2021-09-21,CLOSED
S1572,Store_1572,SOUTH,Mumbai,TS,,,CLOSED
S1573,,,Jaipur,KL,India,2025-10-26,CLOSED
S1574,Store_1574,WEST,,,India,2022-02-26,RENOVATION
S1575,Store_1575,CENTRAL,,KA,India,,OPEN
S1576,,CENTRAL,Kolkata,DL,India,2022-03-25,
S1577,Store_1577,,,TS,India,2021-03-29,RENOVATION
S1578,Store_1578,,,WB,India,2024-05-06,OPEN
S1579,Store_1579,,Chennai,TS,India,,CLOSED
,Store_1580,WEST,Mumbai,MP,India,,OPEN
S1581,,SOUTH,Bengaluru,TS,India,,RENOVATION
S1582,Store_1582,WEST,Delhi,KA,,,OPEN
,,CENTRAL,Jaipur,TS,India,2024-06-10,OPEN
S1584,Store_1584,NORTH,,RJ,,2022-03-10,CLOSED
S1585,Store_1585,,Indore,,India,2021-05-22,RENOVATION
,Store_1586,,Jaipur,TS,India,2023-05-07,CLOSED
S1587,,EAST,Bengaluru,TN,India,,RENOVATION
S1588,,WEST,Hyderabad,,India,2023-07-04,CLOSED
S1589,Store_1589,EAST,Jaipur,,India,,CLOSED
S1590,Store_1590,WEST,Kolkata,MH,India,,
S1591,,CENTRAL,Jaipur,,India,2022-02-02,CLOSED
,Store_1592,SOUTH,Chennai,DL,India,,CLOSED
,Store_1593,,Delhi,MH,India,2022-09-12,RENOVATION
S1594,Store_1594,CENTRAL,,DL,,2025-02-02,CLOSED
S1595,Store_1595,,Jaipur,MP,,2025-11-26,RENOVATION
S1596,Store_1596,,Chennai,,India,2025-09-24,CLOSED
S1597,Store_1597,CENTRAL,Indore,DL,,,RENOVATION
S1598,,CENTRAL,Delhi,,India,2023-12-31,CLOSED
S1599,Store_1599,EAST,Pune,WB,,,RENOVATION
S1600,Store_1600,NORTH,,RJ,,2024-05-24,CLOSED
S1601,,EAST,Pune,TN,,2024-07-12,CLOSED
S1602,,,Hyderabad,WB,India,2025-01-04,CLOSED
,Store_1603,WEST,Jaipur,,India,2023-06-07,RENOVATION
S1604,,SOUTH,Pune,,India,2023-01-07,OPEN
,,WEST,Delhi,WB,India,2023-05-16,RENOVATION
S1606,Store_1606,SOUTH,Chennai,,,2022-02-05,OPEN
S1607,Store_1607,WEST,Jaipur,RJ,,2024-09-28,
,Store_1608,CENTRAL,Kolkata,,India,2022-02-26,OPEN
S1609,Store_1609,SOUTH,Mumbai,,India,,OPEN
S1610,,CENTRAL,,TN,India,2021-06-18,RENOVATION
S1611,,,Pune,RJ,India,2025-09-10,RENOVATION
S1612,Store_1612,,Pune,,India,2025-08-01,RENOVATION
S1613,Store_1613,,,RJ,India,2023-03-02,CLOSED
,Store_1614,SOUTH,,MH,India,2022-12-24,OPEN
S1615,Store_1615,CENTRAL,,MP,India,,OPEN
S1616,Store_1616,,Kochi,KA,India,,CLOSED
S1617,,NORTH,Indore,RJ,India,2022-12-02,
S1618,Store_1618,WEST,Delhi,,,2024-11-21,CLOSED
S1619,,WEST,Pune,KL,India,2021-08-08,
S1620,Store_1620,NORTH,Hyderabad,MH,India,,
S1621,Store_1621,WEST,,MP,India,2022-05-17,
S1622,Store_1622,,Bengaluru,WB,India,2021-05-30,
S1623,Store_1623,,,TN,India,2026-01-27,OPEN
,Store_1624,WEST,Hyderabad,TS,India,2025-04-11,
S1625,Store_1625,,,KA,India,2021-04-23,CLOSED
S1626,Store_1626,CENTRAL,,MP,India,2025-08-06,
S1627,Store_1627,NORTH,,TS,India,,RENOVATION
S1628,,EAST,Kolkata,MP,India,,CLOSED
S1629,Store_1629,NORTH,,MH,India,,CLOSED
S1630,,SOUTH,Jaipur,TS,,2022-03-10,CLOSED
S1631,Store_1631,EAST,Delhi,KA,,,OPEN
,Store_1632,EAST,Delhi,,India,2023-09-17,RENOVATION
S1633,Store_1633,,Delhi,RJ,India,,RENOVATION
S1634,Store_1634,CENTRAL,,DL,India,,CLOSED
S1635,,,Indore,KL,India,2022-09-07,OPEN
S1636,,,Kochi,WB,India,2025-11-11,OPEN
S1637,,NORTH,,TS,India,2025-12-03,OPEN
,Store_1638,CENTRAL,Chennai,KA,,2022-04-26,OPEN
,,EAST,Kochi,MP,India,2021-11-12,RENOVATION
,Store_1640,CENTRAL,Hyderabad,TN,India,,CLOSED
S1641,Store_1641,CENTRAL,,,India,2025-04-11,CLOSED
S1642,,NORTH,Delhi,,India,2025-11-22,OPEN
S1643,,SOUTH,Jaipur,MH,,2021-07-19,CLOSED
S1644,Store_1644,NORTH,Chennai,,India,,OPEN
,Store_1645,EAST,,RJ,India,2023-07-02,CLOSED
,Store_1646,EAST,Bengaluru,TS,,2025-09-21,OPEN
S1647,Store_1647,,Kolkata,MH,India,2024-04-24,
S1648,Store_1648,CENTRAL,Kochi,DL,India,,
S1649,,EAST,Pune,WB,,2022-12-12,CLOSED
S1650,,CENTRAL,,DL,India,2025-01-22,OPEN
S1651,Store_1651,CENTRAL,Kolkata,,India,2023-05-10,
,Store_1652,EAST,Kochi,RJ,,2025-12-13,OPEN
,,WEST,Mumbai,MH,India,2024-08-21,OPEN
,Store_1654,CENTRAL,Hyderabad,RJ,India,2023-09-04,
S1655,Store_1655,EAST,Jaipur,,,2025-04-28,CLOSED
S1656,Store_1656,EAST,,,India,2024-02-17,RENOVATION
S1657,,WEST,Delhi,TN,India,2024-06-10,
,Store_1658,CENTRAL,Jaipur,DL,India,,OPEN
S1659,Store_1659,WEST,Mumbai,,,2023-10-06,OPEN
S1660,Store_1660,CENTRAL,Hyderabad,,India,,OPEN
S1661,Store_1661,SOUTH,,WB,India,,OPEN
,Store_1662,SOUTH,,RJ,India,2024-09-08,CLOSED
S1663,Store_1663,NORTH,,MH,India,2023-06-20,
S1664,,EAST,Delhi,,India,2022-12-30,OPEN
S1665,,CENTRAL,Mumbai,,India,2024-06-16,RENOVATION
S1666,,EAST,Chennai,KL,India,2025-08-29,
,Store_1667,,Jaipur,DL,India,2021-05-27,OPEN
S1668,Store_1668,EAST,Mumbai,KL,,,OPEN
S1669,Store_1669,,,MP,India,2021-12-24,RENOVATION
S1670,Store_1670,,Kochi,,India,2022-01-18,RENOVATION
,Store_1671,,Mumbai,TN,India,2023-05-15,OPEN
S1672,Store_1672,SOUTH,,TS,India,,CLOSED
S1673,Store_1673,,Delhi,KA,India,2024-05-28,
,Store_1674,SOUTH,Kochi,DL,India,2023-07-14,
S1675,Store_1675,EAST,,MH,India,,CLOSED
,Store_1676,EAST,Kolkata,,India,2022-08-22,CLOSED
S1677,Store_1677,WEST,Kochi,KA,,2022-12-26,
S1678,,SOUTH,Pune,KA,India,2024-02-20,
S1679,Store_1679,,,MP,India,2023-08-08,OPEN
S1680,Store_1680,CENTRAL,Indore,,,2022-08-04,CLOSED
,Store_1681,,Indore,MP,India,2024-04-01,OPEN
S1682,Store_1682,EAST,,RJ,India,,OPEN
S1683,Store_1683,CENTRAL,Jaipur,,,2023-10-24,RENOVATION
S1684,Store_1684,EAST,Pune,KA,,,CLOSED
,Store_1685,SOUTH,Bengaluru,KL,,2024-12-20,CLOSED
S1686,Store_1686,,Kolkata,KL,,2024-12-16,CLOSED
S1687,Store_1687,SOUTH,Kochi,TN,,,RENOVATION
,Store_1688,EAST,Pune,,India,2024-10-03,OPEN
S1689,Store_1689,CENTRAL,,KL,,2025-04-29,CLOSED
S1690,,WEST,Hyderabad,RJ,,2022-07-16,CLOSED
S1691,Store_1691,CENTRAL,Kolkata,TS,India,,
S1692,,WEST,,KA,India,2024-07-23,RENOVATION
S1693,Store_1693,SOUTH,Bengaluru,,,2025-06-26,RENOVATION
S1694,Store_1694,,Mumbai,MP,,2022-08-05,OPEN
,Store_1695,,Kolkata,KA,India,2025-09-22,OPEN
S1696,Store_1696,,Kolkata,MP,India,2024-12-29,
S1697,Store_1697,,,MP,India,2025-01-23,RENOVATION
S1698,Store_1698,SOUTH,Jaipur,,,2022-08-20,RENOVATION
S1699,Store_1699,SOUTH,Indore,,,2022-07-09,CLOSED
,Store_1700,WEST,Kolkata,MP,India,2025-09-21,
S1701,,WEST,Mumbai,,India,2023-11-04,CLOSED
,,NORTH,Delhi,MP,India,2021-05-23,RENOVATION
S1703,Store_1703,,Delhi,KL,,2023-12-10,CLOSED
S1704,Store_1704,,Pune,TS,India,,CLOSED
S1705,Store_1705,,Jaipur,TN,,2025-05-03,CLOSED
S1706,Store_1706,WEST,Hyderabad,MH,India,,
S1707,Store_1707,,,MP,India,2024-01-07,CLOSED
,Store_1708,,Pune,DL,India,2023-07-31,RENOVATION
S1709,,,Pune,TS,India,2025-06-05,OPEN
,Store_1710,SOUTH,,MH,India,2023-12-08,RENOVATION
S1711,Store_1711,,Delhi,DL,India,,OPEN
S1712,Store_1712,CENTRAL,Kolkata,KL,,2024-01-06,
S1713,Store_1713,NORTH,,,India,2025-03-10,OPEN
S1714,Store_1714,,Bengaluru,MP,India,,OPEN
,Store_1715,,Kolkata,WB,India,2023-03-01,CLOSED
S1716,,NORTH,Mumbai,TS,India,,CLOSED
S1717,,,Indore,WB,India,2021-10-01,OPEN
S1718,Store_1718,EAST,Pune,DL,,,OPEN
S1719,Store_1719,CENTRAL,,MH,,2024-07-12,RENOVATION
,Store_1720,WEST,Kolkata,,India,2022-11-28,CLOSED
S1721,Store_1721,,Jaipur,TS,India,2022-12-15,
S1722,,EAST,,RJ,India,2021-05-08,OPEN
S1723,Store_1723,,Bengaluru,WB,India,,RENOVATION
S1724,Store_1724,,Pune,MH,India,2021-08-13,
S1725,Store_1725,EAST,,,India,2024-06-21,CLOSED
S1726,Store_1726,SOUTH,Indore,TS,,,RENOVATION
S1727,Store_1727,EAST,,TS,India,,CLOSED
,Store_1728,SOUTH,Kolkata,WB,,2022-01-26,CLOSED
S1729,,CENTRAL,,MH,India,2023-04-29,OPEN
S1730,Store_1730,,Hyderabad,TS,India,,CLOSED
S1731,Store_1731,EAST,,TN,,2021-10-31,RENOVATION
S1732,,CENTRAL,,WB,India,2024-09-15,OPEN
S1733,Store_1733,NORTH,Pune,KA,India,,
S1734,,NORTH,,KA,India,2024-12-16,OPEN
S1735,Store_1735,,Bengaluru,,India,2023-01-18,RENOVATION
S1736,Store_1736,CENTRAL,Kochi,,India,2023-06-08,
S1737,Store_1737,EAST,,RJ,India,,CLOSED
S1738,Store_1738,SOUTH,Jaipur,DL,,,RENOVATION
S1739,,SOUTH,Chennai,TS,India,,RENOVATION
S1740,Store_1740,CENTRAL,Pune,KL,,,OPEN
S1741,Store_1741,,Pune,TS,India,2024-07-05,
S1742,Store_1742,CENTRAL,Kochi,DL,,,CLOSED
S1743,Store_1743,CENTRAL,,,India,2022-08-26,OPEN
S1744,Store_1744,,,MH,India,2021-03-20,RENOVATION
S1745,Store_1745,,Indore,WB,India,,RENOVATION
S1746,Store_1746,CENTRAL,Pune,MP,India,,
S1747,Store_1747,,Kochi,,India,2025-08-03,RENOVATION
,,NORTH,Indore,MP,India,2021-03-17,CLOSED
S1749,,,Kochi,RJ,India,2023-08-07,OPEN
S1750,Store_1750,CENTRAL,,DL,India,2025-09-25,
S1751,Store_1751,EAST,Bengaluru,,,2022-06-07,RENOVATION
S1752,,CENTRAL,Mumbai,TN,India,,OPEN
S1753,Store_1753,CENTRAL,,RJ,,2022-10-22,RENOVATION
,Store_1754,WEST,,KA,India,2023-07-07,OPEN
S1755,Store_1755,NORTH,,,India,2024-11-01,CLOSED
S1756,Store_1756,NORTH,Chennai,,,2023-08-17,OPEN
S1757,Store_1757,,Jaipur,MH,,2022-06-24,OPEN
,Store_1758,SOUTH,Indore,,India,2023-01-30,RENOVATION
,Store_1759,NORTH,Jaipur,KA,India,,CLOSED
S1760,Store_1760,WEST,Mumbai,MP,,2024-05-07,
S1761,,CENTRAL,Hyderabad,KL,India,,RENOVATION
S1762,Store_1762,CENTRAL,Bengaluru,,India,2024-12-25,
S1763,Store_1763,CENTRAL,Pune,KL,India,,
S1764,Store_1764,SOUTH,,MH,India,2024-05-23,
S1765,,CENTRAL,Chennai,DL,India,2022-10-22,
S1766,,NORTH,Mumbai,KL,India,,RENOVATION
S1767,Store_1767,WEST,Mumbai,KL,,,OPEN
S1768,Store_1768,NORTH,,WB,India,,CLOSED
,Store_1769,EAST,Bengaluru,KL,,2025-12-26,RENOVATION
S1770,,EAST,,MH,India,2021-05-14,OPEN
S1771,Store_1771,,Chennai,,India,2022-04-15,OPEN
S1772,,WEST,,MH,India,2021-12-23,RENOVATION
,Store_1773,CENTRAL,Indore,MH,India,2021-07-09,
,Store_1774,,Jaipur,RJ,India,2023-01-13,RENOVATION
S1775,,,Hyderabad,KA,India,2023-02-20,OPEN
S1776,Store_1776,WEST,Pune,TN,,,CLOSED
S1777,,,Mumbai,MP,India,2023-04-21,RENOVATION
S1778,,SOUTH,Delhi,WB,,2023-06-11,RENOVATION
S1779,,EAST,Chennai,MP,India,2022-07-16,
S1780,Store_1780,NORTH,Kochi,TS,India,,
,,SOUTH,Chennai,RJ,India,2021-02-20,OPEN
S1782,,,Jaipur,TN,India,2024-11-11,RENOVATION
,,CENTRAL,Bengaluru,MH,India,2021-03-16,OPEN
S1784,,SOUTH,Bengaluru,,India,2025-01-05,OPEN
S1785,Store_1785,SOUTH,Pune,WB,,2025-08-17,
S1786,,WEST,Indore,TN,India,,RENOVATION
S1787,Store_1787,EAST,Indore,,India,2022-06-28,
,Store_1788,SOUTH,,TN,India,2022-12-14,OPEN
S1789,Store_1789,NORTH,Kochi,,India,2025-05-01,
S1790,,NORTH,Pune,MH,India,,RENOVATION
,Store_1791,EAST,Kochi,WB,,2025-11-05,OPEN
,Store_1792,EAST,Chennai,KL,India,,CLOSED
S1793,Store_1793,EAST,Hyderabad,DL,,2024-03-19,
S1794,Store_1794,NORTH,,,India,2022-09-27,RENOVATION
,Store_1795,CENTRAL,Bengaluru,,India,2026-01-18,RENOVATION
S1796,Store_1796,WEST,Chennai,,,2022-01-17,OPEN
S1797,Store_1797,CENTRAL,,TS,India,2023-03-28,
S1798,,SOUTH,Pune,TN,India,,CLOSED
S1799,Store_1799,EAST,Mumbai,,India,,OPEN
S1800,Store_1800,,Kolkata,,India,2024-10-01,OPEN
S1801,Store_1801,WEST,Jaipur,DL,,2024-03-20,
S1802,Store_1802,EAST,Delhi,KL,India,,
,Store_1803,NORTH,,MH,India,2022-06-26,CLOSED
,Store_1804,NORTH,Jaipur,DL,,2025-03-12,OPEN
S1805,,EAST,Jaipur,DL,,2024-01-11,RENOVATION
S1806,Store_1806,EAST,Delhi,,,2022-01-05,RENOVATION
S1807,,SOUTH,Kochi,KL,India,,CLOSED
S1808,,NORTH,Hyderabad,TN,India,,RENOVATION
,Store_1809,WEST,Indore,,India,2024-04-16,CLOSED
S1810,Store_1810,NORTH,Hyderabad,,,2024-10-11,CLOSED
S1811,Store_1811,NORTH,,KL,,2021-06-23,OPEN
S1812,Store_1812,,Pune,DL,India,,OPEN
S1813,Store_1813,WEST,Chennai,,India,,RENOVATION
S1814,Store_1814,EAST,,WB,India,2021-08-10,
S1815,Store_1815,WEST,Kochi,,India,2023-10-12,
S1816,,SOUTH,Hyderabad,WB,India,2025-03-19,
S1817,Store_1817,,Delhi,MH,,2021-09-26,RENOVATION
S1818,Store_1818,,,KA,India,2022-03-13,OPEN
S1819,Store_1819,EAST,Chennai,RJ,India,,
S1820,,NORTH,,DL,India,2021-09-08,CLOSED
S1821,Store_1821,,Kochi,,India,2024-02-22,OPEN
,Store_1822,,Bengaluru,WB,India,2025-09-08,CLOSED
S1823,,NORTH,Pune,TN,India,2023-11-02,
S1824,Store_1824,CENTRAL,Delhi,,India,,CLOSED
S1825,Store_1825,NORTH,Mumbai,DL,,2021-04-25,
S1826,,,Indore,RJ,India,2025-03-17,RENOVATION
S1827,Store_1827,WEST,,,India,2025-04-17,CLOSED
S1828,Store_1828,SOUTH,Pune,RJ,India,,
S1829,Store_1829,SOUTH,,WB,India,2022-10-18,
S1830,Store_1830,CENTRAL,Delhi,,India,2023-07-19,
,Store_1831,CENTRAL,Hyderabad,,India,2024-12-29,CLOSED
S1832,Store_1832,CENTRAL,Jaipur,MP,,,OPEN
,,SOUTH,Hyderabad,TS,India,2024-10-15,OPEN
S1834,Store_1834,,Chennai,RJ,India,,CLOSED
S1835,Store_1835,,Hyderabad,TS,India,,CLOSED
S1836,Store_1836,WEST,Delhi,KL,,,OPEN
,Store_1837,WEST,Bengaluru,MH,India,,OPEN
S1838,,EAST,Pune,,India,2025-04-05,CLOSED
S1839,,EAST,Indore,MP,,2022-09-19,CLOSED
S1840,,,Mumbai,TN,India,2025-04-21,OPEN
S1841,Store_1841,,Chennai,,India,2022-02-09,RENOVATION
S1842,Store_1842,CENTRAL,Delhi,,,2023-12-02,OPEN
S1843,Store_1843,,Kochi,KA,India,,CLOSED
S1844,,SOUTH,Mumbai,,India,2021-09-07,CLOSED
S1845,Store_1845,EAST,Mumbai,MH,,,RENOVATION
S1846,Store_1846,CENTRAL,Pune,KL,,,CLOSED
S1847,Store_1847,CENTRAL,Bengaluru,,India,,OPEN
S1848,,CENTRAL,,MH,India,2022-12-26,RENOVATION
S1849,Store_1849,CENTRAL,Hyderabad,,India,2022-03-20,
S1850,,WEST,Indore,KL,India,,OPEN
,,CENTRAL,Pune,WB,India,2021-10-28,CLOSED
S1852,Store_1852,WEST,Kolkata,TS,India,,
S1853,Store_1853,NORTH,Jaipur,,India,2025-04-30,
S1854,Store_1854,NORTH,Mumbai,,India,,RENOVATION
S1855,Store_1855,,Chennai,,India,2024-03-29,RENOVATION
S1856,Store_1856,NORTH,,DL,India,2024-03-18,
S1857,Store_1857,,Hyderabad,MP,,2024-12-20,OPEN
S1858,Store_1858,WEST,Mumbai,TN,India,,
,Store_1859,EAST,,TS,India,2024-08-08,RENOVATION
,Store_1860,,Kochi,RJ,India,2022-09-14,RENOVATION
S1861,Store_1861,SOUTH,Kochi,RJ,India,,
S1862,Store_1862,,Kolkata,KL,,2023-12-29,RENOVATION
S1863,Store_1863,,Indore,KL,India,,RENOVATION
S1864,Store_1864,,,TS,India,2021-04-01,CLOSED
S1865,Store_1865,NORTH,Chennai,MH,India,,
S1866,Store_1866,,Bengaluru,,India,2024-07-02,RENOVATION
S1867,,CENTRAL,Chennai,KA,,2025-01-23,CLOSED
S1868,Store_1868,CENTRAL,,RJ,India,,RENOVATION
,Store_1869,EAST,Kolkata,WB,,2024-09-23,RENOVATION
,Store_1870,EAST,,RJ,India,2023-04-12,OPEN
S1871,Store_1871,NORTH,Bengaluru,,India,2023-10-02,
,Store_1872,SOUTH,Kochi,TN,India,,CLOSED
,Store_1873,EAST,Jaipur,TS,India,2022-11-01,
S1874,Store_1874,NORTH,Bengaluru,WB,,2023-10-08,
S1875,,SOUTH,Mumbai,,India,2021-02-06,OPEN
,Store_1876,WEST,Delhi,MP,India,2022-09-18,
S1877,Store_1877,,Bengaluru,KL,India,,CLOSED
,,CENTRAL,Pune,DL,India,2021-04-03,CLOSED
S1879,Store_1879,CENTRAL,,WB,India,,RENOVATION
S1880,Store_1880,CENTRAL,Indore,WB,,2024-11-24,
S1881,Store_1881,NORTH,,DL,India,2023-10-03,
,,EAST,Delhi,TN,India,2023-10-18,OPEN
S1883,Store_1883,EAST,,WB,India,,OPEN
S1884,Store_1884,EAST,Jaipur,,India,,OPEN
S1885,Store_1885,,Indore,,India,2022-08-01,CLOSED
S1886,,,Kochi,KA,India,2025-11-20,RENOVATION
,Store_1887,EAST,Mumbai,TN,,2025-01-30,OPEN
S1888,,EAST,,MH,India,2022-06-07,RENOVATION
S1889,Store_1889,EAST,Kochi,,,2025-05-24,RENOVATION
S1890,,WEST,Kolkata,MP,India,2022-08-01,
S1891,Store_1891,,Jaipur,WB,,2025-02-12,OPEN
,Store_1892,,Jaipur,TS,India,2022-04-05,CLOSED
S1893,Store_1893,,Chennai,,India,2024-12-20,OPEN
S1894,,WEST,Pune,MP,,2023-03-14,CLOSED
S1895,Store_1895,,Mumbai,,India,2023-08-09,CLOSED
S1896,,NORTH,Indore,TN,,2023-02-09,OPEN
,Store_1897,NORTH,Indore,MP,,2021-05-11,CLOSED
S1898,,EAST,Chennai,KL,,2024-11-10,OPEN
S1899,Store_1899,,Indore,,India,2025-03-19,CLOSED
,Store_1900,SOUTH,Chennai,TN,India,,RENOVATION
S1901,Store_1901,,Kolkata,,India,2021-06-29,RENOVATION
S1902,Store_1902,,Indore,WB,,2021-06-18,OPEN
,Store_1903,WEST,,KA,India,2025-03-18,RENOVATION
S1904,,CENTRAL,Kolkata,WB,India,2024-08-01,
,Store_1905,WEST,,DL,India,2025-05-08,RENOVATION
S1906,,CENTRAL,Bengaluru,TS,India,,OPEN
S1907,Store_1907,,Hyderabad,,India,2022-09-13,CLOSED
S1908,,SOUTH,Kochi,WB,India,,RENOVATION
S1909,,CENTRAL,Jaipur,KL,,2024-02-26,RENOVATION
S1910,Store_1910,,Mumbai,TS,India,,RENOVATION
S1911,Store_1911,,Kolkata,TN,India,2024-02-06,
S1912,Store_1912,CENTRAL,Indore,KA,,2024-10-27,
S1913,,WEST,Delhi,,India,2022-04-08,OPEN
S1914,,,Hyderabad,KL,India,2022-09-24,CLOSED
,Store_1915,CENTRAL,Hyderabad,WB,India,2023-09-12,
S1916,Store_1916,,Hyderabad,MP,India,2025-07-02,
,,NORTH,Indore,MP,India,2025-12-11,RENOVATION
S1918,Store_1918,EAST,,,India,2023-11-29,OPEN
S1919,Store_1919,NORTH,Kolkata,,India,,RENOVATION
S1920,,NORTH,,DL,India,2025-06-02,OPEN
S1921,Store_1921,NORTH,,WB,India,2022-04-04,
S1922,,CENTRAL,Kolkata,MP,India,,RENOVATION
S1923,Store_1923,SOUTH,,,India,2021-07-08,CLOSED
S1924,,CENTRAL,Kochi,KA,India,2024-05-07,
,Store_1925,WEST,Mumbai,WB,India,,RENOVATION
S1926,Store_1926,NORTH,,,India,2023-01-11,RENOVATION
S1927,Store_1927,,,TS,India,2023-04-16,OPEN
S1928,Store_1928,SOUTH,,,India,2023-04-10,CLOSED
S1929,,WEST,,WB,India,2025-02-11,CLOSED
S1930,Store_1930,,Hyderabad,WB,India,,OPEN
S1931,Store_1931,SOUTH,,,India,2023-01-07,CLOSED
,Store_1932,SOUTH,Bengaluru,TN,India,,OPEN
,Store_1933,CENTRAL,Pune,MP,India,,OPEN
S1934,Store_1934,,Kolkata,,India,2026-01-25,CLOSED
,Store_1935,WEST,Hyderabad,MH,India,2025-03-04,
,Store_1936,NORTH,Pune,DL,India,2024-11-29,
S1937,Store_1937,,Jaipur,TN,India,2021-08-09,
S1938,Store_1938,EAST,Kochi,KL,,,CLOSED
,Store_1939,WEST,Mumbai,MH,,2025-01-31,OPEN
,Store_1940,WEST,Delhi,,India,2025-03-14,OPEN
S1941,,WEST,Delhi,TN,India,2025-04-26,
S1942,Store_1942,NORTH,,MP,India,,OPEN
S1943,Store_1943,WEST,,MH,,2025-01-12,CLOSED
S1944,Store_1944,,Hyderabad,,India,2021-03-02,CLOSED
S1945,Store_1945,SOUTH,Kolkata,DL,,,RENOVATION
,Store_1946,CENTRAL,,MP,India,2025-04-18,OPEN
S1947,Store_1947,CENTRAL,,MH,India,2024-11-01,
S1948,Store_1948,NORTH,Bengaluru,,,2023-10-16,RENOVATION
S1949,,,Kolkata,RJ,India,2025-12-20,CLOSED
S1950,Store_1950,,,TS,India,2023-07-23,OPEN
S1951,Store_1951,,Pune,KA,India,2023-09-20,
S1952,Store_1952,EAST,,DL,,2023-07-19,OPEN
S1953,Store_1953,SOUTH,,,India,2023-06-03,RENOVATION
S1954,Store_1954,CENTRAL,Jaipur,,India,2022-12-22,
S1955,,WEST,,DL,India,2024-11-29,OPEN
,Store_1956,,Kolkata,WB,India,2021-12-03,OPEN
S1957,,WEST,Kolkata,MP,,2021-08-25,RENOVATION
,Store_1958,WEST,Chennai,KL,India,,OPEN
S1959,Store_1959,SOUTH,Pune,,India,2022-01-28,
,Store_1960,EAST,Delhi,,India,2025-05-24,CLOSED
S1961,Store_1961,CENTRAL,Pune,KL,India,,
S1962,Store_1962,NORTH,Chennai,,,2026-01-27,OPEN
,Store_1963,NORTH,Delhi,,India,2025-01-03,CLOSED
S1964,,EAST,Kochi,KA,India,2025-04-30,
S1965,,,Delhi,TS,India,2021-03-19,RENOVATION
S1966,Store_1966,CENTRAL,,WB,India,,RENOVATION
,Store_1967,WEST,Bengaluru,,India,2025-12-01,CLOSED
,Store_1968,WEST,Chennai,,India,2022-11-29,OPEN
,Store_1969,NORTH,Kolkata,RJ,India,2023-05-14,
S1970,,EAST,Delhi,WB,India,,CLOSED
S1971,,SOUTH,Pune,DL,India,,CLOSED
,Store_1972,SOUTH,Indore,RJ,,2024-04-20,RENOVATION
S1973,Store_1973,,Bengaluru,DL,,2025-02-11,CLOSED
S1974,Store_1974,NORTH,Bengaluru,KL,,,OPEN
S1975,Store_1975,,,MH,India,2024-12-25,CLOSED
S1976,Store_1976,CENTRAL,Jaipur,TN,,,RENOVATION
S1977,Store_1977,NORTH,Delhi,,India,,OPEN
S1978,Store_1978,WEST,Jaipur,,India,,OPEN
S1979,Store_1979,,,DL,India,2024-12-13,RENOVATION
S1980,Store_1980,EAST,,RJ,,2024-04-23,CLOSED
S1981,,CENTRAL,,RJ,India,2023-10-11,CLOSED
S1982,,,Pune,KA,India,2023-03-13,OPEN
S1983,Store_1983,EAST,Chennai,,,2023-04-16,RENOVATION
,Store_1984,SOUTH,Pune,KA,,2021-11-16,CLOSED
S1985,Store_1985,CENTRAL,,KL,India,,CLOSED
S1986,,,Pune,WB,India,2022-07-22,RENOVATION
S1987,Store_1987,CENTRAL,Hyderabad,KA,,2021-04-23,
S1988,Store_1988,WEST,Kolkata,,,2025-01-13,CLOSED
,Store_1989,SOUTH,,MP,India,2022-03-08,CLOSED
,Store_1990,EAST,,RJ,India,2025-09-05,OPEN
S1991,Store_1991,WEST,,RJ,India,2023-06-02,
S1992,Store_1992,WEST,Bengaluru,,India,,CLOSED
S1993,,EAST,Kolkata,KA,India,,OPEN
S1994,,WEST,,RJ,India,2021-09-26,OPEN
,Store_1995,WEST,,TN,India,2023-12-04,RENOVATION
,Store_1996,WEST,Bengaluru,KA,India,,CLOSED
S1997,,WEST,Jaipur,KA,,2025-06-17,OPEN
S1998,,CENTRAL,Kochi,,India,2024-06-23,CLOSED
,,SOUTH,Mumbai,KA,India,2024-08-17,CLOSED
S2000,Store_2000,,Indore,MP,India,,RENOVATION
S2001,Store_2001,EAST,,KL,India,2025-05-28,
S2002,Store_2002,,Hyderabad,WB,India,,RENOVATION
,Store_2003,CENTRAL,Jaipur,TS,India,2026-01-13,
S2004,,SOUTH,Jaipur,KA,India,,CLOSED
S2005,Store_2005,WEST,,TN,,2025-07-16,RENOVATION
S2006,Store_2006,NORTH,Delhi,,India,2026-01-03,
,Store_2007,,Bengaluru,KL,India,2025-05-04,CLOSED
S2008,Store_2008,CENTRAL,Jaipur,,India,2023-08-02,
S2009,Store_2009,WEST,Jaipur,,India,,CLOSED
S2010,Store_2010,,,WB,India,2021-07-13,OPEN
S2011,Store_2011,WEST,,MH,India,,RENOVATION
S2012,Store_2012,SOUTH,Kochi,KL,India,,
S2013,,EAST,,TS,India,2025-08-21,OPEN
S2014,,CENTRAL,Mumbai,RJ,India,2024-11-22,
S2015,Store_2015,EAST,,KL,India,2025-10-26,
,,EAST,Mumbai,TN,India,2021-07-11,OPEN
S2017,Store_2017,EAST,Bengaluru,,India,,OPEN
,Store_2018,EAST,Kochi,RJ,India,,RENOVATION
,Store_2019,,Delhi,KL,India,2023-01-19,RENOVATION
S2020,,CENTRAL,Pune,WB,India,,OPEN
S2021,Store_2021,,Kochi,,India,2022-05-28,CLOSED
,,CENTRAL,Pune,MH,India,2021-07-07,CLOSED
,Store_2023,EAST,Kolkata,RJ,India,,RENOVATION
S2024,,NORTH,Hyderabad,TS,,2022-07-22,OPEN
,Store_2025,SOUTH,Bengaluru,,India,2021-05-22,RENOVATION
S2026,Store_2026,SOUTH,Jaipur,RJ,India,,
S2027,Store_2027,CENTRAL,Indore,,,2024-11-05,OPEN
S2028,,SOUTH,,DL,India,2022-08-07,OPEN
,Store_2029,CENTRAL,Delhi,KA,India,2024-06-09,
S2030,Store_2030,WEST,,MP,,2023-12-09,CLOSED
S2031,Store_2031,CENTRAL,Delhi,KA,,,OPEN
S2032,Store_2032,,Kolkata,,India,2025-04-19,CLOSED
S2033,Store_2033,CENTRAL,,MP,India,2022-04-05,
S2034,Store_2034,NORTH,Pune,,,2023-05-26,RENOVATION
S2035,Store_2035,,,TN,India,2024-12-10,OPEN
S2036,Store_2036,CENTRAL,,MP,,2025-03-23,RENOVATION
,Store_2037,CENTRAL,Jaipur,KA,India,2025-12-21,
S2038,,CENTRAL,Delhi,TN,,2023-01-31,CLOSED
S2039,Store_2039,WEST,,MP,,2022-06-02,CLOSED
S2040,Store_2040,,Bengaluru,TS,India,2024-03-28,
,Store_2041,NORTH,Jaipur,KA,India,,RENOVATION
S2042,Store_2042,SOUTH,,MH,,2022-02-04,CLOSED
S2043,,,Jaipur,TN,India,2025-08-02,CLOSED
S2044,Store_2044,NORTH,Indore,,India,,CLOSED
,Store_2045,,Jaipur,WB,India,2022-02-27,CLOSED
S2046,Store_2046,NORTH,,MP,,2022-11-11,CLOSED
S2047,Store_2047,SOUTH,,,India,2022-07-09,RENOVATION
S2048,Store_2048,SOUTH,Kochi,TN,,,RENOVATION
S2049,Store_2049,,Pune,,India,2024-04-15,OPEN
S2050,Store_2050,NORTH,Hyderabad,MP,,,CLOSED
,Store_2051,WEST,Hyderabad,RJ,,2021-06-12,OPEN
S2052,Store_2052,NORTH,Hyderabad,,India,,CLOSED
,Store_2053,SOUTH,Jaipur,KL,,2023-05-01,OPEN
,Store_2054,SOUTH,,DL,India,2021-03-11,RENOVATION
S2055,Store_2055,,,DL,India,2023-08-14,CLOSED
,Store_2056,SOUTH,,RJ,India,2026-01-23,RENOVATION
S2057,Store_2057,NORTH,Mumbai,,India,2023-01-02,
S2058,,WEST,Indore,,India,2021-03-08,CLOSED
,Store_2059,,Indore,TN,India,2024-01-27,OPEN
S2060,Store_2060,SOUTH,,WB,India,,RENOVATION
S2061,Store_2061,,Indore,TS,India,,OPEN
,,EAST,Chennai,KL,India,2024-12-25,RENOVATION
S2063,Store_2063,SOUTH,Kolkata,,India,,OPEN
S2064,Store_2064,CENTRAL,,,India,2025-01-21,OPEN
,Store_2065,EAST,Indore,KA,India,2026-01-08,
S2066,Store_2066,CENTRAL,,MP,India,,CLOSED
S2067,Store_2067,EAST,,RJ,India,2025-01-30,
S2068,Store_2068,,Chennai,KL,India,2025-01-06,
S2069,Store_2069,,Mumbai,MH,,2022-08-03,OPEN
S2070,Store_2070,EAST,,,India,2021-03-09,OPEN
S2071,Store_2071,,,MH,India,2023-08-09,CLOSED
S2072,Store_2072,SOUTH,,DL,,2023-09-29,CLOSED
,,WEST,Mumbai,WB,India,2023-03-25,CLOSED
S2074,Store_2074,,Kolkata,KA,India,2023-02-03,
S2075,Store_2075,,Pune,,India,2022-08-04,CLOSED
S2076,,CENTRAL,Delhi,MH,India,2024-05-01,
S2077,Store_2077,NORTH,Pune,,,2024-09-14,RENOVATION
S2078,Store_2078,EAST,Kochi,MH,,2025-10-21,
,Store_2079,SOUTH,Kolkata,KL,India,2021-12-13,
S2080,,CENTRAL,,MP,India,2021-03-25,RENOVATION
S2081,Store_2081,WEST,,,India,2023-10-23,CLOSED
S2082,Store_2082,CENTRAL,Kolkata,WB,,,CLOSED
S2083,Store_2083,EAST,,,India,2024-06-08,OPEN
,Store_2084,NORTH,Hyderabad,,India,2025-09-08,OPEN
S2085,Store_2085,CENTRAL,Hyderabad,TN,India,,
S2086,,SOUTH,Delhi,MH,,2021-11-30,RENOVATION
S2087,,CENTRAL,Jaipur,MP,India,,CLOSED
S2088,Store_2088,,Hyderabad,,India,2024-09-12,CLOSED
S2089,Store_2089,,Bengaluru,MP,India,2022-12-15,
S2090,Store_2090,,,TN,India,2023-08-13,OPEN
S2091,,NORTH,Indore,MP,India,,RENOVATION
S2092,,EAST,Bengaluru,TS,India,2021-02-27,
,Store_2093,CENTRAL,Jaipur,,India,2022-10-30,CLOSED
S2094,Store_2094,WEST,Indore,KL,,2023-11-26,
S2095,Store_2095,,Hyderabad,RJ,India,2021-03-30,
S2096,Store_2096,CENTRAL,Bengaluru,,India,,CLOSED
S2097,Store_2097,,Hyderabad,MH,India,,CLOSED
S2098,,EAST,Indore,,India,2023-12-08,RENOVATION
,Store_2099,,Bengaluru,KL,India,2024-05-04,CLOSED
S2100,Store_2100,EAST,Pune,TS,,2024-07-19,
S2101,Store_2101,CENTRAL,Delhi,TS,,,RENOVATION
,Store_2102,,Chennai,KL,India,2021-07-05,CLOSED
S2103,Store_2103,,Mumbai,,India,2025-11-08,RENOVATION
,,CENTRAL,Jaipur,WB,India,2023-11-17,CLOSED
,Store_2105,,Delhi,DL,India,2025-10-18,OPEN
S2106,,EAST,Hyderabad,,India,2025-01-11,OPEN
,Store_2107,WEST,Indore,MH,India,,RENOVATION
S2108,Store_2108,,Kochi,,India,2026-02-02,CLOSED
S2109,Store_2109,,Bengaluru,,India,2022-02-07,CLOSED
S2110,Store_2110,NORTH,Hyderabad,MH,,,CLOSED
S2111,,WEST,Chennai,DL,,2022-06-22,CLOSED
S2112,Store_2112,,Indore,WB,India,2025-12-07,
S2113,Store_2113,NORTH,Mumbai,TS,,,RENOVATION
S2114,,WEST,,DL,India,2021-08-19,RENOVATION
S2115,Store_2115,,Kochi,,India,2022-01-13,OPEN
S2116,Store_2116,,Bengaluru,RJ,India,2024-05-01,
S2117,,NORTH,Jaipur,,India,2022-07-18,OPEN
S2118,Store_2118,,Mumbai,KL,India,2023-07-31,
S2119,Store_2119,,Hyderabad,,India,2025-05-18,OPEN
S2120,Store_2120,,,TN,India,2021-04-22,CLOSED
S2121,Store_2121,,Kolkata,TN,India,2022-02-28,
S2122,,NORTH,Kochi,MP,India,,CLOSED
,Store_2123,,Chennai,TN,India,2023-05-16,OPEN
S2124,,,Pune,KL,India,2022-10-17,CLOSED
S2125,Store_2125,WEST,,KA,India,,RENOVATION
S2126,Store_2126,CENTRAL,,TN,India,2024-10-30,
S2127,Store_2127,EAST,Pune,,India,2021-10-08,
S2128,,,Indore,MH,India,2023-07-05,RENOVATION
,Store_2129,WEST,Kochi,,India,2023-10-08,RENOVATION
S2130,Store_2130,EAST,Hyderabad,,,2025-05-31,OPEN
S2131,,EAST,Hyderabad,RJ,,2024-10-06,RENOVATION
S2132,,NORTH,Chennai,KL,,2022-07-22,RENOVATION
S2133,Store_2133,,,WB,India,2021-05-15,RENOVATION
S2134,Store_2134,SOUTH,,RJ,India,2024-06-21,
S2135,Store_2135,NORTH,Pune,,,2022-02-25,OPEN
S2136,Store_2136,NORTH,,MP,India,,RENOVATION
,Store_2137,SOUTH,Bengaluru,KA,India,,RENOVATION
S2138,Store_2138,,Jaipur,MP,India,,RENOVATION
S2139,Store_2139,CENTRAL,Chennai,KL,India,,
,,SOUTH,Delhi,DL,India,2021-04-16,CLOSED
S2141,Store_2141,,Hyderabad,KL,,2021-06-05,CLOSED
,Store_2142,NORTH,,WB,India,2023-10-09,RENOVATION
S2143,,NORTH,,MP,India,2024-11-15,OPEN
S2144,Store_2144,CENTRAL,,TS,India,2021-12-07,
,Store_2145,CENTRAL,Indore,TS,,2023-02-08,RENOVATION
S2146,Store_2146,CENTRAL,,,India,2023-11-17,OPEN
S2147,,EAST,,KL,India,2024-09-27,RENOVATION
,Store_2148,EAST,Mumbai,TS,India,,RENOVATION
S2149,,EAST,Pune,DL,India,2021-05-26,
,Store_2150,,Kochi,DL,India,2022-07-05,RENOVATION
S2151,Store_2151,,Pune,TN,India,,RENOVATION
S2152,,WEST,Kochi,TN,,2025-05-14,CLOSED
S2153,,SOUTH,,TN,India,2022-06-24,RENOVATION
,Store_2154,WEST,Jaipur,TN,,2022-01-25,CLOSED
S2155,Store_2155,CENTRAL,Delhi,,,2023-10-20,CLOSED
S2156,,WEST,Hyderabad,DL,India,2024-04-24,
S2157,,CENTRAL,Kolkata,WB,India,2024-10-24,
S2158,Store_2158,CENTRAL,,RJ,India,2021-09-24,
,,CENTRAL,Delhi,KL,India,2021-11-16,RENOVATION
S2160,,,Kolkata,MH,India,2021-05-12,RENOVATION
,Store_2161,,Hyderabad,MH,India,2025-11-11,OPEN
,Store_2162,WEST,Mumbai,MP,India,,RENOVATION
S2163,Store_2163,CENTRAL,Delhi,KL,,2026-01-01,
S2164,Store_2164,EAST,Chennai,KA,,,CLOSED
S2165,Store_2165,NORTH,Chennai,,India,2024-11-07,
S2166,Store_2166,,Hyderabad,TS,India,,CLOSED
S2167,Store_2167,CENTRAL,,MP,India,,OPEN
S2168,Store_2168,SOUTH,,RJ,India,2025-03-16,
S2169,,SOUTH,Jaipur,TN,India,,RENOVATION
S2170,,EAST,Kolkata,TS,India,,RENOVATION
S2171,Store_2171,,Indore,DL,India,,CLOSED
S2172,Store_2172,NORTH,,TN,India,,CLOSED
S2173,Store_2173,CENTRAL,,KL,India,,RENOVATION
S2174,Store_2174,,Bengaluru,DL,India,,OPEN
S2175,Store_2175,EAST,,MP,India,2022-09-26,
S2176,,SOUTH,Bengaluru,KL,India,,OPEN
S2177,Store_2177,SOUTH,,WB,India,,RENOVATION
,Store_2178,CENTRAL,Jaipur,MH,India,2024-06-03,
S2179,Store_2179,,,KL,India,2023-09-22,CLOSED
S2180,Store_2180,SOUTH,,TS,India,,CLOSED
S2181,Store_2181,WEST,Hyderabad,,India,,OPEN
S2182,,CENTRAL,Chennai,KL,India,2022-05-02,
S2183,Store_2183,WEST,Indore,,India,,RENOVATION
S2184,Store_2184,SOUTH,Kolkata,WB,,2023-10-06,
S2185,Store_2185,EAST,,KL,India,,RENOVATION
S2186,Store_2186,NORTH,Pune,KL,India,,
S2187,,,Bengaluru,MH,India,2024-09-10,CLOSED
S2188,,WEST,Kochi,MP,India,,CLOSED
S2189,,EAST,Chennai,MP,India,2025-08-31,
,Store_2190,NORTH,Indore,KA,India,,CLOSED
S2191,Store_2191,,Kochi,RJ,,2024-03-03,OPEN
,Store_2192,EAST,Indore,RJ,,2025-08-31,OPEN
,Store_2193,CENTRAL,Chennai,KL,,2023-03-30,OPEN
S2194,Store_2194,,Bengaluru,TS,,2023-03-24,RENOVATION
S2195,Store_2195,EAST,Delhi,,India,,CLOSED
,Store_2196,SOUTH,Kochi,,India,2023-02-01,CLOSED
S2197,Store_2197,,Hyderabad,TN,,2022-02-27,RENOVATION
,Store_2198,CENTRAL,Hyderabad,RJ,India,,CLOSED
S2199,Store_2199,,Bengaluru,WB,,2023-12-30,RENOVATION
S2200,Store_2200,,,TS,India,2023-09-24,CLOSED
S2201,Store_2201,SOUTH,Hyderabad,,India,,CLOSED
S2202,Store_2202,WEST,Bengaluru,KA,India,,
S2203,,WEST,Indore,DL,India,2022-03-28,
S2204,Store_2204,SOUTH,Jaipur,,India,2025-09-26,
S2205,Store_2205,EAST,,,India,2022-08-24,OPEN
S2206,Store_2206,CENTRAL,,MP,India,2021-11-20,
S2207,,,Hyderabad,WB,India,2024-05-22,CLOSED
S2208,Store_2208,WEST,Kochi,MH,India,,
S2209,Store_2209,EAST,,MH,India,2025-11-20,
S2210,Store_2210,,Mumbai,KL,India,,OPEN
S2211,,,Hyderabad,DL,India,2025-07-31,OPEN
S2212,,EAST,Pune,,India,2022-09-21,RENOVATION
,Store_2213,WEST,Chennai,MH,India,2022-01-15,
S2214,Store_2214,NORTH,Delhi,MH,India,,
S2215,,EAST,Pune,WB,India,2021-10-28,
S2216,Store_2216,WEST,Chennai,MH,India,,
S2217,Store_2217,WEST,,KA,India,,OPEN
S2218,Store_2218,EAST,,MH,India,2021-11-18,
,Store_2219,,Jaipur,RJ,India,2023-07-28,CLOSED
,Store_2220,CENTRAL,Pune,MP,India,,OPEN
S2221,Store_2221,SOUTH,Chennai,TS,India,,
S2222,Store_2222,,Indore,MP,India,2025-10-25,
,Store_2223,SOUTH,Chennai,DL,,2023-01-31,RENOVATION
,Store_2224,CENTRAL,,MP,India,2024-11-02,CLOSED
S2225,Store_2225,,Indore,KL,India,2025-10-14,
,Store_2226,NORTH,Indore,KA,India,2025-07-11,
S2227,Store_2227,,Kochi,WB,,2024-04-11,RENOVATION
S2228,Store_2228,NORTH,Chennai,,India,,CLOSED
,Store_2229,,Pune,TS,India,2021-11-14,CLOSED
S2230,,CENTRAL,,MP,India,2021-04-29,RENOVATION
S2231,,NORTH,,MP,India,2022-05-01,OPEN
S2232,Store_2232,EAST,,MP,India,,OPEN
S2233,Store_2233,SOUTH,Delhi,,,2025-05-09,CLOSED
S2234,Store_2234,NORTH,,TS,India,2024-03-25,
S2235,Store_2235,NORTH,Kolkata,,India,,CLOSED
S2236,Store_2236,,,WB,India,2021-05-10,OPEN
S2237,Store_2237,WEST,Jaipur,KL,,,RENOVATION
,,SOUTH,Delhi,KL,India,2021-11-06,CLOSED
S2239,Store_2239,,Pune,KL,India,2021-04-22,
,Store_2240,NORTH,Jaipur,KL,India,,OPEN
S2241,,EAST,Indore,,India,2023-05-14,CLOSED
S2242,Store_2242,SOUTH,Indore,,India,2025-03-25,
S2243,Store_2243,SOUTH,Pune,TS,,,RENOVATION
,Store_2244,SOUTH,Hyderabad,DL,India,,RENOVATION
,Store_2245,WEST,Kochi,WB,,2022-12-07,OPEN
S2246,Store_2246,NORTH,,,India,2023-07-30,OPEN
S2247,Store_2247,WEST,,RJ,,2025-07-08,OPEN
S2248,Store_2248,SOUTH,,KL,India,,RENOVATION
S2249,Store_2249,,,WB,India,2024-02-01,CLOSED
S2250,,EAST,Pune,KL,,2021-08-29,CLOSED
S2251,Store_2251,,,MH,India,2024-02-09,OPEN
S2252,,NORTH,,DL,India,2023-12-21,RENOVATION
S2253,Store_2253,EAST,Bengaluru,,India,,OPEN
,Store_2254,NORTH,,KA,India,2024-04-11,OPEN
S2255,Store_2255,,Hyderabad,KL,,2025-05-19,RENOVATION
S2256,,SOUTH,Pune,,India,2022-11-10,RENOVATION
,Store_2257,NORTH,Indore,RJ,India,2025-04-16,
S2258,,WEST,,WB,India,2023-08-24,OPEN
S2259,Store_2259,NORTH,Mumbai,TN,India,,
S2260,Store_2260,SOUTH,,,India,2025-07-18,RENOVATION
S2261,Store_2261,,Pune,TN,,2021-05-18,OPEN
S2262,Store_2262,,Delhi,MP,India,2025-12-24,
,Store_2263,WEST,Mumbai,,India,2024-06-26,OPEN
S2264,,NORTH,Indore,KL,India,,OPEN
S2265,,NORTH,,RJ,India,2022-09-20,CLOSED
S2266,Store_2266,EAST,Mumbai,MP,India,,
S2267,,NORTH,Hyderabad,,India,2024-03-19,CLOSED
S2268,Store_2268,,Kochi,TS,,2021-08-15,OPEN
,Store_2269,NORTH,Chennai,,India,2022-12-19,CLOSED
S2270,,WEST,,TS,India,2024-11-10,CLOSED
S2271,,NORTH,Kochi,MH,India,,RENOVATION
S2272,Store_2272,,,KL,India,2025-10-30,CLOSED
,Store_2273,CENTRAL,Indore,KL,,2024-07-12,RENOVATION
S2274,Store_2274,,Mumbai,KL,India,2022-03-30,
S2275,Store_2275,NORTH,,KA,India,,RENOVATION
S2276,Store_2276,WEST,Jaipur,,,2022-08-27,CLOSED
S2277,Store_2277,NORTH,,DL,,2024-09-04,RENOVATION
S2278,,NORTH,Delhi,TN,India,,RENOVATION
S2279,Store_2279,CENTRAL,Bengaluru,KA,India,,
S2280,Store_2280,CENTRAL,Delhi,DL,India,,
S2281,Store_2281,WEST,Chennai,TN,,,RENOVATION
S2282,Store_2282,SOUTH,Jaipur,KA,India,,
S2283,Store_2283,EAST,,,India,2024-05-13,OPEN
S2284,Store_2284,SOUTH,,TN,,2025-12-25,CLOSED
S2285,Store_2285,CENTRAL,Hyderabad,,,2024-05-10,OPEN
S2286,,EAST,,KA,India,2025-12-19,CLOSED
S2287,Store_2287,NORTH,Chennai,,India,,OPEN
S2288,,EAST,Hyderabad,KA,,2026-01-31,OPEN
,Store_2289,NORTH,Hyderabad,KA,India,,CLOSED
S2290,,,Hyderabad,TN,India,2023-06-28,CLOSED
,Store_2291,EAST,Bengaluru,RJ,,2022-11-05,CLOSED
S2292,Store_2292,,Chennai,,India,2023-09-30,CLOSED
S2293,Store_2293,NORTH,,KL,India,,CLOSED
,Store_2294,SOUTH,Jaipur,,India,2021-08-28,OPEN
S2295,Store_2295,,,RJ,India,2024-10-07,OPEN
,Store_2296,,Chennai,TN,India,2021-08-23,RENOVATION
S2297,Store_2297,WEST,,RJ,India,2025-02-13,
S2298,,NORTH,Jaipur,KL,India,2025-10-13,
,Store_2299,WEST,Indore,RJ,,2025-03-27,CLOSED
S2300,Store_2300,WEST,Chennai,,India,2021-11-18,
S2301,Store_2301,,Indore,MH,India,,RENOVATION
S2302,Store_2302,CENTRAL,Bengaluru,,,2025-12-02,RENOVATION
S2303,Store_2303,,Chennai,RJ,,2025-02-26,CLOSED
S2304,Store_2304,SOUTH,,TN,,2023-12-25,OPEN
,Store_2305,NORTH,Mumbai,TS,India,,RENOVATION
S2306,Store_2306,CENTRAL,Kochi,MH,,,OPEN
S2307,,CENTRAL,,KA,India,2021-12-06,RENOVATION
S2308,,SOUTH,,MP,India,2021-08-01,RENOVATION
S2309,Store_2309,NORTH,Indore,WB,,,RENOVATION
S2310,Store_2310,SOUTH,Hyderabad,WB,,,RENOVATION
S2311,Store_2311,NORTH,,,India,2024-02-13,RENOVATION
,,CENTRAL,Mumbai,MH,India,2022-04-24,RENOVATION
S2313,,,Jaipur,TS,India,2025-10-16,CLOSED
S2314,Store_2314,CENTRAL,,,India,2022-03-12,OPEN
S2315,Store_2315,CENTRAL,Jaipur,,,2023-03-22,RENOVATION
,Store_2316,NORTH,Chennai,,India,2022-03-03,OPEN
S2317,Store_2317,SOUTH,Delhi,,India,,OPEN
,,EAST,Hyderabad,KA,India,2024-09-04,OPEN
,Store_2319,EAST,Chennai,WB,India,,RENOVATION
,Store_2320,SOUTH,Bengaluru,TS,,2022-11-22,RENOVATION
S2321,Store_2321,WEST,Kolkata,MP,,,CLOSED
S2322,Store_2322,EAST,Hyderabad,DL,India,,
S2323,,EAST,Pune,TN,,2024-03-10,OPEN
S2324,Store_2324,NORTH,Indore,KL,,,OPEN
S2325,Store_2325,EAST,Chennai,,India,,OPEN
S2326,,NORTH,Kolkata,TS,India,,CLOSED
S2327,Store_2327,CENTRAL,,RJ,India,,OPEN
S2328,Store_2328,,Kochi,KL,India,,OPEN
S2329,,NORTH,Pune,MP,,2023-08-24,CLOSED
S2330,Store_2330,NORTH,Delhi,KL,India,,
S2331,Store_2331,EAST,Indore,,India,2021-11-23,
,,NORTH,Hyderabad,TN,India,2025-01-09,CLOSED
,Store_2333,NORTH,Kolkata,KA,India,,OPEN
S2334,Store_2334,SOUTH,,KL,India,2025-12-28,
,Store_2335,WEST,Pune,,India,2022-09-20,CLOSED
S2336,,SOUTH,Chennai,,India,2021-08-24,OPEN
S2337,,,Delhi,KA,India,2021-05-05,RENOVATION
,Store_2338,SOUTH,,KL,India,2023-02-23,OPEN
S2339,Store_2339,,Indore,TN,India,,RENOVATION
S2340,Store_2340,EAST,Pune,,,2025-04-06,OPEN
S2341,Store_2341,NORTH,Indore,,India,2021-10-19,
,Store_2342,SOUTH,Kolkata,,India,2024-04-29,RENOVATION
S2343,Store_2343,NORTH,,KL,,2024-02-18,OPEN
,Store_2344,CENTRAL,Hyderabad,WB,,2022-08-14,OPEN
S2345,Store_2345,,,DL,India,2024-06-21,OPEN
S2346,Store_2346,NORTH,,TN,India,,OPEN
,Store_2347,SOUTH,,KL,India,2021-03-02,OPEN
S2348,,WEST,,WB,India,2021-12-31,CLOSED
S2349,Store_2349,,Kolkata,DL,India,,OPEN
S2350,,,Hyderabad,MP,India,2022-01-05,RENOVATION
S2351,Store_2351,SOUTH,Bengaluru,,India,,CLOSED
S2352,Store_2352,NORTH,Kochi,MP,India,,
S2353,,,Jaipur,KL,India,2025-12-17,CLOSED
S2354,Store_2354,EAST,Jaipur,,India,,OPEN
S2355,Store_2355,,Bengaluru,,India,2025-12-12,CLOSED
S2356,Store_2356,,Indore,MP,,2023-02-01,CLOSED
,Store_2357,EAST,Hyderabad,DL,India,,OPEN
S2358,,EAST,Chennai,WB,India,2025-12-20,
S2359,Store_2359,,Kolkata,WB,,2022-09-23,OPEN
S2360,Store_2360,,Pune,RJ,,2025-01-04,RENOVATION
,Store_2361,SOUTH,Jaipur,WB,,2022-07-08,RENOVATION
S2362,Store_2362,EAST,,MP,India,2022-07-06,
S2363,,SOUTH,Indore,,India,2024-10-27,CLOSED
S2364,Store_2364,SOUTH,,WB,India,,OPEN
S2365,Store_2365,,Delhi,,India,2022-12-17,CLOSED
S2366,Store_2366,SOUTH,Mumbai,,India,,RENOVATION
,Store_2367,CENTRAL,Kolkata,DL,,2021-12-03,OPEN
S2368,Store_2368,,Indore,KL,India,2022-12-12,
S2369,Store_2369,NORTH,Bengaluru,WB,,,RENOVATION
S2370,Store_2370,,Delhi,,India,2021-06-13,RENOVATION
,Store_2371,WEST,Mumbai,,India,2025-10-12,CLOSED
S2372,,SOUTH,Pune,KL,,2023-02-06,OPEN
S2373,Store_2373,CENTRAL,,MP,India,,CLOSED
S2374,Store_2374,,Pune,,India,2023-06-03,OPEN
S2375,Store_2375,,Bengaluru,WB,India,,RENOVATION
S2376,,CENTRAL,,TN,India,2022-10-18,RENOVATION
,Store_2377,SOUTH,Delhi,WB,India,,OPEN
S2378,Store_2378,SOUTH,Kolkata,RJ,,2022-09-04,
S2379,Store_2379,EAST,Hyderabad,,India,,RENOVATION
S2380,Store_2380,,Delhi,DL,India,2021-08-24,
,Store_2381,,Mumbai,MH,India,2024-09-05,RENOVATION
S2382,Store_2382,CENTRAL,Kolkata,KA,India,,
,Store_2383,NORTH,Jaipur,WB,India,,RENOVATION
S2384,Store_2384,SOUTH,,TS,India,2024-02-16,
S2385,Store_2385,,Bengaluru,,India,2023-08-11,OPEN
,Store_2386,,Delhi,WB,India,2024-12-04,RENOVATION
S2387,,EAST,Pune,KL,,2023-04-03,RENOVATION
,Store_2388,SOUTH,Pune,MH,,2024-06-15,OPEN
S2389,,EAST,Indore,WB,India,2023-05-22,
,,EAST,Indore,TS,India,2021-06-11,OPEN
S2391,,NORTH,Hyderabad,WB,India,2025-07-28,
S2392,Store_2392,CENTRAL,,KL,India,,OPEN
S2393,Store_2393,,Kochi,,India,2025-12-11,OPEN
S2394,Store_2394,EAST,,DL,,2023-06-01,OPEN
,Store_2395,WEST,Jaipur,RJ,,2022-10-21,RENOVATION
,Store_2396,NORTH,Hyderabad,,India,2021-02-10,OPEN
S2397,Store_2397,WEST,,,India,2025-09-06,RENOVATION
S2398,Store_2398,NORTH,Chennai,,,2021-03-17,RENOVATION
,Store_2399,,Mumbai,KA,India,2024-09-01,RENOVATION
S2400,Store_2400,WEST,,MP,India,,OPEN
S2401,,,Pune,KL,India,2022-11-05,RENOVATION
S2402,,EAST,Mumbai,KL,India,,OPEN
S2403,Store_2403,,Mumbai,TN,,2024-09-12,RENOVATION
S2404,Store_2404,SOUTH,Mumbai,MP,,,RENOVATION
S2405,Store_2405,EAST,Delhi,,India,2021-10-02,
S2406,Store_2406,EAST,Kochi,,,2022-01-21,RENOVATION
,Store_2407,NORTH,,MH,India,2023-04-04,CLOSED
S2408,,EAST,Kolkata,,India,2022-07-02,CLOSED
S2409,Store_2409,,,KL,India,2025-11-23,RENOVATION
S2410,,SOUTH,Bengaluru,,India,2025-07-26,RENOVATION
,,NORTH,Delhi,KL,India,2021-09-16,RENOVATION
S2412,Store_2412,WEST,,,India,2025-01-24,RENOVATION
S2413,Store_2413,CENTRAL,Kolkata,MP,,,RENOVATION
S2414,Store_2414,CENTRAL,,TN,,2024-03-23,OPEN
S2415,,EAST,,MP,India,2025-09-29,OPEN
S2416,Store_2416,NORTH,Delhi,,,2021-11-05,RENOVATION
,Store_2417,CENTRAL,Jaipur,MP,,2025-05-04,RENOVATION
S2418,,CENTRAL,Pune,DL,India,,OPEN
S2419,Store_2419,WEST,,,India,2023-01-30,CLOSED
S2420,Store_2420,,Delhi,,India,2024-06-18,OPEN
,Store_2421,WEST,Chennai,,India,2023-04-29,CLOSED
S2422,,CENTRAL,,WB,India,2022-05-03,OPEN
S2423,Store_2423,EAST,Jaipur,TS,India,,
S2424,,WEST,Kolkata,TS,India,,OPEN
S2425,,EAST,Mumbai,KA,,2021-06-03,OPEN
S2426,Store_2426,CENTRAL,Pune,TS,,,OPEN
,Store_2427,WEST,Chennai,,India,2025-02-06,RENOVATION
S2428,Store_2428,WEST,Kolkata,,,2022-08-17,RENOVATION
S2429,,SOUTH,Hyderabad,WB,India,,OPEN
S2430,Store_2430,,Hyderabad,,India,2023-01-09,CLOSED
S2431,Store_2431,EAST,,TS,India,2022-09-12,
,Store_2432,CENTRAL,,KL,India,2023-09-28,CLOSED
S2433,,EAST,Kochi,MP,,2024-03-21,RENOVATION
S2434,Store_2434,,,MH,India,2022-04-10,CLOSED
S2435,,EAST,Mumbai,MP,,2021-05-01,OPEN
S2436,,NORTH,,DL,India,2024-03-18,CLOSED
,Store_2437,EAST,,DL,India,2021-05-08,OPEN
S2438,Store_2438,EAST,,MH,India,2021-03-18,
S2439,Store_2439,CENTRAL,Pune,TS,,2025-12-27,
S2440,Store_2440,WEST,Bengaluru,MH,,,OPEN
S2441,Store_2441,,Jaipur,TN,India,2025-02-17,
,Store_2442,,Kochi,DL,India,2025-03-08,OPEN
S2443,,,Delhi,DL,India,2025-08-08,CLOSED
S2444,Store_2444,,,MP,India,2022-07-18,OPEN
S2445,Store_2445,,Pune,KL,,2025-10-13,CLOSED
S2446,,SOUTH,Jaipur,WB,India,2021-11-27,
S2447,,CENTRAL,,DL,India,2023-05-10,RENOVATION
S2448,Store_2448,SOUTH,Bengaluru,RJ,,2025-06-13,
,Store_2449,WEST,Jaipur,MH,India,2023-06-13,
S2450,Store_2450,,Delhi,MH,India,,OPEN
,Store_2451,NORTH,Delhi,,India,2022-05-02,RENOVATION
S2452,Store_2452,EAST,Pune,,India,2023-03-02,
S2453,Store_2453,CENTRAL,Kochi,,India,2022-02-07,
S2454,Store_2454,CENTRAL,Mumbai,,India,2023-03-15,
S2455,Store_2455,NORTH,Chennai,,,2025-12-10,RENOVATION
S2456,Store_2456,EAST,Chennai,,,2025-06-22,CLOSED
,Store_2457,SOUTH,,KL,India,2022-12-04,RENOVATION
S2458,Store_2458,,Delhi,TN,India,2024-05-09,
S2459,Store_2459,EAST,Delhi,,,2025-10-28,CLOSED
,Store_2460,SOUTH,Kochi,RJ,India,,OPEN
S2461,,SOUTH,,KA,India,2021-09-22,OPEN
S2462,Store_2462,,Indore,MP,India,,CLOSED
S2463,Store_2463,WEST,Pune,MP,,2023-10-24,
,Store_2464,CENTRAL,Pune,RJ,India,2021-08-08,
,Store_2465,,Mumbai,TN,India,2024-03-22,CLOSED
S2466,Store_2466,EAST,Hyderabad,,India,2024-12-22,
S2467,Store_2467,CENTRAL,Jaipur,,India,2022-09-03,
S2468,,,Mumbai,WB,India,2023-10-24,CLOSED
S2469,,NORTH,Delhi,,India,2025-02-08,RENOVATION
S2470,Store_2470,,Indore,WB,India,2021-05-19,
S2471,Store_2471,SOUTH,Chennai,,India,,OPEN
S2472,Store_2472,SOUTH,,WB,India,,OPEN
S2473,,CENTRAL,,WB,India,2021-03-29,OPEN
,Store_2474,,Indore,DL,India,2024-01-19,OPEN
S2475,Store_2475,SOUTH,Kolkata,WB,India,,
S2476,Store_2476,NORTH,Kochi,TS,,,OPEN
,Store_2477,NORTH,Delhi,KL,,2024-06-14,CLOSED
S2478,Store_2478,WEST,Bengaluru,,India,2025-02-18,
S2479,,NORTH,Pune,DL,,2022-08-22,RENOVATION
,Store_2480,,Hyderabad,MP,India,2024-05-01,RENOVATION
,Store_2481,NORTH,Kochi,,India,2022-01-23,OPEN
S2482,,,Mumbai,KL,India,2023-11-28,CLOSED
S2483,Store_2483,CENTRAL,,DL,India,,RENOVATION
S2484,,WEST,Delhi,DL,,2024-11-22,CLOSED
,Store_2485,SOUTH,Kochi,,India,2024-08-05,CLOSED
S2486,Store_2486,CENTRAL,,,India,2024-02-16,RENOVATION
S2487,Store_2487,EAST,Mumbai,,,2025-06-13,CLOSED
S2488,Store_2488,NORTH,Jaipur,,India,2023-09-02,
S2489,Store_2489,,Indore,DL,India,2023-01-04,
,Store_2490,WEST,,WB,India,2023-02-21,CLOSED
,Store_2491,,Bengaluru,KA,India,2021-07-17,CLOSED
S2492,Store_2492,NORTH,Pune,,India,2025-01-16,
,Store_2493,,Jaipur,DL,India,2022-09-03,CLOSED
S2494,Store_2494,NORTH,,WB,India,,OPEN
S2495,,WEST,,KL,India,2023-12-06,OPEN
,Store_2496,SOUTH,Mumbai,WB,,2023-02-13,CLOSED
S2497,Store_2497,SOUTH,Delhi,RJ,,2024-01-18,
S2498,Store_2498,NORTH,Delhi,RJ,India,,
S2499,Store_2499,CENTRAL,Mumbai,DL,,,OPEN
S2500,Store_2500,,Hyderabad,TS,India,,CLOSED
S2501,Store_2501,,,DL,India,2021-10-28,CLOSED
,Store_2502,NORTH,Kolkata,MP,India,2024-06-03,
,Store_2503,SOUTH,Jaipur,TN,India,2024-12-09,
S2504,Store_2504,,Hyderabad,WB,India,2021-07-10,
S2505,Store_2505,EAST,Mumbai,,India,,RENOVATION
S2506,,SOUTH,Hyderabad,RJ,,2021-06-19,RENOVATION
,Store_2507,SOUTH,Indore,KA,,2023-01-13,RENOVATION
S2508,Store_2508,,Delhi,WB,India,2023-03-30,
S2509,,WEST,Kolkata,DL,,2023-09-06,CLOSED
S2510,Store_2510,,Bengaluru,TS,,2023-03-13,CLOSED
,Store_2511,EAST,Pune,KA,India,2023-02-23,
S2512,,SOUTH,,MH,India,2025-07-05,RENOVATION
S2513,Store_2513,,,WB,India,2021-06-13,OPEN
S2514,,EAST,Jaipur,MH,,2024-06-26,CLOSED
S2515,Store_2515,SOUTH,,KA,India,,RENOVATION
,Store_2516,SOUTH,Delhi,,India,2022-08-18,OPEN
S2517,,NORTH,Pune,DL,,2021-04-17,CLOSED
S2518,Store_2518,WEST,Jaipur,WB,India,,
S2519,Store_2519,EAST,,TS,India,2023-12-29,
S2520,Store_2520,,Pune,TN,India,,RENOVATION
,Store_2521,EAST,Kolkata,,India,2024-11-02,OPEN
S2522,Store_2522,NORTH,Kolkata,,,2021-06-08,CLOSED
S2523,Store_2523,SOUTH,Bengaluru,TN,,2021-10-07,
,Store_2524,,Kochi,RJ,India,2021-11-01,OPEN
,Store_2525,CENTRAL,Delhi,DL,India,2023-11-03,
S2526,Store_2526,EAST,Pune,WB,India,,
S2527,Store_2527,CENTRAL,,MP,India,2022-09-13,
S2528,Store_2528,SOUTH,,WB,,2025-07-14,RENOVATION
S2529,Store_2529,NORTH,Pune,,India,,RENOVATION
S2530,Store_2530,WEST,Mumbai,RJ,,,CLOSED
S2531,,NORTH,Bengaluru,WB,India,2021-10-18,
S2532,Store_2532,,Chennai,,India,2025-08-23,OPEN
S2533,Store_2533,,Chennai,KL,,2023-05-22,CLOSED
S2534,Store_2534,NORTH,Kochi,,,2022-05-19,RENOVATION
,Store_2535,NORTH,Mumbai,WB,,2024-07-31,RENOVATION
S2536,,CENTRAL,Bengaluru,DL,,2024-04-03,CLOSED
S2537,Store_2537,NORTH,,,India,2021-06-05,OPEN
S2538,Store_2538,EAST,Jaipur,,India,2024-07-16,
,Store_2539,CENTRAL,Bengaluru,KL,India,2024-08-17,
S2540,Store_2540,,Delhi,,India,2024-02-13,CLOSED
S2541,Store_2541,,Delhi,DL,,2024-04-19,OPEN
,Store_2542,EAST,Pune,,India,2024-05-11,OPEN
S2543,Store_2543,,Mumbai,RJ,,2023-02-15,RENOVATION
S2544,Store_2544,EAST,Chennai,,India,,CLOSED
S2545,Store_2545,,Chennai,,India,2022-11-20,CLOSED
S2546,,SOUTH,Kochi,KL,,2023-12-14,CLOSED
S2547,Store_2547,,Indore,RJ,India,2022-12-28,
S2548,Store_2548,NORTH,,MH,India,2024-04-29,
,Store_2549,NORTH,Indore,TS,,2025-05-18,RENOVATION
,Store_2550,CENTRAL,Kolkata,TN,,2021-04-11,OPEN
S2551,Store_2551,EAST,Indore,,,2023-03-16,RENOVATION
S2552,Store_2552,CENTRAL,Indore,,India,2021-07-11,
S2553,Store_2553,WEST,Delhi,KL,,,CLOSED
S2554,Store_2554,SOUTH,Jaipur,TN,,2021-05-21,
,Store_2555,NORTH,,TN,India,2025-01-27,CLOSED
S2556,Store_2556,,Kochi,RJ,India,2025-06-15,
S2557,,WEST,Mumbai,,India,2024-02-03,CLOSED
S2558,Store_2558,CENTRAL,Bengaluru,,,2025-05-08,RENOVATION
S2559,Store_2559,SOUTH,,MH,India,2021-06-19,
,Store_2560,SOUTH,Hyderabad,,India,2023-01-20,CLOSED
S2561,Store_2561,EAST,Delhi,,,2022-06-21,CLOSED
S2562,Store_2562,CENTRAL,Kolkata,TS,India,,
S2563,Store_2563,,Hyderabad,,India,2025-11-28,RENOVATION
S2564,,EAST,Delhi,MP,,2025-05-21,OPEN
S2565,,NORTH,Kolkata,RJ,India,2025-12-22,
S2566,Store_2566,,Bengaluru,,India,2022-04-24,RENOVATION
S2567,Store_2567,,Bengaluru,MP,India,2022-05-28,
S2568,Store_2568,NORTH,,DL,India,,OPEN
,Store_2569,CENTRAL,,TN,India,2024-04-13,OPEN
S2570,,SOUTH,Kolkata,KA,India,2023-12-13,
,Store_2571,,Hyderabad,MP,India,2024-09-30,OPEN
,Store_2572,CENTRAL,Chennai,,India,2024-01-19,RENOVATION
S2573,,NORTH,,MH,India,2025-12-18,CLOSED
S2574,,CENTRAL,Indore,MH,,2022-09-18,CLOSED
,Store_2575,WEST,Chennai,KA,,2022-09-07,OPEN
S2576,,WEST,Delhi,KL,India,,RENOVATION
,Store_2577,SOUTH,,RJ,India,2023-05-15,OPEN
,Store_2578,NORTH,,TS,India,2021-04-03,CLOSED
S2579,Store_2579,EAST,,TS,India,,CLOSED
S2580,,,Chennai,KA,India,2021-06-05,CLOSED
S2581,,WEST,Indore,,India,2022-11-11,CLOSED
S2582,Store_2582,NORTH,Chennai,,,2025-06-16,CLOSED
S2583,,EAST,,MP,India,2023-08-18,OPEN
S2584,Store_2584,,Jaipur,,India,2023-04-28,OPEN
S2585,Store_2585,WEST,,TS,India,2021-11-04,
S2586,,WEST,,KL,India,2021-07-02,CLOSED
,Store_2587,CENTRAL,Delhi,DL,India,2026-01-06,
,,EAST,Pune,TN,India,2024-02-10,RENOVATION
S2589,Store_2589,,Delhi,MH,India,2025-10-25,
,,NORTH,Mumbai,TN,India,2024-08-01,CLOSED
,Store_2591,SOUTH,Chennai,,India,2023-06-11,RENOVATION
S2592,,EAST,,WB,India,2026-01-05,OPEN
S2593,Store_2593,,Indore,MP,India,,CLOSED
S2594,Store_2594,,Kolkata,KL,,2021-09-03,OPEN
S2595,Store_2595,,Chennai,,India,2024-01-16,CLOSED
S2596,Store_2596,,,TS,India,2025-03-04,RENOVATION
S2597,,SOUTH,Delhi,MH,India,,CLOSED
S2598,Store_2598,NORTH,Delhi,WB,,,CLOSED
,Store_2599,NORTH,,WB,India,2026-01-05,RENOVATION
,,WEST,Kochi,DL,India,2021-12-18,CLOSED
,,CENTRAL,Chennai,DL,India,2022-10-12,OPEN
S2602,,CENTRAL,,TS,India,2021-07-29,CLOSED
S2603,,EAST,Chennai,WB,India,2025-02-17,
S2604,,CENTRAL,,DL,India,2023-07-03,OPEN
S2605,Store_2605,SOUTH,,,India,2022-07-03,OPEN
S2606,Store_2606,NORTH,Chennai,,,2024-05-15,OPEN
,Store_2607,CENTRAL,Kolkata,RJ,,2023-02-24,RENOVATION
S2608,Store_2608,NORTH,Bengaluru,,India,,RENOVATION
S2609,,WEST,Hyderabad,MP,India,,RENOVATION
S2610,,,Hyderabad,KL,India,2021-02-21,RENOVATION
,Store_2611,NORTH,Chennai,,India,2024-09-20,CLOSED
S2612,Store_2612,SOUTH,Hyderabad,WB,,2023-11-06,
S2613,Store_2613,NORTH,,,India,2023-10-08,RENOVATION
S2614,,CENTRAL,Bengaluru,,India,2025-08-18,RENOVATION
S2615,Store_2615,,Indore,KA,India,,RENOVATION
S2616,Store_2616,NORTH,Kochi,,India,2022-12-31,
S2617,Store_2617,CENTRAL,Pune,,India,2025-11-20,
S2618,,SOUTH,Mumbai,,India,2022-09-14,OPEN
S2619,Store_2619,SOUTH,Mumbai,RJ,India,,
,Store_2620,EAST,Kochi,,India,2021-06-30,CLOSED
S2621,Store_2621,,,DL,India,2025-06-17,CLOSED
S2622,Store_2622,EAST,Kolkata,DL,India,,
S2623,,CENTRAL,Hyderabad,MH,,2022-10-19,OPEN
,Store_2624,CENTRAL,Kolkata,RJ,,2023-12-11,OPEN
S2625,,SOUTH,Kochi,KA,India,2024-12-15,
S2626,Store_2626,,,KA,India,2021-08-15,OPEN
S2627,Store_2627,NORTH,,DL,India,,CLOSED
S2628,Store_2628,EAST,,KA,India,2021-04-03,
S2629,Store_2629,SOUTH,Delhi,,India,,CLOSED
S2630,,,Hyderabad,KL,India,2024-10-09,CLOSED
S2631,Store_2631,,Hyderabad,,India,2023-01-29,CLOSED
,Store_2632,NORTH,Delhi,KL,India,,RENOVATION
S2633,Store_2633,WEST,,KA,India,2023-05-20,
S2634,Store_2634,,Hyderabad,RJ,India,2023-06-06,
S2635,Store_2635,NORTH,,,India,2023-08-07,RENOVATION
S2636,Store_2636,CENTRAL,Pune,WB,India,,
S2637,,CENTRAL,Delhi,WB,India,2024-01-25,
,Store_2638,SOUTH,Hyderabad,,India,2024-05-09,OPEN
,Store_2639,SOUTH,Kolkata,,India,2026-01-15,RENOVATION
,Store_2640,,Bengaluru,TS,India,2023-07-30,OPEN
S2641,Store_2641,,Kolkata,KA,India,,CLOSED
S2642,,EAST,Hyderabad,RJ,India,,CLOSED
S2643,Store_2643,NORTH,Kochi,MP,,2024-02-07,
,Store_2644,EAST,Mumbai,,India,2022-01-27,OPEN
,Store_2645,EAST,Kochi,MP,India,,RENOVATION
S2646,Store_2646,CENTRAL,,DL,India,,OPEN
S2647,,EAST,,RJ,India,2024-02-06,CLOSED
S2648,Store_2648,CENTRAL,Bengaluru,KL,India,,
S2649,Store_2649,,Pune,RJ,India,2021-05-31,
S2650,Store_2650,NORTH,Mumbai,,,2023-12-27,OPEN
,Store_2651,NORTH,Mumbai,KA,,2023-12-21,CLOSED
S2652,,CENTRAL,,KL,India,2024-11-11,CLOSED
S2653,Store_2653,CENTRAL,Kolkata,,,2024-01-15,CLOSED
,Store_2654,WEST,Pune,MP,India,2021-09-25,
S2655,,WEST,Chennai,,India,2023-09-15,CLOSED
S2656,,WEST,Delhi,,India,2021-09-13,OPEN
S2657,,NORTH,,TS,India,2021-02-16,CLOSED
,,WEST,Kochi,TS,India,2023-06-21,CLOSED
S2659,Store_2659,EAST,,MP,,2026-01-10,CLOSED
S2660,,,Chennai,MH,India,2023-09-09,OPEN
S2661,,SOUTH,Jaipur,KL,India,2022-11-07,
S2662,,NORTH,Chennai,KL,India,2022-03-04,
S2663,,NORTH,,TS,India,2022-12-10,OPEN
,Store_2664,SOUTH,Delhi,,India,2021-04-13,OPEN
S2665,Store_2665,,,WB,India,2024-02-07,CLOSED
S2666,Store_2666,WEST,Hyderabad,,India,,CLOSED
S2667,,SOUTH,,RJ,India,2025-11-07,CLOSED
,,NORTH,Chennai,WB,India,2025-02-07,RENOVATION
S2669,,,Mumbai,DL,India,2026-01-15,RENOVATION
,Store_2670,WEST,,KA,India,2024-02-13,OPEN
,Store_2671,SOUTH,,TN,India,2023-03-21,CLOSED
S2672,,SOUTH,Chennai,,India,2021-11-17,RENOVATION
S2673,Store_2673,,Hyderabad,DL,India,,CLOSED
S2674,Store_2674,SOUTH,Indore,WB,,,RENOVATION
S2675,Store_2675,WEST,,,India,2021-08-25,OPEN
S2676,Store_2676,WEST,,TN,India,,RENOVATION
S2677,,NORTH,Hyderabad,KL,,2022-11-10,RENOVATION
S2678,Store_2678,CENTRAL,Chennai,,India,,RENOVATION
S2679,,WEST,Bengaluru,,India,2022-10-26,CLOSED
,Store_2680,EAST,,TN,India,2023-01-14,CLOSED
,Store_2681,EAST,Pune,,India,2024-09-25,CLOSED
S2682,,NORTH,Jaipur,KA,India,2022-01-07,
S2683,Store_2683,SOUTH,Mumbai,,,2025-08-05,CLOSED
S2684,Store_2684,CENTRAL,,,India,2021-06-10,CLOSED
S2685,Store_2685,CENTRAL,Delhi,WB,,2021-12-23,
,Store_2686,SOUTH,,TN,India,2021-04-29,RENOVATION
,Store_2687,,Hyderabad,DL,India,2022-07-21,OPEN
S2688,Store_2688,EAST,Chennai,RJ,India,,
,Store_2689,SOUTH,Kolkata,,India,2024-11-13,RENOVATION
S2690,Store_2690,,Bengaluru,MP,India,,RENOVATION
S2691,Store_2691,EAST,,,India,2025-10-06,RENOVATION
S2692,Store_2692,,Jaipur,,India,2023-01-07,RENOVATION
S2693,Store_2693,SOUTH,,KA,India,,OPEN
S2694,Store_2694,EAST,Kochi,WB,India,,
S2695,Store_2695,CENTRAL,Hyderabad,,India,2024-05-06,
S2696,Store_2696,WEST,Pune,,India,,RENOVATION
S2697,Store_2697,,,WB,India,2023-04-13,CLOSED
S2698,Store_2698,WEST,Jaipur,,,2022-11-01,OPEN
,Store_2699,EAST,,KA,India,2025-03-28,OPEN
S2700,,NORTH,,RJ,India,2021-02-18,CLOSED
S2701,Store_2701,WEST,Kolkata,RJ,India,,
,Store_2702,NORTH,Delhi,,India,2021-10-31,CLOSED
S2703,Store_2703,,Kochi,DL,India,,OPEN
S2704,,CENTRAL,Mumbai,MH,,2023-09-13,RENOVATION
S2705,Store_2705,SOUTH,,TS,India,2022-02-17,
,Store_2706,WEST,Pune,,India,2024-11-03,CLOSED
S2707,Store_2707,WEST,,TS,India,,RENOVATION
S2708,Store_2708,NORTH,,DL,India,2022-06-17,
S2709,Store_2709,NORTH,Chennai,TS,,,RENOVATION
S2710,Store_2710,NORTH,Bengaluru,TN,India,,
,Store_2711,,Chennai,DL,India,2023-09-09,OPEN
,,CENTRAL,Delhi,MH,India,2022-02-14,RENOVATION
S2713,Store_2713,,Mumbai,KL,India,2025-10-10,
S2714,Store_2714,NORTH,,RJ,,2024-03-19,CLOSED
S2715,Store_2715,CENTRAL,Kolkata,,,2022-07-14,OPEN
S2716,Store_2716,SOUTH,,KA,India,,OPEN
,Store_2717,NORTH,Jaipur,KL,,2021-06-18,CLOSED
S2718,Store_2718,SOUTH,Kolkata,MP,India,,
,Store_2719,CENTRAL,Kolkata,KA,India,,CLOSED
S2720,,,Kolkata,WB,India,2024-07-23,CLOSED
S2721,Store_2721,,,MP,India,2022-02-13,CLOSED
S2722,Store_2722,NORTH,Mumbai,,India,2021-04-18,
S2723,Store_2723,WEST,Jaipur,KA,India,,
S2724,Store_2724,,Pune,TN,,2022-05-21,OPEN
S2725,Store_2725,,,RJ,India,2021-09-07,OPEN
S2726,Store_2726,WEST,,TN,India,,OPEN
S2727,Store_2727,,Kochi,RJ,,2025-06-16,CLOSED
S2728,Store_2728,EAST,Indore,DL,,,CLOSED
,Store_2729,WEST,Hyderabad,,India,2022-06-15,OPEN
,Store_2730,NORTH,Kochi,,India,2023-05-18,OPEN
S2731,Store_2731,WEST,,RJ,,2022-12-18,OPEN
S2732,,,Hyderabad,KL,India,2021-07-31,CLOSED
S2733,Store_2733,,Kolkata,,India,2024-06-29,OPEN
S2734,Store_2734,WEST,,KL,India,,CLOSED
S2735,Store_2735,,Bengaluru,MP,India,,RENOVATION
,Store_2736,,Kolkata,KA,India,2021-04-14,CLOSED
,Store_2737,NORTH,Pune,DL,,2025-11-13,OPEN
S2738,,,Pune,TS,India,2021-03-08,CLOSED
,Store_2739,,Chennai,TN,India,2025-02-06,OPEN
S2740,Store_2740,,Kolkata,TS,,2025-01-20,RENOVATION
,Store_2741,SOUTH,Indore,MH,India,2022-06-03,
,Store_2742,WEST,Chennai,RJ,,2025-08-07,OPEN
S2743,Store_2743,NORTH,Kolkata,,India,2021-04-23,
,Store_2744,CENTRAL,Kochi,,India,2024-04-18,CLOSED
S2745,,EAST,,MH,India,2022-10-26,CLOSED
S2746,Store_2746,,,TS,India,2023-09-27,CLOSED
,Store_2747,,Bengaluru,TS,India,2023-10-23,CLOSED
S2748,Store_2748,EAST,Bengaluru,,India,,CLOSED
S2749,Store_2749,,,TS,India,2022-05-10,RENOVATION
S2750,Store_2750,,,DL,India,2023-11-30,RENOVATION
S2751,Store_2751,CENTRAL,Pune,WB,India,,
S2752,,,Mumbai,RJ,India,2021-07-21,RENOVATION
,Store_2753,,Pune,WB,India,2021-11-13,CLOSED
,Store_2754,SOUTH,,KA,India,2023-05-21,RENOVATION
S2755,,SOUTH,,TS,India,2022-06-25,CLOSED
,Store_2756,EAST,Jaipur,,India,2022-12-09,OPEN
S2757,Store_2757,EAST,,,India,2024-10-22,RENOVATION
S2758,,WEST,,TN,India,2025-04-12,RENOVATION
S2759,Store_2759,SOUTH,Kochi,DL,,2024-04-24,
S2760,Store_2760,WEST,Bengaluru,TN,,2024-09-26,
S2761,Store_2761,,Chennai,,India,2024-04-25,RENOVATION
S2762,Store_2762,,Kochi,,India,2025-10-11,CLOSED
S2763,Store_2763,NORTH,Indore,DL,,,OPEN
S2764,Store_2764,,Bengaluru,RJ,,2023-03-08,OPEN
S2765,,SOUTH,Mumbai,RJ,India,2026-01-15,
S2766,,SOUTH,,MP,India,2025-10-28,CLOSED
S2767,Store_2767,WEST,,,India,2025-12-05,RENOVATION
S2768,,,Pune,DL,India,2025-05-16,OPEN
,Store_2769,EAST,Delhi,,India,2023-03-04,CLOSED
S2770,,CENTRAL,,TN,India,2024-01-27,CLOSED
S2771,Store_2771,NORTH,Delhi,MP,India,,
S2772,,,Delhi,RJ,India,2021-04-12,CLOSED
S2773,,WEST,Jaipur,,India,2024-12-05,CLOSED
,Store_2774,NORTH,Pune,,India,2022-11-02,OPEN
S2775,Store_2775,NORTH,Delhi,,India,2024-07-05,
S2776,Store_2776,EAST,,TS,India,,CLOSED
S2777,Store_2777,EAST,Pune,KA,India,,
S2778,,EAST,Indore,TN,India,,OPEN
,Store_2779,CENTRAL,Pune,MP,India,,CLOSED
,Store_2780,EAST,Indore,WB,India,,CLOSED
S2781,,EAST,,DL,India,2021-07-19,CLOSED
S2782,,EAST,Kochi,KL,India,,RENOVATION
,Store_2783,CENTRAL,Delhi,MH,India,2024-10-07,
,Store_2784,CENTRAL,Bengaluru,MP,India,,OPEN
S2785,Store_2785,,Delhi,MH,India,,CLOSED
S2786,,NORTH,Hyderabad,KL,,2024-02-25,CLOSED
S2787,,NORTH,Indore,TN,,2024-06-26,RENOVATION
S2788,,NORTH,Kochi,WB,India,,RENOVATION
S2789,Store_2789,,Indore,KA,India,,CLOSED
S2790,Store_2790,NORTH,,,India,2025-10-18,OPEN
S2791,Store_2791,SOUTH,Kolkata,WB,,2025-11-14,
,Store_2792,,Kolkata,MP,India,2025-04-07,OPEN
S2793,Store_2793,,Kochi,RJ,India,,RENOVATION
S2794,Store_2794,NORTH,,TN,India,2022-11-21,
,Store_2795,NORTH,Kochi,TN,,2025-01-09,OPEN
S2796,Store_2796,SOUTH,Pune,,India,2021-11-27,
S2797,,WEST,Mumbai,,India,2022-09-26,OPEN
S2798,Store_2798,NORTH,Mumbai,,India,2025-01-14,
S2799,Store_2799,SOUTH,,MH,India,,RENOVATION
S2800,Store_2800,CENTRAL,Kochi,,India,2022-05-06,
,Store_2801,SOUTH,Chennai,KL,,2021-05-10,CLOSED
S2802,Store_2802,,Kolkata,DL,India,,OPEN
S2803,,,Pune,RJ,India,2025-01-29,CLOSED
S2804,Store_2804,WEST,Kolkata,KA,,,RENOVATION
,,WEST,Kolkata,KL,India,2023-05-16,RENOVATION
S2806,,,Kolkata,TN,India,2023-12-03,CLOSED
S2807,Store_2807,SOUTH,,KL,,2022-06-17,OPEN
S2808,,SOUTH,Indore,,India,2023-11-20,CLOSED
,Store_2809,,Pune,DL,India,2024-07-31,CLOSED
,,WEST,Delhi,TS,India,2025-05-28,OPEN
S2811,Store_2811,,Pune,MP,India,,OPEN
S2812,,NORTH,,MH,India,2022-02-21,CLOSED
,,WEST,Mumbai,MP,India,2025-12-15,CLOSED
,Store_2814,SOUTH,Chennai,MH,India,,RENOVATION
S2815,,EAST,Kolkata,KL,India,,OPEN
S2816,Store_2816,NORTH,,,India,2024-01-25,CLOSED
S2817,Store_2817,CENTRAL,,DL,India,,OPEN
S2818,Store_2818,NORTH,Pune,TN,India,,
S2819,Store_2819,EAST,Delhi,,India,2025-01-20,
S2820,,NORTH,,MH,India,2025-06-26,OPEN
S2821,,CENTRAL,,MP,India,2024-12-15,OPEN
S2822,,CENTRAL,,WB,India,2025-09-21,CLOSED
,Store_2823,,Delhi,KL,India,2024-07-31,CLOSED
,Store_2824,NORTH,Kolkata,TN,India,,OPEN
,Store_2825,EAST,Kolkata,WB,India,,RENOVATION
,Store_2826,EAST,Kochi,,India,2021-08-08,CLOSED
S2827,,SOUTH,Indore,DL,,2023-07-19,OPEN
S2828,,EAST,Indore,,India,2023-09-03,RENOVATION
,,CENTRAL,Jaipur,MP,India,2024-04-17,OPEN
S2830,,CENTRAL,Kolkata,RJ,India,,RENOVATION
S2831,,WEST,Mumbai,KA,,2021-11-09,CLOSED
S2832,,EAST,,RJ,India,2024-03-25,CLOSED
S2833,Store_2833,CENTRAL,,MH,India,,RENOVATION
S2834,Store_2834,,Mumbai,MP,India,,RENOVATION
S2835,Store_2835,,Kolkata,MH,India,2025-12-27,
,Store_2836,EAST,Bengaluru,RJ,India,,CLOSED
,Store_2837,NORTH,Kolkata,,India,2025-01-28,RENOVATION
,,WEST,Jaipur,MH,India,2025-05-19,OPEN
S2839,Store_2839,CENTRAL,,MP,,2025-05-17,CLOSED
S2840,Store_2840,,Bengaluru,KA,India,,RENOVATION
,,EAST,Hyderabad,MP,India,2021-05-09,CLOSED
S2842,Store_2842,CENTRAL,Hyderabad,,India,,OPEN
,Store_2843,WEST,Bengaluru,,India,2022-06-15,CLOSED
S2844,Store_2844,NORTH,Hyderabad,,,2024-01-19,RENOVATION
,Store_2845,,Chennai,MH,India,2021-05-15,OPEN
,,SOUTH,Jaipur,MH,India,2024-03-17,OPEN
S2847,Store_2847,,Indore,WB,India,2024-04-13,
,,CENTRAL,Indore,MH,India,2024-06-28,CLOSED
S2849,Store_2849,CENTRAL,Kochi,,,2023-05-22,CLOSED
S2850,Store_2850,CENTRAL,Pune,TN,India,,
S2851,,CENTRAL,Mumbai,,India,2024-06-22,OPEN
,Store_2852,WEST,Chennai,,India,2026-01-04,OPEN
S2853,Store_2853,CENTRAL,Indore,,India,,CLOSED
S2854,Store_2854,SOUTH,Kolkata,MH,India,,
S2855,Store_2855,SOUTH,Mumbai,,,2024-07-23,OPEN
,,NORTH,Hyderabad,MH,India,2025-04-30,RENOVATION
S2857,,CENTRAL,Kochi,,India,2021-08-07,CLOSED
S2858,,NORTH,,TN,India,2022-10-24,RENOVATION
S2859,,SOUTH,Chennai,KL,,2025-12-09,CLOSED
S2860,,CENTRAL,Delhi,,India,2022-07-01,RENOVATION
S2861,Store_2861,,Indore,WB,,2025-06-19,CLOSED
,Store_2862,NORTH,Jaipur,MH,India,2025-09-14,
,Store_2863,NORTH,,MH,India,2022-12-09,CLOSED
S2864,Store_2864,SOUTH,Mumbai,MP,,,CLOSED
S2865,Store_2865,WEST,Mumbai,WB,,2024-01-09,
S2866,,CENTRAL,Kochi,MH,,2025-10-11,RENOVATION
S2867,Store_2867,WEST,Delhi,,,2024-09-01,CLOSED
,Store_2868,SOUTH,Hyderabad,MH,,2022-02-24,OPEN
S2869,Store_2869,NORTH,,WB,India,,OPEN
,Store_2870,NORTH,Pune,MH,,2023-02-17,RENOVATION
S2871,,NORTH,,DL,India,2025-09-24,CLOSED
S2872,Store_2872,CENTRAL,,,India,2024-01-28,CLOSED
S2873,Store_2873,,Hyderabad,TS,,2024-07-18,CLOSED
,Store_2874,SOUTH,Jaipur,,India,2025-08-23,RENOVATION
S2875,Store_2875,CENTRAL,,,India,2025-05-13,CLOSED
S2876,,EAST,,MH,India,2024-10-25,OPEN
S2877,,NORTH,Bengaluru,DL,India,,CLOSED
S2878,Store_2878,,,RJ,India,2023-08-29,CLOSED
S2879,,WEST,Pune,KL,India,2024-12-20,
,Store_2880,CENTRAL,Kolkata,RJ,India,2023-09-21,
,Store_2881,CENTRAL,Hyderabad,TS,India,2021-03-10,
S2882,Store_2882,EAST,Kolkata,KL,India,,
,,SOUTH,Mumbai,WB,India,2025-02-26,OPEN
S2884,Store_2884,,,WB,India,2024-09-24,OPEN
S2885,,WEST,,RJ,India,2025-09-01,CLOSED
,Store_2886,NORTH,Kochi,RJ,,2022-11-10,RENOVATION
,,SOUTH,Kochi,KA,India,2021-12-03,RENOVATION
S2888,Store_2888,EAST,Pune,KL,,2024-09-08,
S2889,Store_2889,,,RJ,India,2021-06-11,CLOSED
S2890,,EAST,,MH,India,2025-02-19,CLOSED
S2891,,NORTH,Indore,RJ,India,,CLOSED
,Store_2892,,Delhi,TN,India,2021-09-29,RENOVATION
S2893,Store_2893,WEST,Kolkata,MP,,2021-11-16,
S2894,,WEST,,RJ,India,2023-05-19,OPEN
,Store_2895,NORTH,Jaipur,MH,,2023-01-31,CLOSED
S2896,Store_2896,EAST,,MP,India,2025-08-22,
S2897,Store_2897,,Kolkata,,India,2021-08-30,RENOVATION
S2898,,NORTH,Chennai,WB,India,2024-05-31,
,Store_2899,EAST,Hyderabad,WB,India,,OPEN
S2900,Store_2900,SOUTH,Indore,,India,2025-01-27,
,Store_2901,NORTH,Mumbai,,India,2022-02-03,RENOVATION
S2902,,CENTRAL,,DL,India,2025-11-15,RENOVATION
S2903,Store_2903,CENTRAL,,WB,India,2023-07-19,
S2904,Store_2904,SOUTH,,TN,India,,OPEN
S2905,Store_2905,,Kolkata,,India,2026-01-08,CLOSED
S2906,Store_2906,,,WB,India,2023-05-20,CLOSED
S2907,Store_2907,NORTH,Chennai,,India,,CLOSED
S2908,Store_2908,,Chennai,WB,,2021-06-16,OPEN
,Store_2909,CENTRAL,Mumbai,RJ,India,2023-08-25,
,Store_2910,WEST,,RJ,India,2022-01-24,RENOVATION
,Store_2911,EAST,Indore,WB,India,2023-11-03,
S2912,Store_2912,,Kochi,MH,India,2025-08-15,
S2913,Store_2913,WEST,Jaipur,KL,,,OPEN
S2914,Store_2914,NORTH,,DL,,2025-08-26,OPEN
,Store_2915,WEST,Indore,KA,India,2023-05-05,
,Store_2916,NORTH,Bengaluru,KA,India,2025-01-14,
,Store_2917,NORTH,Hyderabad,MP,India,2021-11-17,
S2918,Store_2918,EAST,Bengaluru,,India,,RENOVATION
S2919,Store_2919,NORTH,Chennai,TS,,,OPEN
S2920,Store_2920,SOUTH,Delhi,,India,,CLOSED
S2921,Store_2921,,Pune,DL,India,2022-03-14,
S2922,,EAST,Kolkata,KA,,2026-01-10,RENOVATION
S2923,Store_2923,CENTRAL,Kolkata,,,2021-03-21,OPEN
S2924,Store_2924,SOUTH,Pune,TN,,2025-05-10,
,Store_2925,SOUTH,Indore,KL,,2023-01-08,CLOSED
S2926,,,Bengaluru,TN,India,2025-07-09,RENOVATION
,,CENTRAL,Jaipur,KL,India,2025-09-06,OPEN
S2928,,EAST,Jaipur,KL,India,,OPEN
,Store_2929,CENTRAL,Hyderabad,KA,India,2024-02-04,
S2930,Store_2930,,Kolkata,MP,India,2023-07-10,
S2931,Store_2931,NORTH,,KL,India,2024-05-20,
,Store_2932,EAST,Indore,WB,India,,RENOVATION
S2933,,SOUTH,Kolkata,TS,,2023-05-23,RENOVATION
,Store_2934,SOUTH,Pune,WB,India,,OPEN
S2935,Store_2935,SOUTH,Kolkata,TS,India,,
S2936,Store_2936,EAST,,TN,India,,RENOVATION
S2937,,SOUTH,Delhi,,India,2023-08-16,RENOVATION
,Store_2938,WEST,Kochi,TN,,2021-08-15,RENOVATION
S2939,,WEST,Indore,TN,India,,OPEN
,Store_2940,EAST,,TN,India,2023-11-02,CLOSED
,Store_2941,SOUTH,Pune,KL,India,2024-12-08,
S2942,Store_2942,WEST,Mumbai,TN,India,,
S2943,Store_2943,CENTRAL,Hyderabad,MH,,2023-08-12,
S2944,Store_2944,EAST,,RJ,India,2024-10-03,
S2945,,CENTRAL,Chennai,,India,2025-05-28,RENOVATION
S2946,,EAST,Delhi,KA,India,,CLOSED
,Store_2947,NORTH,Delhi,TS,,2021-11-18,RENOVATION
S2948,,NORTH,Delhi,WB,India,,RENOVATION
S2949,Store_2949,CENTRAL,Jaipur,MH,,2024-05-13,
S2950,,WEST,Indore,MH,,2023-09-24,RENOVATION
S2951,Store_2951,WEST,Kochi,,,2025-10-15,CLOSED
S2952,Store_2952,,Pune,MP,India,,RENOVATION
S2953,Store_2953,NORTH,Jaipur,,India,,OPEN
S2954,Store_2954,WEST,,MH,India,,CLOSED
S2955,Store_2955,CENTRAL,,KA,India,2023-07-11,
S2956,Store_2956,WEST,Bengaluru,TN,,,OPEN
,Store_2957,SOUTH,Pune,RJ,India,,RENOVATION
,Store_2958,,Kochi,MH,India,2021-07-16,OPEN
S2959,Store_2959,SOUTH,Delhi,,,2022-03-05,OPEN
S2960,Store_2960,CENTRAL,,TN,India,2024-09-15,
S2961,,SOUTH,Kochi,,India,2024-08-23,OPEN
,Store_2962,,Indore,TN,India,2025-03-24,CLOSED
S2963,Store_2963,EAST,Chennai,,India,2022-10-23,
S2964,,,Chennai,WB,India,2022-08-20,CLOSED
S2965,Store_2965,,Bengaluru,,India,2021-05-23,CLOSED
S2966,,NORTH,,TN,India,2025-08-16,RENOVATION
S2967,Store_2967,NORTH,Indore,,,2022-06-12,OPEN
S2968,Store_2968,NORTH,Kolkata,,India,2023-12-11,
S2969,Store_2969,SOUTH,,DL,India,2025-02-05,
S2970,Store_2970,,Kolkata,WB,India,,OPEN
S2971,Store_2971,WEST,Mumbai,WB,India,,
S2972,Store_2972,WEST,,TS,India,,CLOSED
S2973,,SOUTH,Delhi,DL,India,,RENOVATION
S2974,Store_2974,,Kolkata,DL,,2021-02-03,OPEN
,Store_2975,EAST,Bengaluru,KA,India,,OPEN
S2976,,WEST,Indore,MH,India,,RENOVATION
,Store_2977,EAST,Indore,WB,,2022-09-02,OPEN
,Store_2978,WEST,Bengaluru,,India,2023-05-11,OPEN
S2979,Store_2979,NORTH,Kolkata,KL,,2024-11-07,
S2980,Store_2980,WEST,,,India,2025-04-29,RENOVATION
S2981,Store_2981,SOUTH,,KL,India,2023-02-01,
,Store_2982,NORTH,,RJ,India,2021-09-07,OPEN
S2983,Store_2983,,Kochi,WB,,2024-12-12,RENOVATION
S2984,Store_2984,,Pune,,India,2022-09-12,RENOVATION
S2985,Store_2985,CENTRAL,Jaipur,MP,,2022-02-19,
S2986,Store_2986,,Mumbai,RJ,,2022-03-26,CLOSED
S2987,,NORTH,Kochi,RJ,India,,OPEN
S2988,Store_2988,WEST,Bengaluru,KA,,,OPEN
S2989,Store_2989,WEST,,KA,India,2024-12-04,
S2990,Store_2990,SOUTH,Jaipur,MP,India,,
,Store_2991,EAST,Mumbai,TS,,2025-09-13,OPEN
S2992,Store_2992,EAST,Jaipur,,India,2024-11-27,
S2993,Store_2993,,Jaipur,KL,India,,RENOVATION
S2994,Store_2994,EAST,,,India,2025-09-19,OPEN
,Store_2995,NORTH,Mumbai,,India,2021-04-23,CLOSED
S2996,,CENTRAL,,DL,India,2022-09-16,CLOSED
S2997,Store_2997,,,WB,India,2024-12-15,RENOVATION
,Store_2998,EAST,,RJ,India,2025-08-03,RENOVATION
S2999,Store_2999,NORTH,Kochi,TS,,2021-11-13,
,Store_3000,CENTRAL,,KA,India,2022-09-27,OPEN
S3001,Store_3001,NORTH,,MP,,2022-06-28,CLOSED
S3002,Store_3002,CENTRAL,,DL,India,,RENOVATION
S3003,Store_3003,EAST,Hyderabad,KL,,2022-05-10,
S3004,Store_3004,,Kochi,KA,India,,CLOSED
S3005,Store_3005,,,KL,India,2021-02-23,RENOVATION
,Store_3006,EAST,Jaipur,MP,India,2023-04-20,
,,EAST,Jaipur,KA,India,2023-01-09,OPEN
S3008,Store_3008,EAST,Indore,TS,India,,
S3009,Store_3009,,Chennai,TS,India,,OPEN
S3010,,CENTRAL,Bengaluru,TN,India,,CLOSED
S3011,,NORTH,Hyderabad,MH,India,2026-01-10,
S3012,Store_3012,,Mumbai,KA,India,2022-12-22,
S3013,,NORTH,Mumbai,,India,2022-12-13,CLOSED
S3014,,,Indore,WB,India,2025-02-01,RENOVATION
,Store_3015,CENTRAL,Chennai,,India,2024-01-25,OPEN
S3016,Store_3016,WEST,Bengaluru,RJ,India,,
S3017,Store_3017,SOUTH,,KL,,2021-05-01,OPEN
S3018,Store_3018,NORTH,,MP,,2022-06-12,RENOVATION
S3019,Store_3019,,Bengaluru,WB,India,,CLOSED
S3020,Store_3020,SOUTH,,,India,2022-09-13,RENOVATION
S3021,,EAST,Mumbai,MH,,2025-02-24,RENOVATION
S3022,,SOUTH,,MP,India,2023-03-04,RENOVATION
S3023,Store_3023,SOUTH,,KL,,2024-06-24,CLOSED
S3024,Store_3024,,,RJ,India,2022-10-08,OPEN
S3025,Store_3025,EAST,,,India,2023-01-18,CLOSED
S3026,Store_3026,,Kochi,TS,India,2023-12-02,
S3027,Store_3027,,,KL,India,2022-06-08,RENOVATION
,Store_3028,SOUTH,Mumbai,TS,India,,RENOVATION
S3029,Store_3029,WEST,Chennai,MH,,,RENOVATION
S3030,Store_3030,EAST,,TN,India,,OPEN
S3031,Store_3031,SOUTH,Jaipur,DL,,,RENOVATION
,Store_3032,EAST,Mumbai,DL,India,,OPEN
,Store_3033,CENTRAL,,MP,India,2022-10-22,CLOSED
S3034,,WEST,Chennai,MP,India,,OPEN
,Store_3035,NORTH,Pune,RJ,India,,OPEN
S3036,Store_3036,CENTRAL,,,India,2024-06-06,CLOSED
S3037,,,Bengaluru,TS,India,2021-06-11,CLOSED
S3038,Store_3038,,Hyderabad,,India,2022-03-22,OPEN
,Store_3039,CENTRAL,Delhi,WB,,2023-09-29,OPEN
S3040,,WEST,Mumbai,DL,,2023-03-09,OPEN
S3041,,,Hyderabad,DL,India,2021-10-01,CLOSED
S3042,Store_3042,WEST,,,India,2023-06-09,CLOSED
S3043,Store_3043,,,TS,India,2023-10-28,OPEN
S3044,,NORTH,Bengaluru,RJ,,2023-06-22,OPEN
S3045,Store_3045,NORTH,,MH,,2025-03-16,CLOSED
,Store_3046,NORTH,Hyderabad,KL,India,,CLOSED
S3047,Store_3047,EAST,Kolkata,TN,,2023-01-10,
S3048,Store_3048,NORTH,,,India,2023-12-24,RENOVATION
S3049,Store_3049,,Pune,WB,,2025-05-16,CLOSED
,Store_3050,SOUTH,,KA,India,2022-05-13,OPEN
S3051,,,Indore,TN,India,2025-06-14,CLOSED
S3052,Store_3052,,,TN,India,2025-03-09,CLOSED
,Store_3053,EAST,Delhi,,India,2021-12-02,CLOSED
S3054,Store_3054,,Mumbai,RJ,India,,RENOVATION
S3055,,EAST,Jaipur,WB,India,2023-04-08,
S3056,Store_3056,,,WB,India,2021-04-09,OPEN
S3057,Store_3057,NORTH,,,India,2023-01-18,CLOSED
S3058,Store_3058,NORTH,Mumbai,,India,2021-03-20,
,Store_3059,EAST,,WB,India,2025-03-21,RENOVATION
,Store_3060,NORTH,Hyderabad,,India,2025-03-01,RENOVATION
S3061,Store_3061,SOUTH,,TS,India,2023-08-04,
S3062,Store_3062,SOUTH,Chennai,MP,India,,
S3063,,WEST,Hyderabad,DL,India,2021-12-08,
S3064,,SOUTH,Mumbai,TS,,2021-06-14,OPEN
S3065,Store_3065,SOUTH,Kochi,DL,India,,
,,EAST,Bengaluru,WB,India,2025-06-12,OPEN
,Store_3067,WEST,Kochi,MP,,2023-09-13,RENOVATION
S3068,Store_3068,NORTH,,KL,,2022-07-01,RENOVATION
S3069,,CENTRAL,Mumbai,TS,,2021-07-01,RENOVATION
S3070,,WEST,Indore,MP,,2022-09-12,RENOVATION
S3071,,NORTH,Delhi,TS,India,,RENOVATION
S3072,,WEST,Kochi,MH,,2025-06-24,OPEN
,Store_3073,WEST,,WB,India,2025-03-12,RENOVATION
S3074,,EAST,Chennai,TS,,2024-06-14,OPEN
S3075,Store_3075,CENTRAL,Bengaluru,,,2026-01-04,CLOSED
S3076,Store_3076,WEST,Indore,,India,2022-08-04,
S3077,,WEST,Jaipur,TN,India,2024-10-07,
S3078,Store_3078,SOUTH,Indore,,India,,RENOVATION
S3079,Store_3079,SOUTH,Kochi,,India,2025-02-17,
S3080,Store_3080,,Bengaluru,,India,2021-04-03,CLOSED
,Store_3081,,Pune,MH,India,2024-09-07,CLOSED
,,WEST,Chennai,KA,India,2021-12-19,OPEN
,Store_3083,NORTH,Bengaluru,KL,India,,CLOSED
,Store_3084,CENTRAL,Jaipur,WB,,2025-06-29,CLOSED
S3085,Store_3085,CENTRAL,Kolkata,,,2022-06-14,CLOSED
S3086,,NORTH,Mumbai,,India,2022-07-11,RENOVATION
S3087,,CENTRAL,Kolkata,TS,India,2024-05-17,
S3088,Store_3088,NORTH,Mumbai,DL,,,CLOSED
S3089,Store_3089,CENTRAL,Chennai,RJ,India,,
,Store_3090,SOUTH,Kolkata,KL,,2023-06-15,CLOSED
S3091,Store_3091,,Mumbai,WB,India,2024-03-15,
S3092,Store_3092,SOUTH,,KA,India,2025-05-02,
S3093,,NORTH,,TS,India,2026-01-31,RENOVATION
S3094,Store_3094,NORTH,,MH,India,,OPEN
S3095,,NORTH,,TS,India,2023-03-14,RENOVATION
S3096,Store_3096,EAST,Hyderabad,,,2024-11-08,RENOVATION
S3097,,CENTRAL,Chennai,,India,2022-08-23,CLOSED
S3098,Store_3098,CENTRAL,,MH,India,2022-03-08,
S3099,,NORTH,,DL,India,2021-08-08,RENOVATION
,,EAST,Chennai,TN,India,2022-10-02,CLOSED
S3101,Store_3101,,,TS,India,2021-11-28,RENOVATION
S3102,Store_3102,,,DL,India,2023-04-08,OPEN
S3103,,SOUTH,Delhi,,India,2025-12-31,CLOSED
S3104,,CENTRAL,,MP,India,2021-05-01,RENOVATION
S3105,Store_3105,WEST,Jaipur,RJ,,2024-03-19,
S3106,,WEST,Kolkata,,India,2022-05-06,CLOSED
S3107,Store_3107,,Jaipur,RJ,,2022-07-06,RENOVATION
S3108,Store_3108,CENTRAL,,,India,2025-12-03,CLOSED
S3109,Store_3109,,Indore,TS,,2023-12-11,CLOSED
,Store_3110,NORTH,Kolkata,TN,India,2024-01-31,
S3111,Store_3111,,Chennai,,India,2021-08-20,RENOVATION
S3112,Store_3112,SOUTH,Bengaluru,,India,,CLOSED
S3113,Store_3113,EAST,Indore,WB,,2022-11-24,
S3114,Store_3114,,Indore,KA,,2021-03-27,RENOVATION
,,EAST,Mumbai,TN,India,2021-04-18,OPEN
S3116,Store_3116,SOUTH,Jaipur,,India,,OPEN
S3117,Store_3117,,Bengaluru,,India,2021-11-13,RENOVATION
S3118,,CENTRAL,Kolkata,KL,India,,CLOSED
S3119,,CENTRAL,Pune,,India,2023-10-17,RENOVATION
,Store_3120,,Kochi,MP,India,2024-06-13,RENOVATION
S3121,Store_3121,EAST,,RJ,India,,OPEN
S3122,,EAST,Jaipur,KL,,2022-06-08,OPEN
,Store_3123,EAST,Kolkata,WB,India,2022-02-27,
,,CENTRAL,Kolkata,DL,India,2021-05-16,CLOSED
,Store_3125,EAST,,TN,India,2025-12-07,RENOVATION
S3126,Store_3126,NORTH,Chennai,TS,,,OPEN
S3127,Store_3127,SOUTH,Kolkata,,India,,CLOSED
S3128,Store_3128,CENTRAL,Delhi,MH,,,OPEN
S3129,Store_3129,,Mumbai,KL,India,,CLOSED
,Store_3130,,Delhi,KA,India,2023-07-26,OPEN
S3131,Store_3131,,Mumbai,DL,India,2025-08-11,
,,NORTH,Bengaluru,DL,India,2024-09-01,OPEN
S3133,Store_3133,,Hyderabad,KL,India,,OPEN
S3134,Store_3134,,Indore,WB,India,2025-10-26,
S3135,Store_3135,EAST,,RJ,,2021-07-25,RENOVATION
,Store_3136,CENTRAL,Indore,,India,2024-07-31,RENOVATION
,Store_3137,NORTH,Chennai,MH,India,2022-08-01,
,Store_3138,SOUTH,,MH,India,2025-04-07,CLOSED
S3139,Store_3139,NORTH,,,India,2024-11-30,RENOVATION
S3140,Store_3140,CENTRAL,Hyderabad,KL,India,,
S3141,Store_3141,CENTRAL,,TN,,2025-05-15,CLOSED
,Store_3142,EAST,Kolkata,DL,,2023-05-27,RENOVATION
S3143,Store_3143,CENTRAL,Kochi,MP,,,CLOSED
S3144,Store_3144,NORTH,Indore,,India,,CLOSED
,Store_3145,,Kochi,WB,India,2025-07-22,CLOSED
,Store_3146,CENTRAL,Pune,WB,India,,RENOVATION
,Store_3147,CENTRAL,Hyderabad,,India,2025-10-13,OPEN
S3148,Store_3148,,,MH,India,2021-10-02,OPEN
S3149,,,Chennai,TN,India,2022-07-02,OPEN
,Store_3150,WEST,,KA,India,2025-07-05,RENOVATION
S3151,Store_3151,EAST,Hyderabad,MP,,2021-11-07,
S3152,,SOUTH,Delhi,RJ,India,,CLOSED
S3153,,WEST,Hyderabad,RJ,,2021-04-15,OPEN
S3154,,SOUTH,Kolkata,TS,India,,RENOVATION
,Store_3155,,Kochi,TN,India,2021-09-12,OPEN
,Store_3156,EAST,Mumbai,WB,India,,CLOSED
S3157,Store_3157,EAST,Kolkata,,India,,OPEN
S3158,Store_3158,WEST,,WB,,2021-09-20,OPEN
,Store_3159,EAST,Bengaluru,KA,India,,OPEN
,Store_3160,SOUTH,Hyderabad,WB,India,,OPEN
,Store_3161,CENTRAL,Mumbai,WB,India,,CLOSED
S3162,Store_3162,,Hyderabad,DL,India,2023-10-31,
S3163,,EAST,,TN,India,2023-02-15,CLOSED
S3164,,CENTRAL,,TN,India,2024-04-23,OPEN
S3165,Store_3165,WEST,,MP,India,2023-03-16,
,Store_3166,CENTRAL,Chennai,TS,India,,RENOVATION
S3167,,CENTRAL,Delhi,WB,,2026-02-02,RENOVATION
,Store_3168,SOUTH,Bengaluru,TN,India,2025-08-30,
,Store_3169,,Kolkata,DL,India,2024-08-08,RENOVATION
S3170,,,Pune,MH,India,2023-09-15,CLOSED
S3171,,WEST,Hyderabad,,India,2022-09-15,CLOSED
,Store_3172,,Delhi,RJ,India,2022-12-20,RENOVATION
S3173,Store_3173,NORTH,,TS,India,,OPEN
S3174,Store_3174,,Hyderabad,KL,India,,OPEN
S3175,Store_3175,EAST,Delhi,,,2024-06-29,OPEN
S3176,Store_3176,CENTRAL,,KA,,2026-01-03,OPEN
,Store_3177,,Indore,RJ,India,2025-03-26,RENOVATION
S3178,,EAST,Mumbai,,India,2026-01-06,RENOVATION
S3179,Store_3179,SOUTH,Kochi,,India,,CLOSED
S3180,,SOUTH,Indore,,India,2025-11-06,OPEN
S3181,Store_3181,WEST,Mumbai,,India,,CLOSED
S3182,Store_3182,CENTRAL,,MH,India,2024-06-22,
,Store_3183,,Hyderabad,KA,India,2025-01-06,CLOSED
S3184,Store_3184,,Bengaluru,,India,2025-08-18,CLOSED
S3185,Store_3185,NORTH,Delhi,,India,2023-07-07,
S3186,,SOUTH,Chennai,TN,India,2025-07-02,
S3187,,WEST,,DL,India,2024-07-29,RENOVATION
,,EAST,Chennai,RJ,India,2025-08-06,CLOSED
S3189,Store_3189,,,MP,India,2021-11-21,OPEN
S3190,Store_3190,WEST,,,India,2022-10-02,RENOVATION
S3191,Store_3191,WEST,Bengaluru,TS,India,,
S3192,,WEST,Bengaluru,TN,India,,RENOVATION
,Store_3193,SOUTH,Mumbai,DL,India,,RENOVATION
,Store_3194,SOUTH,Pune,TN,India,,OPEN
S3195,Store_3195,,Kolkata,KL,India,,CLOSED
,Store_3196,,Hyderabad,KL,India,2023-11-30,RENOVATION
S3197,,WEST,Jaipur,MP,,2022-06-10,OPEN
S3198,Store_3198,NORTH,,DL,India,,OPEN
S3199,Store_3199,WEST,Bengaluru,,,2025-01-22,CLOSED
S3200,,CENTRAL,,WB,India,2024-01-20,RENOVATION
S3201,Store_3201,SOUTH,Delhi,TS,,2021-02-06,
,Store_3202,EAST,,RJ,India,2021-04-26,CLOSED
S3203,Store_3203,NORTH,Bengaluru,,India,,CLOSED
S3204,Store_3204,EAST,Jaipur,,India,2025-06-20,
S3205,Store_3205,WEST,,,India,2023-03-14,OPEN
,Store_3206,NORTH,Indore,TS,India,,RENOVATION
S3207,Store_3207,,Pune,,India,2021-03-20,OPEN
,Store_3208,SOUTH,Hyderabad,KA,India,2022-11-06,
S3209,Store_3209,EAST,Chennai,MH,,,RENOVATION
S3210,Store_3210,,Hyderabad,,India,2023-07-30,CLOSED
S3211,Store_3211,SOUTH,,,India,2022-02-10,OPEN
S3212,Store_3212,NORTH,Jaipur,WB,,2022-03-16,
S3213,,NORTH,Kolkata,KL,,2021-02-20,CLOSED
S3214,Store_3214,,Kolkata,TS,,2022-11-13,OPEN
,Store_3215,CENTRAL,,WB,India,2023-11-18,OPEN
S3216,Store_3216,,,TS,India,2021-10-30,RENOVATION
S3217,Store_3217,,,DL,India,2022-11-10,OPEN
S3218,Store_3218,WEST,,,India,2021-04-05,RENOVATION
S3219,Store_3219,,,TN,India,2025-08-28,OPEN
,Store_3220,CENTRAL,Mumbai,,India,2025-11-24,CLOSED
S3221,Store_3221,SOUTH,,KL,,2021-12-11,OPEN
S3222,Store_3222,,Chennai,KA,,2021-12-07,CLOSED
S3223,,EAST,Pune,,India,2024-08-02,RENOVATION
S3224,Store_3224,,Bengaluru,,India,2022-12-13,RENOVATION
,Store_3225,SOUTH,Pune,KA,India,,OPEN
S3226,,SOUTH,,WB,India,2023-07-08,OPEN
S3227,Store_3227,WEST,,MP,India,,OPEN
S3228,Store_3228,SOUTH,,,India,2022-09-05,RENOVATION
S3229,Store_3229,,Kolkata,,India,2023-08-18,OPEN
S3230,,SOUTH,,RJ,India,2025-09-25,RENOVATION
S3231,Store_3231,SOUTH,Bengaluru,,,2022-09-06,RENOVATION
S3232,Store_3232,,Indore,KL,India,,RENOVATION
S3233,Store_3233,WEST,Kochi,,India,,CLOSED
S3234,Store_3234,,Hyderabad,DL,,2021-04-14,RENOVATION
S3235,Store_3235,,Pune,MH,India,2025-01-04,
S3236,,,Kochi,MP,India,2022-02-26,CLOSED
S3237,,,Mumbai,RJ,India,2024-01-19,OPEN
S3238,Store_3238,NORTH,Delhi,,India,,OPEN
S3239,,NORTH,Jaipur,,India,2025-04-01,CLOSED
S3240,Store_3240,,Kochi,DL,,2023-06-10,OPEN
S3241,Store_3241,CENTRAL,Delhi,,India,2025-08-24,
S3242,Store_3242,WEST,,WB,India,2021-06-12,
S3243,,CENTRAL,,RJ,India,2025-10-07,CLOSED
,Store_3244,SOUTH,,KL,India,2022-10-26,OPEN
S3245,Store_3245,,Kolkata,,India,2023-11-28,RENOVATION
,,NORTH,Delhi,TS,India,2025-07-06,CLOSED
S3247,Store_3247,NORTH,Delhi,,,2022-09-02,OPEN
S3248,,WEST,Kochi,RJ,India,,RENOVATION
S3249,,SOUTH,Kochi,TS,,2023-12-11,OPEN
,,WEST,Mumbai,WB,India,2021-10-27,RENOVATION
S3251,Store_3251,NORTH,,WB,India,2021-12-22,
S3252,Store_3252,WEST,,TN,India,2025-05-14,
S3253,Store_3253,,Mumbai,,India,2025-07-26,OPEN
S3254,Store_3254,,,TN,India,2025-07-02,OPEN
S3255,Store_3255,SOUTH,,TS,India,2025-08-21,
S3256,Store_3256,EAST,,DL,India,,CLOSED
S3257,Store_3257,SOUTH,,MP,India,2024-06-15,
S3258,Store_3258,CENTRAL,,,India,2024-04-24,RENOVATION
,Store_3259,,Bengaluru,KL,India,2023-12-20,RENOVATION
S3260,Store_3260,EAST,Kolkata,RJ,,,OPEN
S3261,Store_3261,,Bengaluru,WB,India,,CLOSED
S3262,,SOUTH,,KL,India,2022-08-01,OPEN
S3263,,EAST,Kochi,TS,,2025-06-15,CLOSED
S3264,Store_3264,CENTRAL,Jaipur,RJ,India,,
,Store_3265,SOUTH,Indore,KA,India,2024-08-30,
,Store_3266,CENTRAL,Delhi,KL,,2021-07-15,CLOSED
S3267,Store_3267,,Chennai,WB,,2022-08-08,OPEN
S3268,Store_3268,SOUTH,,,India,2025-07-30,OPEN
S3269,,SOUTH,Bengaluru,,India,2021-10-24,OPEN
S3270,,NORTH,Delhi,KA,,2025-04-15,OPEN
S3271,Store_3271,SOUTH,Bengaluru,,India,,CLOSED
,Store_3272,SOUTH,Pune,TS,India,,RENOVATION
S3273,,WEST,,RJ,India,2022-03-30,OPEN
S3274,Store_3274,CENTRAL,Delhi,,,2022-05-12,CLOSED
,Store_3275,,Kolkata,RJ,India,2025-02-28,RENOVATION
S3276,,NORTH,Indore,KA,India,2025-11-12,
S3277,,SOUTH,Chennai,MP,India,,RENOVATION
,Store_3278,CENTRAL,,DL,India,2021-05-27,OPEN
S3279,,,Kochi,MH,India,2021-02-10,OPEN
S3280,Store_3280,SOUTH,Pune,,India,2023-02-01,
S3281,,EAST,Chennai,TS,,2024-06-12,RENOVATION
S3282,,,Hyderabad,MP,India,2022-12-16,OPEN
,Store_3283,SOUTH,Bengaluru,,India,2023-08-09,CLOSED
S3284,,CENTRAL,,MH,India,2025-01-02,RENOVATION
,Store_3285,CENTRAL,,DL,India,2024-11-13,CLOSED
S3286,,NORTH,,TN,India,2023-04-09,RENOVATION
,Store_3287,EAST,,TN,India,2023-02-02,CLOSED
S3288,Store_3288,NORTH,Indore,,India,2022-04-28,
S3289,Store_3289,NORTH,Kochi,,,2023-12-08,RENOVATION
S3290,Store_3290,CENTRAL,,MH,India,2022-08-04,
S3291,Store_3291,,Mumbai,DL,,2024-09-21,CLOSED
S3292,,CENTRAL,Chennai,,India,2025-11-18,CLOSED
S3293,Store_3293,,,KA,India,2023-06-26,CLOSED
,Store_3294,CENTRAL,Kochi,WB,India,,RENOVATION
S3295,Store_3295,CENTRAL,,DL,India,2022-09-14,
S3296,Store_3296,WEST,,KL,,2021-10-24,CLOSED
S3297,,EAST,Jaipur,,India,2024-09-12,OPEN
,Store_3298,WEST,Indore,,India,2025-02-28,RENOVATION
S3299,Store_3299,EAST,Chennai,,India,2021-05-28,
S3300,Store_3300,EAST,Bengaluru,,,2022-10-21,CLOSED
S3301,Store_3301,,,KL,India,2022-01-20,OPEN
S3302,,WEST,Kolkata,KA,,2024-03-02,CLOSED
S3303,Store_3303,,Jaipur,MP,India,,RENOVATION
,Store_3304,CENTRAL,Bengaluru,MP,,2022-02-24,RENOVATION
S3305,Store_3305,SOUTH,,,India,2023-10-14,CLOSED
,Store_3306,,Pune,DL,India,2025-04-09,CLOSED
S3307,Store_3307,EAST,Indore,KL,India,,
,Store_3308,,Mumbai,MH,India,2022-10-01,RENOVATION
S3309,Store_3309,,,TN,India,2025-08-26,OPEN
S3310,Store_3310,SOUTH,Indore,,India,,CLOSED
S3311,,SOUTH,Delhi,RJ,India,2023-06-15,
S3312,Store_3312,WEST,,RJ,India,,CLOSED
,,CENTRAL,Kochi,TS,India,2024-11-23,CLOSED
S3314,,CENTRAL,Pune,MP,India,,RENOVATION
S3315,Store_3315,SOUTH,Kochi,,India,,RENOVATION
S3316,Store_3316,WEST,,,India,2021-08-21,RENOVATION
S3317,Store_3317,CENTRAL,,RJ,India,,CLOSED
,Store_3318,NORTH,Bengaluru,KL,India,,OPEN
S3319,Store_3319,SOUTH,Chennai,,India,2025-08-03,
S3320,Store_3320,,Pune,WB,,2021-07-26,OPEN
,Store_3321,NORTH,Chennai,TS,,2021-02-10,CLOSED
,Store_3322,SOUTH,Jaipur,DL,India,2023-08-08,
S3323,Store_3323,EAST,Kolkata,KL,,2024-10-06,
S3324,Store_3324,WEST,Kochi,,India,2025-08-07,
S3325,Store_3325,WEST,Delhi,MH,India,,
S3326,Store_3326,SOUTH,,WB,,2021-10-09,CLOSED
S3327,Store_3327,WEST,Mumbai,MH,India,,
S3328,,CENTRAL,Indore,MP,India,,CLOSED
S3329,,CENTRAL,Indore,KA,India,,OPEN
S3330,Store_3330,CENTRAL,,MP,India,2021-09-17,
S3331,Store_3331,SOUTH,,MH,India,2024-08-27,
S3332,Store_3332,,Kochi,MP,India,2021-02-03,
S3333,Store_3333,,,KA,India,2023-08-18,RENOVATION
S3334,Store_3334,EAST,,,India,2023-09-01,OPEN
S3335,,CENTRAL,Kolkata,TS,,2021-06-07,RENOVATION
S3336,Store_3336,,,TN,India,2025-06-24,RENOVATION
S3337,,CENTRAL,Kolkata,DL,,2021-04-05,CLOSED
,Store_3338,WEST,Hyderabad,KA,India,,CLOSED
S3339,,WEST,,MP,India,2024-03-31,CLOSED
S3340,Store_3340,CENTRAL,Indore,TS,India,,
,Store_3341,,Chennai,RJ,India,2026-02-01,OPEN
,Store_3342,,Hyderabad,TS,India,2021-05-07,RENOVATION
S3343,Store_3343,SOUTH,,MP,,2023-09-05,CLOSED
S3344,Store_3344,,Kolkata,MH,India,2021-03-24,
S3345,Store_3345,EAST,,WB,India,2024-04-29,
S3346,Store_3346,WEST,Chennai,TS,,,RENOVATION
,Store_3347,EAST,,TN,India,2021-11-12,CLOSED
S3348,,CENTRAL,Hyderabad,RJ,India,2023-05-09,
S3349,,WEST,Mumbai,TS,,2023-04-09,RENOVATION
S3350,,EAST,Kolkata,KL,India,,RENOVATION
S3351,Store_3351,,,TS,India,2022-04-03,RENOVATION
S3352,,WEST,,TS,India,2023-07-14,CLOSED
,Store_3353,SOUTH,,WB,India,2021-04-15,OPEN
,Store_3354,WEST,Pune,TS,India,2023-01-27,
S3355,Store_3355,,Hyderabad,WB,India,,OPEN
S3356,,,Jaipur,RJ,India,2024-03-10,OPEN
,,EAST,Pune,KA,India,2024-06-03,OPEN
,,WEST,Kochi,WB,India,2023-03-23,RENOVATION
S3359,,WEST,Mumbai,MP,,2021-03-07,OPEN
S3360,Store_3360,,,MH,India,2021-08-28,RENOVATION
S3361,Store_3361,,Mumbai,,India,2025-03-17,OPEN
S3362,Store_3362,CENTRAL,Kolkata,TS,India,,
S3363,Store_3363,,Pune,,India,2021-04-16,RENOVATION
S3364,Store_3364,NORTH,,RJ,,2024-02-04,OPEN
S3365,Store_3365,EAST,,,India,2022-08-24,OPEN
S3366,,,Delhi,TS,India,2025-07-10,CLOSED
S3367,,SOUTH,Kolkata,DL,,2024-08-31,CLOSED
,Store_3368,SOUTH,Mumbai,,India,2022-04-26,OPEN
S3369,,,Bengaluru,DL,India,2025-05-16,OPEN
S3370,Store_3370,WEST,Kochi,,India,,CLOSED
S3371,,CENTRAL,,DL,India,2025-12-08,OPEN
,Store_3372,,Mumbai,KL,India,2023-03-26,RENOVATION
S3373,Store_3373,CENTRAL,,MP,India,2022-04-16,
,,NORTH,Indore,TN,India,2023-09-19,OPEN
S3375,,EAST,Chennai,TN,,2021-03-25,OPEN
S3376,Store_3376,SOUTH,Jaipur,MP,India,,
S3377,,,Indore,MP,India,2025-03-29,RENOVATION
S3378,,CENTRAL,,TS,India,2023-06-30,RENOVATION
S3379,Store_3379,CENTRAL,,KL,India,2023-03-19,
S3380,,EAST,Kochi,WB,India,2024-08-21,
S3381,Store_3381,,Indore,,India,2024-03-19,CLOSED
S3382,Store_3382,CENTRAL,Hyderabad,MH,India,,
,Store_3383,WEST,Jaipur,RJ,India,,OPEN
,Store_3384,EAST,Pune,TN,India,2025-11-27,
S3385,Store_3385,,,DL,India,2024-06-20,OPEN
S3386,,SOUTH,Hyderabad,TN,India,2022-02-03,
S3387,Store_3387,EAST,,RJ,,2021-08-14,OPEN
S3388,Store_3388,CENTRAL,Kolkata,,India,,CLOSED
S3389,,SOUTH,Kochi,,India,2023-10-26,OPEN
S3390,Store_3390,NORTH,Kochi,TS,India,,
S3391,Store_3391,,Mumbai,MH,,2025-04-10,CLOSED
S3392,,CENTRAL,Delhi,KA,India,2024-11-14,
,Store_3393,EAST,Bengaluru,DL,India,,CLOSED
S3394,,NORTH,,TN,India,2022-07-24,RENOVATION
S3395,Store_3395,CENTRAL,,TS,India,,RENOVATION
,Store_3396,CENTRAL,,TS,India,2024-09-08,CLOSED
,Store_3397,CENTRAL,Mumbai,MP,India,2023-07-23,
,Store_3398,SOUTH,Mumbai,MP,India,2023-05-12,
S3399,Store_3399,,,KL,India,2025-03-13,RENOVATION
S3400,Store_3400,EAST,Bengaluru,,,2021-04-24,RENOVATION
S3401,Store_3401,,Pune,WB,,2021-11-23,CLOSED
S3402,Store_3402,NORTH,Delhi,,India,2025-06-29,
S3403,Store_3403,EAST,Bengaluru,KL,India,,
,,CENTRAL,Hyderabad,MP,India,2023-03-26,RENOVATION
,Store_3405,EAST,Kochi,MP,India,,CLOSED
S3406,Store_3406,NORTH,Indore,DL,India,,
S3407,Store_3407,EAST,,TN,India,,RENOVATION
S3408,Store_3408,,Kochi,MP,India,,RENOVATION
S3409,Store_3409,,Delhi,,India,2024-10-11,CLOSED
S3410,,CENTRAL,,WB,India,2023-03-17,RENOVATION
S3411,Store_3411,SOUTH,,KL,India,2021-10-09,
S3412,Store_3412,,Mumbai,TN,India,,RENOVATION
,Store_3413,WEST,Jaipur,TN,India,,RENOVATION
S3414,,EAST,Mumbai,TS,India,2025-06-18,
S3415,,NORTH,Bengaluru,,India,2022-03-21,CLOSED
S3416,Store_3416,CENTRAL,,KL,,2021-10-25,OPEN
S3417,,NORTH,Kolkata,TN,India,2022-11-12,
S3418,Store_3418,,Hyderabad,DL,,2024-12-03,CLOSED
,Store_3419,,Jaipur,KA,India,2022-12-09,RENOVATION
,Store_3420,CENTRAL,Bengaluru,TS,India,,RENOVATION
S3421,Store_3421,EAST,Delhi,RJ,,,OPEN
,Store_3422,NORTH,Bengaluru,KL,,2024-01-03,RENOVATION
,Store_3423,WEST,,WB,India,2024-04-12,CLOSED
S3424,Store_3424,,Mumbai,MH,India,,CLOSED
S3425,Store_3425,SOUTH,Pune,,,2022-03-09,CLOSED
,Store_3426,NORTH,,MH,India,2024-10-20,CLOSED
S3427,Store_3427,,Kolkata,TS,,2022-06-09,CLOSED
,Store_3428,CENTRAL,Bengaluru,TS,,2023-12-01,CLOSED
,Store_3429,,Delhi,TN,India,2025-08-29,OPEN
S3430,Store_3430,NORTH,Mumbai,,India,,OPEN
S3431,Store_3431,NORTH,Jaipur,MH,,2022-02-11,
,Store_3432,SOUTH,,RJ,India,2022-02-26,RENOVATION
,Store_3433,WEST,Bengaluru,WB,India,2025-11-14,
S3434,,NORTH,Kolkata,,India,2023-02-23,OPEN
S3435,,,Hyderabad,WB,India,2025-06-13,RENOVATION
S3436,Store_3436,WEST,Hyderabad,KA,India,,
S3437,Store_3437,CENTRAL,Mumbai,,India,,CLOSED
S3438,Store_3438,CENTRAL,Kochi,,,2024-10-14,RENOVATION
S3439,Store_3439,,Kolkata,MH,,2023-10-22,OPEN
S3440,Store_3440,,,RJ,India,2025-03-21,OPEN
S3441,,SOUTH,Delhi,,India,2022-02-04,RENOVATION
S3442,Store_3442,CENTRAL,,,India,2024-05-31,CLOSED
S3443,,NORTH,Delhi,,India,2024-11-14,CLOSED
S3444,Store_3444,NORTH,Kochi,,India,2022-06-11,
S3445,Store_3445,,Chennai,TN,,2023-09-09,OPEN
S3446,,EAST,Delhi,TS,,2023-07-26,RENOVATION
S3447,Store_3447,,Kochi,KA,India,2021-03-19,
S3448,,SOUTH,,MH,India,2024-09-24,RENOVATION
S3449,,CENTRAL,Hyderabad,WB,,2024-09-22,RENOVATION
,Store_3450,NORTH,Jaipur,TN,India,2023-12-04,
,Store_3451,NORTH,Mumbai,MP,India,,CLOSED
S3452,Store_3452,SOUTH,,,India,2024-06-23,CLOSED
S3453,Store_3453,EAST,Kochi,,India,,OPEN
S3454,Store_3454,,Jaipur,WB,India,,RENOVATION
S3455,,,Delhi,MH,India,2025-02-14,RENOVATION
S3456,,SOUTH,Hyderabad,KL,India,,RENOVATION
S3457,Store_3457,,,TS,India,2026-01-25,OPEN
S3458,,EAST,Bengaluru,MH,India,,CLOSED
S3459,Store_3459,,Jaipur,,India,2024-11-07,RENOVATION
,Store_3460,,Kochi,WB,India,2025-09-22,CLOSED
S3461,,,Chennai,MP,India,2025-08-06,CLOSED
S3462,,CENTRAL,Bengaluru,,India,2023-01-05,OPEN
S3463,,EAST,,WB,India,2023-10-19,CLOSED
S3464,Store_3464,NORTH,,DL,India,2022-09-16,
S3465,Store_3465,SOUTH,Bengaluru,KA,India,,
S3466,Store_3466,EAST,,RJ,India,2025-04-07,
,Store_3467,NORTH,Kolkata,MH,India,,CLOSED
,Store_3468,WEST,Kolkata,,India,2022-04-24,RENOVATION
S3469,Store_3469,NORTH,Mumbai,,India,,OPEN
S3470,Store_3470,SOUTH,Mumbai,MP,India,,
S3471,Store_3471,EAST,Pune,,,2025-08-20,CLOSED
S3472,Store_3472,CENTRAL,,WB,,2021-11-01,CLOSED
,Store_3473,CENTRAL,Kolkata,MP,,2023-07-14,CLOSED
S3474,,EAST,Chennai,,India,2023-05-11,CLOSED
S3475,Store_3475,EAST,,TS,India,,OPEN
,Store_3476,,Hyderabad,MH,India,2021-09-15,OPEN
,Store_3477,WEST,Jaipur,,India,2023-01-06,RENOVATION
S3478,Store_3478,WEST,Pune,,India,,CLOSED
S3479,Store_3479,SOUTH,,KL,India,2024-11-06,
S3480,Store_3480,CENTRAL,Hyderabad,MP,India,,
S3481,Store_3481,EAST,Kochi,,,2021-05-18,RENOVATION
S3482,Store_3482,CENTRAL,Delhi,DL,,2022-05-19,
S3483,Store_3483,,Bengaluru,,India,2022-06-20,OPEN
,Store_3484,,Jaipur,MP,India,2025-01-08,OPEN
S3485,Store_3485,SOUTH,Indore,,India,2023-08-14,
S3486,Store_3486,,Mumbai,,India,2025-06-01,CLOSED
S3487,,EAST,Hyderabad,MP,,2024-04-21,RENOVATION
S3488,,SOUTH,,KL,India,2025-07-21,RENOVATION
S3489,Store_3489,,Kochi,TS,India,,CLOSED
S3490,,CENTRAL,Bengaluru,,India,2023-04-16,CLOSED
S3491,,CENTRAL,Delhi,,India,2025-08-15,OPEN
S3492,Store_3492,CENTRAL,Bengaluru,,India,,CLOSED
,Store_3493,SOUTH,Mumbai,,India,2024-01-17,RENOVATION
S3494,,,Kochi,KL,India,2023-10-05,OPEN
,Store_3495,EAST,,DL,India,2025-07-27,RENOVATION
,Store_3496,EAST,Indore,,India,2022-03-08,CLOSED
S3497,Store_3497,,Pune,RJ,India,,CLOSED
S3498,,EAST,Bengaluru,TS,,2024-11-01,RENOVATION
S3499,,NORTH,,WB,India,2021-04-03,OPEN
,Store_3500,WEST,Delhi,DL,,2021-11-21,CLOSED
S3501,Store_3501,EAST,,,India,2024-07-02,OPEN
S3502,,WEST,,TS,India,2023-11-18,RENOVATION
S3503,,,Chennai,RJ,India,2022-10-24,OPEN
S3504,,SOUTH,Delhi,KA,India,,RENOVATION
,Store_3505,CENTRAL,Bengaluru,TS,,2022-11-11,OPEN
S3506,Store_3506,EAST,Delhi,,India,2021-03-08,
S3507,Store_3507,,Bengaluru,,India,2025-12-22,RENOVATION
S3508,Store_3508,NORTH,,MP,,2021-12-14,OPEN
,Store_3509,SOUTH,,TN,India,2025-08-08,OPEN
S3510,Store_3510,,Kolkata,DL,India,,OPEN
S3511,,CENTRAL,Mumbai,DL,India,,CLOSED
,,SOUTH,Bengaluru,TN,India,2023-02-19,OPEN
S3513,Store_3513,SOUTH,,KA,India,,OPEN
S3514,,WEST,Kochi,,India,2024-05-21,CLOSED
S3515,,,Indore,KA,India,2022-12-28,CLOSED
S3516,Store_3516,EAST,,,India,2023-11-24,RENOVATION
,Store_3517,,Delhi,KA,India,2024-04-26,OPEN
S3518,,EAST,Kochi,TN,India,2025-10-30,
S3519,Store_3519,NORTH,,KL,India,,RENOVATION
S3520,,,Mumbai,TS,India,2022-10-07,RENOVATION
S3521,,SOUTH,Hyderabad,MP,India,,CLOSED
S3522,Store_3522,EAST,Kochi,,India,2025-03-11,
S3523,Store_3523,,Pune,KL,India,,RENOVATION
S3524,,EAST,,KA,India,2021-06-30,CLOSED
S3525,Store_3525,,Kochi,RJ,India,,RENOVATION
S3526,,WEST,,MH,India,2021-03-06,OPEN
S3527,,EAST,Bengaluru,TS,India,2024-01-14,
S3528,Store_3528,EAST,,KA,,2022-01-06,RENOVATION
S3529,Store_3529,,Chennai,WB,India,,OPEN
,Store_3530,CENTRAL,,TS,India,2021-02-04,CLOSED
S3531,Store_3531,SOUTH,Pune,DL,,2025-12-07,
S3532,Store_3532,EAST,,MP,,2022-03-26,RENOVATION
S3533,Store_3533,,,RJ,India,2024-12-03,OPEN
S3534,Store_3534,NORTH,Indore,MP,India,,
S3535,Store_3535,EAST,Bengaluru,,India,2022-07-26,
,Store_3536,NORTH,,KL,India,2021-05-29,CLOSED
,Store_3537,NORTH,Mumbai,,India,2021-04-16,OPEN
S3538,Store_3538,NORTH,,,India,2023-01-28,CLOSED
S3539,,EAST,Chennai,RJ,India,,CLOSED
S3540,Store_3540,CENTRAL,Kochi,,,2022-04-24,CLOSED
,,SOUTH,Chennai,KL,India,2024-06-22,OPEN
S3542,Store_3542,,Kolkata,,India,2022-12-06,RENOVATION
,Store_3543,SOUTH,Pune,WB,India,2025-06-10,
S3544,,NORTH,Kochi,,India,2021-04-15,RENOVATION
,Store_3545,EAST,Bengaluru,DL,India,,CLOSED
,Store_3546,SOUTH,Chennai,RJ,,2022-07-04,RENOVATION
S3547,,EAST,,RJ,India,2025-04-03,OPEN
S3548,,,Mumbai,TN,India,2022-09-08,CLOSED
,Store_3549,SOUTH,,KL,India,2024-11-02,RENOVATION
S3550,Store_3550,,Indore,MP,India,,CLOSED
S3551,Store_3551,SOUTH,,KL,India,2025-10-01,
,Store_3552,CENTRAL,Kochi,,India,2023-01-24,OPEN
,,EAST,Indore,MP,India,2022-02-04,RENOVATION
S3554,Store_3554,NORTH,,,India,2025-02-16,CLOSED
S3555,Store_3555,CENTRAL,Chennai,,,2023-02-17,RENOVATION
,Store_3556,NORTH,Mumbai,,India,2025-09-27,RENOVATION
S3557,Store_3557,SOUTH,Pune,KL,India,,
S3558,,NORTH,Kolkata,,India,2021-04-11,CLOSED
S3559,Store_3559,,Kolkata,TS,India,2021-11-08,
S3560,Store_3560,,Chennai,MP,India,,RENOVATION
S3561,Store_3561,CENTRAL,Indore,MH,,2025-10-06,
S3562,Store_3562,NORTH,Mumbai,,India,,RENOVATION
S3563,,WEST,Jaipur,TS,India,2024-11-04,
,,SOUTH,Jaipur,MH,India,2022-10-16,OPEN
S3565,Store_3565,,,MH,India,2024-10-07,RENOVATION
,Store_3566,EAST,Chennai,DL,India,2021-10-28,
S3567,Store_3567,SOUTH,Pune,WB,,,RENOVATION
S3568,Store_3568,NORTH,,,India,2025-12-23,CLOSED
,Store_3569,CENTRAL,,MP,India,2026-01-08,OPEN
S3570,,WEST,Delhi,RJ,,2025-03-30,RENOVATION
S3571,,SOUTH,,WB,India,2022-12-26,RENOVATION
,,NORTH,Chennai,RJ,India,2022-01-19,OPEN
S3573,Store_3573,EAST,,KL,,2024-07-22,OPEN
S3574,Store_3574,NORTH,,TS,India,,OPEN
S3575,Store_3575,,Kolkata,KA,India,,CLOSED
S3576,Store_3576,WEST,,KA,India,2022-07-22,
S3577,Store_3577,NORTH,Delhi,,,2025-02-02,OPEN
S3578,Store_3578,NORTH,Indore,,,2021-03-17,CLOSED
,,SOUTH,Chennai,WB,India,2024-02-17,CLOSED
S3580,,SOUTH,,MP,India,2021-03-14,OPEN
S3581,,NORTH,Bengaluru,WB,India,,RENOVATION
S3582,Store_3582,,Chennai,,India,2021-02-25,RENOVATION
,Store_3583,WEST,Pune,MP,India,,OPEN
,Store_3584,,Delhi,DL,India,2022-07-26,CLOSED
S3585,Store_3585,,Chennai,,India,2022-06-01,OPEN
S3586,Store_3586,NORTH,Chennai,TS,,2023-01-02,
S3587,Store_3587,,Bengaluru,DL,India,,OPEN
S3588,Store_3588,WEST,Kolkata,TS,,2023-08-22,
,Store_3589,EAST,Pune,,India,2025-08-18,RENOVATION
,,CENTRAL,Chennai,MH,India,2024-05-11,CLOSED
S3591,Store_3591,,Jaipur,TN,India,,OPEN
S3592,Store_3592,,Bengaluru,MP,,2021-04-30,OPEN
S3593,Store_3593,,Pune,,India,2022-10-08,OPEN
,Store_3594,SOUTH,Bengaluru,TN,India,,OPEN
S3595,,EAST,Mumbai,MP,India,2022-10-24,
S3596,Store_3596,CENTRAL,,MP,India,,RENOVATION
S3597,,SOUTH,Delhi,KA,,2021-11-26,OPEN
S3598,,EAST,Kolkata,KL,,2024-06-26,OPEN
S3599,Store_3599,,Indore,KA,India,,OPEN
S3600,Store_3600,WEST,,MP,India,,RENOVATION
S3601,,NORTH,Delhi,MP,India,2025-08-02,
S3602,Store_3602,WEST,Bengaluru,,India,2025-07-16,
,Store_3603,NORTH,Bengaluru,MH,India,2024-03-09,
S3604,,NORTH,Kochi,MH,India,2024-02-10,
,Store_3605,CENTRAL,,RJ,India,2025-08-23,RENOVATION
S3606,Store_3606,NORTH,,TN,India,2022-01-11,
S3607,Store_3607,WEST,Delhi,,,2022-12-29,CLOSED
S3608,Store_3608,WEST,,TN,India,,RENOVATION
S3609,,SOUTH,Jaipur,TS,India,,OPEN
S3610,,,Chennai,WB,India,2021-12-24,RENOVATION
S3611,,CENTRAL,Kochi,,India,2025-04-28,CLOSED
S3612,,EAST,,WB,India,2022-03-07,RENOVATION
,,SOUTH,Indore,RJ,India,2025-08-09,OPEN
,Store_3614,SOUTH,Chennai,WB,India,2023-09-09,
S3615,,WEST,,WB,India,2024-04-12,CLOSED
S3616,,EAST,Kochi,MP,,2026-01-12,OPEN
S3617,Store_3617,,,MP,India,2021-12-27,RENOVATION
S3618,Store_3618,CENTRAL,Kochi,DL,,,RENOVATION
S3619,Store_3619,EAST,,,India,2024-07-29,OPEN
S3620,Store_3620,CENTRAL,Pune,RJ,,2022-04-12,
S3621,Store_3621,EAST,Chennai,,India,,CLOSED
S3622,Store_3622,NORTH,Indore,TN,,,CLOSED
S3623,Store_3623,,Indore,MH,,2025-07-21,CLOSED
,,EAST,Pune,KA,India,2025-01-28,CLOSED
S3625,,SOUTH,Hyderabad,,India,2022-10-17,RENOVATION
S3626,Store_3626,CENTRAL,Pune,,,2025-04-23,CLOSED
S3627,Store_3627,,Kolkata,,India,2021-10-04,CLOSED
,Store_3628,WEST,Hyderabad,KA,India,,CLOSED
S3629,Store_3629,,,KL,India,2021-06-28,RENOVATION
S3630,Store_3630,WEST,Kolkata,,India,2025-09-14,
S3631,Store_3631,,Bengaluru,WB,India,2021-04-23,
S3632,Store_3632,,Bengaluru,KL,,2024-09-05,OPEN
S3633,,NORTH,,TS,India,2022-01-17,RENOVATION
S3634,Store_3634,,Kolkata,MP,,2025-05-11,OPEN
,Store_3635,EAST,Mumbai,TS,India,2025-09-06,
S3636,,CENTRAL,Hyderabad,,India,2023-03-21,RENOVATION
S3637,Store_3637,SOUTH,Delhi,,,2022-05-14,OPEN
S3638,Store_3638,EAST,Kolkata,,,2025-04-02,CLOSED
S3639,Store_3639,NORTH,Kolkata,TN,,,OPEN
,Store_3640,NORTH,Mumbai,MP,,2023-05-12,CLOSED
,Store_3641,EAST,Jaipur,MH,India,,CLOSED
,Store_3642,,Delhi,TN,India,2022-08-06,RENOVATION
,Store_3643,EAST,Mumbai,DL,India,2023-12-18,
S3644,,CENTRAL,Mumbai,,India,2021-02-28,OPEN
S3645,Store_3645,CENTRAL,Kolkata,WB,India,,
,Store_3646,SOUTH,,DL,India,2025-11-07,CLOSED
S3647,Store_3647,CENTRAL,,MH,India,2024-08-24,
S3648,Store_3648,,Pune,KL,,2022-05-07,OPEN
S3649,,NORTH,,MH,India,2021-11-13,OPEN
S3650,,SOUTH,,KL,India,2023-05-30,RENOVATION
,,SOUTH,Mumbai,MH,India,2022-06-12,RENOVATION
,Store_3652,SOUTH,Kochi,MP,India,2021-09-03,
S3653,,SOUTH,Kochi,,India,2021-06-01,OPEN
S3654,,NORTH,Kochi,,India,2022-06-24,CLOSED
,,CENTRAL,Jaipur,MP,India,2022-11-20,RENOVATION
S3656,Store_3656,WEST,Indore,RJ,India,,
S3657,Store_3657,WEST,Jaipur,,,2021-03-06,RENOVATION
S3658,,NORTH,Mumbai,MH,India,2023-06-05,
S3659,,SOUTH,,MP,India,2022-08-11,OPEN
S3660,Store_3660,,,MP,India,2021-08-29,OPEN
S3661,Store_3661,,Indore,TS,India,2025-08-25,
,Store_3662,WEST,Pune,MH,India,,RENOVATION
,,WEST,Jaipur,DL,India,2025-11-04,OPEN
S3664,Store_3664,SOUTH,Jaipur,,,2023-04-06,CLOSED
S3665,Store_3665,WEST,,TN,,2023-10-21,OPEN
S3666,Store_3666,SOUTH,,,India,2025-09-24,OPEN
S3667,Store_3667,EAST,Pune,MP,,2022-06-08,
S3668,Store_3668,SOUTH,Jaipur,MP,,2025-07-19,
,Store_3669,NORTH,Delhi,RJ,India,2022-02-12,
,Store_3670,SOUTH,Indore,,India,2025-05-02,CLOSED
S3671,Store_3671,,Mumbai,KA,India,2021-12-11,
S3672,Store_3672,WEST,,,India,2023-11-26,RENOVATION
S3673,Store_3673,WEST,Jaipur,,,2025-11-08,OPEN
S3674,Store_3674,,,DL,India,2025-09-29,CLOSED
S3675,,,Pune,TS,India,2023-08-22,OPEN
S3676,Store_3676,WEST,Chennai,MH,,,OPEN
S3677,Store_3677,NORTH,,MP,India,,OPEN
S3678,Store_3678,,Mumbai,RJ,India,2023-12-08,
S3679,Store_3679,,Delhi,,India,2025-06-08,OPEN
S3680,,SOUTH,,MH,India,2022-05-20,RENOVATION
S3681,Store_3681,,Chennai,,India,2023-02-21,RENOVATION
S3682,Store_3682,,Pune,MH,India,2021-04-20,
S3683,Store_3683,,,KL,India,2023-09-26,CLOSED
S3684,,,Hyderabad,KL,India,2025-12-13,RENOVATION
S3685,,WEST,Mumbai,RJ,,2025-11-29,CLOSED
S3686,Store_3686,,Pune,,India,2024-02-15,OPEN
,Store_3687,SOUTH,,TN,India,2025-01-11,RENOVATION
S3688,Store_3688,NORTH,Kochi,KL,,2022-10-03,
S3689,Store_3689,,Jaipur,MP,India,2025-03-05,
S3690,Store_3690,NORTH,Kochi,,India,2023-04-28,
S3691,Store_3691,,Chennai,KA,,2024-08-28,OPEN
S3692,Store_3692,CENTRAL,,TS,India,2021-06-22,
S3693,Store_3693,EAST,,TS,India,2021-06-27,
S3694,Store_3694,NORTH,,,India,2024-11-07,CLOSED
S3695,Store_3695,EAST,Kochi,,India,2023-12-19,
S3696,Store_3696,WEST,,TS,,2024-02-18,CLOSED
S3697,Store_3697,,,WB,India,2025-03-12,OPEN
S3698,Store_3698,,Kochi,WB,India,2021-03-04,
S3699,Store_3699,,,TS,India,2025-05-02,CLOSED
,Store_3700,SOUTH,Bengaluru,KA,,2023-04-20,CLOSED
,Store_3701,CENTRAL,Indore,KL,India,,RENOVATION
S3702,Store_3702,CENTRAL,Mumbai,,India,2021-11-08,
S3703,Store_3703,NORTH,Chennai,,,2023-09-14,OPEN
S3704,Store_3704,SOUTH,,KA,,2025-02-27,CLOSED
S3705,Store_3705,,Delhi,RJ,India,2022-07-09,
S3706,,,Delhi,MH,India,2024-04-23,RENOVATION
S3707,,NORTH,,KA,India,2023-06-20,RENOVATION
S3708,Store_3708,NORTH,Kochi,,India,2021-12-16,
S3709,Store_3709,SOUTH,,KL,,2022-05-04,OPEN
S3710,,CENTRAL,,KA,India,2023-06-28,CLOSED
S3711,Store_3711,CENTRAL,,KA,India,2024-03-25,
S3712,Store_3712,EAST,Bengaluru,,India,2023-11-18,
S3713,,EAST,Hyderabad,KA,,2023-09-20,CLOSED
S3714,,EAST,Kolkata,,India,2026-01-23,CLOSED
S3715,Store_3715,NORTH,Mumbai,KA,India,,
S3716,Store_3716,CENTRAL,,KA,,2023-04-26,CLOSED
,Store_3717,CENTRAL,,DL,India,2024-03-04,RENOVATION
S3718,,,Pune,DL,India,2022-07-24,RENOVATION
S3719,Store_3719,CENTRAL,Pune,,,2024-08-09,OPEN
,Store_3720,SOUTH,Indore,RJ,,2022-05-21,CLOSED
S3721,,,Mumbai,MH,India,2025-01-11,CLOSED
S3722,Store_3722,,,TS,India,2024-05-27,CLOSED
S3723,Store_3723,,Hyderabad,DL,India,2022-12-21,
S3724,,,Bengaluru,TN,India,2024-06-19,CLOSED
S3725,Store_3725,,Kochi,TS,,2021-08-02,CLOSED
S3726,Store_3726,NORTH,,KL,India,,OPEN
S3727,,EAST,Kolkata,TS,India,2024-08-14,
,Store_3728,WEST,,DL,India,2025-01-19,RENOVATION
S3729,Store_3729,NORTH,,MH,,2024-04-01,RENOVATION
S3730,Store_3730,,Kolkata,DL,,2022-05-05,RENOVATION
,Store_3731,SOUTH,Jaipur,TN,,2021-04-26,RENOVATION
S3732,,,Bengaluru,KA,India,2024-05-17,RENOVATION
S3733,Store_3733,NORTH,,,India,2021-11-19,RENOVATION
S3734,Store_3734,NORTH,Delhi,,,2023-01-18,CLOSED
S3735,,SOUTH,Chennai,TS,,2023-06-10,CLOSED
S3736,Store_3736,NORTH,Bengaluru,KA,India,,
S3737,Store_3737,,Jaipur,TS,,2024-01-05,OPEN
S3738,Store_3738,,,MH,India,2024-07-23,OPEN
,Store_3739,,Kolkata,DL,India,2025-08-22,RENOVATION
S3740,Store_3740,,,KL,India,2023-12-08,OPEN
S3741,Store_3741,WEST,,TS,India,,CLOSED
S3742,Store_3742,NORTH,Hyderabad,,,2025-01-24,OPEN
S3743,,,Kochi,KL,India,2025-11-12,RENOVATION
S3744,Store_3744,,Mumbai,,India,2022-07-25,OPEN
S3745,Store_3745,EAST,,,India,2021-06-23,OPEN
S3746,,CENTRAL,Kochi,,India,2025-02-13,CLOSED
S3747,,SOUTH,,MH,India,2022-08-25,CLOSED
S3748,,WEST,Kochi,MP,,2023-10-22,RENOVATION
S3749,,SOUTH,Mumbai,RJ,,2021-02-06,CLOSED
S3750,Store_3750,WEST,Jaipur,,India,2026-01-16,
S3751,Store_3751,,Pune,,India,2023-10-08,OPEN
S3752,Store_3752,EAST,Chennai,,India,,OPEN
S3753,Store_3753,CENTRAL,Kochi,,India,2023-04-04,
S3754,Store_3754,,,WB,India,2024-06-15,RENOVATION
S3755,Store_3755,WEST,,,India,2025-03-11,RENOVATION
S3756,,WEST,Hyderabad,MP,India,2021-05-12,
S3757,Store_3757,,Jaipur,KA,India,,RENOVATION
S3758,Store_3758,WEST,,WB,India,,CLOSED
,Store_3759,CENTRAL,Delhi,TN,India,2022-01-31,
S3760,,CENTRAL,Pune,TS,India,,OPEN
S3761,Store_3761,SOUTH,,WB,India,,OPEN
,Store_3762,NORTH,Chennai,,India,2024-04-04,OPEN
S3763,Store_3763,SOUTH,Hyderabad,,India,,CLOSED
,Store_3764,SOUTH,Delhi,KA,India,2022-08-18,
,Store_3765,EAST,Bengaluru,MP,India,2023-05-20,
S3766,,SOUTH,Pune,KL,India,,CLOSED
,Store_3767,,Kochi,TN,India,2025-04-03,CLOSED
S3768,Store_3768,,Jaipur,KA,India,,RENOVATION
S3769,,NORTH,Mumbai,TN,India,2023-11-12,
S3770,Store_3770,CENTRAL,,WB,,2022-04-21,RENOVATION
S3771,,WEST,Delhi,,India,2023-08-21,OPEN
S3772,Store_3772,,Kochi,MP,India,,OPEN
S3773,Store_3773,EAST,,WB,India,2021-12-20,
,Store_3774,CENTRAL,,MP,India,2023-11-23,OPEN
S3775,Store_3775,EAST,Indore,MH,India,,
S3776,Store_3776,,,KL,India,2023-10-26,CLOSED
S3777,,NORTH,,TN,India,2025-07-24,OPEN
,Store_3778,WEST,Indore,DL,India,,CLOSED
S3779,,SOUTH,Bengaluru,RJ,India,2025-11-24,
S3780,Store_3780,EAST,,MH,,2023-12-02,RENOVATION
S3781,,NORTH,Jaipur,MH,India,2021-10-19,
,Store_3782,EAST,Delhi,TN,India,2023-08-27,
S3783,,SOUTH,Bengaluru,RJ,India,,CLOSED
,,EAST,Chennai,KA,India,2022-12-09,RENOVATION
S3785,Store_3785,EAST,Bengaluru,TS,,,CLOSED
S3786,Store_3786,WEST,Bengaluru,,India,2021-07-02,
S3787,,NORTH,Hyderabad,,India,2025-03-09,RENOVATION
S3788,,CENTRAL,Bengaluru,,India,2022-01-28,OPEN
S3789,,EAST,Delhi,,India,2022-06-04,OPEN
S3790,,SOUTH,Pune,KA,,2025-08-25,OPEN
S3791,Store_3791,WEST,Delhi,,India,,CLOSED
,Store_3792,WEST,,MH,India,2024-04-24,CLOSED
,Store_3793,EAST,Hyderabad,KA,,2025-07-16,RENOVATION
S3794,Store_3794,,Chennai,WB,India,,RENOVATION
,Store_3795,CENTRAL,Chennai,TN,India,,RENOVATION
S3796,Store_3796,,Mumbai,KA,,2024-07-08,OPEN
S3797,Store_3797,,Delhi,MP,India,,CLOSED
S3798,,WEST,Hyderabad,,India,2021-06-17,CLOSED
S3799,Store_3799,,Jaipur,DL,India,2022-04-04,
S3800,Store_3800,SOUTH,Delhi,,India,,OPEN
S3801,,WEST,Indore,TN,India,2025-12-24,
,Store_3802,EAST,Indore,MH,,2025-06-01,OPEN
S3803,Store_3803,SOUTH,,,India,2021-07-01,RENOVATION
S3804,Store_3804,,Jaipur,,India,2021-05-26,CLOSED
S3805,,CENTRAL,Kochi,RJ,,2025-11-01,OPEN
S3806,,CENTRAL,Kolkata,MP,India,2023-03-19,
S3807,Store_3807,,,TS,India,2022-05-24,RENOVATION
S3808,Store_3808,,Kolkata,TN,India,2024-11-27,
S3809,Store_3809,,,MH,India,2025-10-21,CLOSED
S3810,,EAST,Kolkata,WB,India,,RENOVATION
S3811,Store_3811,SOUTH,Chennai,,India,2023-01-18,
,,NORTH,Kochi,TS,India,2024-06-23,RENOVATION
S3813,Store_3813,EAST,,,India,2025-07-15,RENOVATION
S3814,Store_3814,,,TS,India,2023-01-04,CLOSED
S3815,,CENTRAL,Pune,KA,,2024-03-10,OPEN
S3816,Store_3816,NORTH,Indore,,India,2022-07-05,
S3817,Store_3817,SOUTH,Pune,MP,,,RENOVATION
,Store_3818,,Kolkata,KA,India,2023-10-26,RENOVATION
S3819,Store_3819,WEST,,RJ,,2025-08-15,CLOSED
S3820,Store_3820,EAST,Hyderabad,KL,,2024-01-31,
S3821,Store_3821,,Indore,WB,,2025-04-02,CLOSED
S3822,Store_3822,,Mumbai,RJ,India,2025-06-15,
S3823,Store_3823,,Kochi,KL,,2024-01-04,OPEN
S3824,Store_3824,,,KA,India,2025-07-09,OPEN
,Store_3825,NORTH,Indore,MH,India,,RENOVATION
S3826,Store_3826,NORTH,,TS,,2022-04-16,CLOSED
,Store_3827,,Pune,TS,India,2022-11-14,OPEN
,Store_3828,EAST,Delhi,,India,2025-12-04,RENOVATION
S3829,Store_3829,EAST,,,India,2025-02-04,OPEN
,,EAST,Indore,DL,India,2025-11-30,OPEN
S3831,,,Delhi,MH,India,2024-03-28,CLOSED
S3832,Store_3832,NORTH,,WB,India,,CLOSED
,Store_3833,EAST,,RJ,India,2021-03-17,OPEN
S3834,Store_3834,,Pune,TN,,2022-07-14,CLOSED
,Store_3835,CENTRAL,Kochi,TS,India,,RENOVATION
S3836,,,Chennai,RJ,India,2022-09-27,CLOSED
S3837,Store_3837,WEST,Mumbai,,,2021-03-16,RENOVATION
S3838,,EAST,Kolkata,,India,2024-09-15,RENOVATION
,Store_3839,CENTRAL,Kolkata,MP,,2024-10-10,OPEN
S3840,Store_3840,EAST,,TN,,2022-03-24,OPEN
S3841,Store_3841,,Bengaluru,KA,,2023-01-06,CLOSED
S3842,Store_3842,,Chennai,RJ,India,,OPEN
S3843,Store_3843,SOUTH,Delhi,TN,India,,
S3844,,NORTH,Bengaluru,MH,India,2022-05-10,
,Store_3845,,Mumbai,KL,India,2023-10-27,RENOVATION
S3846,,WEST,Indore,WB,,2022-11-09,OPEN
S3847,Store_3847,WEST,,TS,India,,OPEN
S3848,,NORTH,Hyderabad,,India,2021-07-23,CLOSED
S3849,Store_3849,,,KA,India,2021-02-27,RENOVATION
S3850,Store_3850,,Pune,TN,,2024-01-06,OPEN
S3851,Store_3851,,Kochi,MP,India,,OPEN
,Store_3852,NORTH,,TN,India,2024-12-20,CLOSED
S3853,,NORTH,Delhi,MH,India,,RENOVATION
S3854,,CENTRAL,Kochi,,India,2022-12-05,RENOVATION
S3855,Store_3855,CENTRAL,Jaipur,,India,2025-06-04,
,Store_3856,NORTH,Pune,DL,,2025-11-27,RENOVATION
S3857,Store_3857,,Hyderabad,TN,India,2024-05-17,
,Store_3858,CENTRAL,Jaipur,KA,India,,CLOSED
S3859,Store_3859,CENTRAL,Kolkata,MP,,,RENOVATION
S3860,,,Chennai,KA,India,2022-06-23,CLOSED
,Store_3861,WEST,Mumbai,MH,,2024-05-13,OPEN
S3862,Store_3862,NORTH,Delhi,,India,,CLOSED
S3863,Store_3863,NORTH,Chennai,,,2021-05-04,CLOSED
,Store_3864,EAST,,WB,India,2023-05-16,RENOVATION
S3865,Store_3865,CENTRAL,Kolkata,,India,,RENOVATION
,Store_3866,SOUTH,Pune,RJ,,2022-07-07,OPEN
S3867,Store_3867,SOUTH,Hyderabad,TN,,2023-09-23,
S3868,Store_3868,,Kochi,MH,India,,CLOSED
S3869,Store_3869,,Kochi,TN,India,,OPEN
S3870,Store_3870,EAST,Delhi,MP,,2021-11-08,
S3871,Store_3871,SOUTH,Jaipur,,India,2024-09-27,
S3872,,WEST,Indore,,India,2023-06-11,OPEN
S3873,Store_3873,SOUTH,Mumbai,,India,,OPEN
S3874,Store_3874,EAST,,KL,,2026-01-10,OPEN
S3875,Store_3875,CENTRAL,,DL,,2022-09-03,CLOSED
S3876,,,Bengaluru,KL,India,2025-08-20,CLOSED
,Store_3877,SOUTH,Delhi,MP,India,,OPEN
S3878,Store_3878,CENTRAL,Kolkata,TS,India,,
,Store_3879,,Kolkata,TN,India,2021-04-05,RENOVATION
S3880,Store_3880,SOUTH,,MP,,2023-04-29,OPEN
,Store_3881,,Kolkata,DL,India,2023-04-08,RENOVATION
S3882,,,Hyderabad,MP,India,2025-03-04,RENOVATION
S3883,Store_3883,SOUTH,Delhi,,,2021-06-20,CLOSED
S3884,Store_3884,SOUTH,,DL,India,,CLOSED
S3885,Store_3885,CENTRAL,Indore,KL,,,CLOSED
S3886,,WEST,Kolkata,RJ,India,2022-10-18,
S3887,,EAST,Jaipur,MP,India,2021-02-11,
S3888,Store_3888,WEST,Indore,,India,,OPEN
,,CENTRAL,Chennai,TS,India,2023-05-13,CLOSED
S3890,,,Delhi,MP,India,2025-12-24,OPEN
S3891,Store_3891,,Hyderabad,KA,India,,RENOVATION
S3892,Store_3892,,Chennai,DL,India,,RENOVATION
,Store_3893,WEST,,MH,India,2022-10-16,OPEN
S3894,Store_3894,EAST,,TS,India,2023-01-22,
S3895,,SOUTH,Hyderabad,MP,India,,OPEN
S3896,Store_3896,,Jaipur,MH,,2024-09-30,OPEN
,Store_3897,NORTH,Bengaluru,,India,2023-10-16,OPEN
S3898,Store_3898,SOUTH,,,India,2022-11-30,CLOSED
S3899,Store_3899,CENTRAL,,MP,India,2023-04-08,
,Store_3900,SOUTH,Chennai,,India,2024-11-24,CLOSED
,Store_3901,NORTH,Kochi,MH,,2021-08-05,RENOVATION
S3902,Store_3902,CENTRAL,,,India,2024-07-25,RENOVATION
S3903,Store_3903,WEST,Chennai,,,2022-03-23,OPEN
S3904,Store_3904,NORTH,Bengaluru,,India,,CLOSED
S3905,,NORTH,,KA,India,2023-04-14,CLOSED
,Store_3906,SOUTH,Chennai,TN,India,2021-08-04,
S3907,Store_3907,,Delhi,MH,India,,OPEN
S3908,Store_3908,,Kochi,KA,India,2022-02-09,
S3909,,SOUTH,,MH,India,2023-12-20,RENOVATION
S3910,,EAST,Chennai,KL,India,2022-02-28,
S3911,,CENTRAL,,WB,India,2022-07-07,CLOSED
S3912,Store_3912,EAST,,KL,India,,RENOVATION
,,WEST,Pune,MH,India,2024-05-26,OPEN
S3914,Store_3914,SOUTH,Mumbai,,,2022-01-16,CLOSED
S3915,Store_3915,,Kolkata,DL,India,2025-09-06,
S3916,,EAST,,TS,India,2023-06-14,RENOVATION
S3917,,SOUTH,,WB,India,2023-02-06,OPEN
,Store_3918,CENTRAL,Kolkata,,India,2024-05-30,OPEN
S3919,Store_3919,EAST,Jaipur,,India,,RENOVATION
,Store_3920,WEST,Kochi,WB,India,,RENOVATION
S3921,Store_3921,,,DL,India,2024-04-17,RENOVATION
S3922,Store_3922,,Delhi,MP,India,,OPEN
,Store_3923,EAST,Bengaluru,,India,2024-04-16,RENOVATION
S3924,,CENTRAL,,MP,India,2024-11-03,RENOVATION
,,WEST,Kochi,KA,India,2025-03-25,RENOVATION
,Store_3926,EAST,,MP,India,2024-12-13,RENOVATION
S3927,Store_3927,SOUTH,Mumbai,,,2022-10-07,RENOVATION
S3928,,NORTH,Bengaluru,MH,India,,OPEN
S3929,,,Mumbai,MP,India,2024-11-07,OPEN
S3930,Store_3930,NORTH,Kochi,MP,,2025-01-18,
,,WEST,Indore,TN,India,2023-03-23,OPEN
S3932,Store_3932,,Kolkata,,India,2024-05-23,RENOVATION
S3933,Store_3933,EAST,,,India,2023-11-24,CLOSED
S3934,Store_3934,,Bengaluru,,India,2021-03-25,OPEN
S3935,Store_3935,EAST,,MP,India,,CLOSED
S3936,Store_3936,,Chennai,TN,,2024-02-05,RENOVATION
S3937,,EAST,Bengaluru,WB,India,,CLOSED
S3938,,NORTH,,KL,India,2024-06-20,RENOVATION
S3939,Store_3939,EAST,Kolkata,,India,2025-09-15,
,Store_3940,WEST,Indore,TS,,2024-01-15,OPEN
S3941,Store_3941,NORTH,Pune,,,2022-01-11,CLOSED
S3942,Store_3942,,Delhi,KL,India,2023-10-20,
,Store_3943,SOUTH,Pune,DL,India,2024-01-04,
,Store_3944,EAST,Indore,DL,,2025-10-14,RENOVATION
S3945,,,Kolkata,DL,India,2022-05-15,OPEN
S3946,,SOUTH,,TS,India,2024-04-30,CLOSED
,Store_3947,SOUTH,Kolkata,KL,India,2022-06-01,
,Store_3948,EAST,Mumbai,KA,India,,CLOSED
S3949,Store_3949,CENTRAL,Chennai,,India,,RENOVATION
S3950,,SOUTH,Jaipur,KL,,2023-03-11,OPEN
S3951,Store_3951,,Hyderabad,DL,,2025-03-16,CLOSED
S3952,,,Kochi,MH,India,2024-09-27,OPEN
S3953,Store_3953,CENTRAL,,RJ,India,,CLOSED
S3954,Store_3954,WEST,Delhi,WB,India,,
S3955,Store_3955,EAST,,KL,India,2025-11-17,
S3956,Store_3956,CENTRAL,,WB,India,,RENOVATION
,Store_3957,WEST,Kolkata,DL,India,,CLOSED
,Store_3958,,Jaipur,MH,India,2022-11-23,OPEN
S3959,,WEST,Indore,TN,India,2024-09-20,
S3960,Store_3960,,Hyderabad,KL,India,2022-01-01,
S3961,Store_3961,NORTH,Chennai,,India,,CLOSED
S3962,Store_3962,CENTRAL,,MH,India,,RENOVATION
S3963,Store_3963,,Kochi,,India,2024-12-31,RENOVATION
S3964,Store_3964,,Bengaluru,KA,India,2023-09-15,
S3965,Store_3965,SOUTH,,MH,India,2023-07-20,
S3966,,,Delhi,KL,India,2025-06-25,OPEN
S3967,,SOUTH,Bengaluru,DL,India,,OPEN
,,WEST,Indore,WB,India,2025-11-14,OPEN
S3969,Store_3969,,Hyderabad,,India,2021-12-01,CLOSED
S3970,,WEST,Mumbai,WB,India,2026-01-20,
S3971,Store_3971,WEST,Hyderabad,,India,,RENOVATION
S3972,Store_3972,CENTRAL,,RJ,India,,OPEN
S3973,,,Chennai,MH,India,2024-12-07,OPEN
S3974,Store_3974,WEST,Pune,DL,,2022-03-29,
S3975,Store_3975,,Indore,RJ,,2022-12-14,CLOSED
S3976,,,Kochi,WB,India,2025-03-10,OPEN
S3977,Store_3977,SOUTH,,,India,2021-09-17,CLOSED
,Store_3978,WEST,Kolkata,KA,India,,OPEN
S3979,Store_3979,WEST,,RJ,India,2023-08-09,
S3980,Store_3980,WEST,Kochi,,India,2023-06-28,
S3981,Store_3981,EAST,Kolkata,MP,India,,
S3982,,SOUTH,Chennai,WB,India,,OPEN
S3983,Store_3983,SOUTH,Kochi,TN,India,,
S3984,Store_3984,WEST,Pune,,India,2025-12-09,
,Store_3985,WEST,,TN,India,2023-06-22,CLOSED
S3986,Store_3986,,Delhi,WB,,2025-06-04,OPEN
S3987,Store_3987,,Mumbai,TN,India,2021-07-19,
S3988,Store_3988,WEST,,DL,India,,CLOSED
S3989,Store_3989,NORTH,Kochi,KL,India,,
,,SOUTH,Indore,RJ,India,2023-12-12,RENOVATION
S3991,,SOUTH,Delhi,RJ,India,2022-12-22,
S3992,,EAST,,TS,India,2025-05-01,RENOVATION
S3993,Store_3993,,Hyderabad,KL,India,2022-12-05,
S3994,Store_3994,,,KL,India,2022-06-15,OPEN
S3995,,CENTRAL,Kochi,WB,India,,RENOVATION
S3996,,EAST,Bengaluru,,India,2023-08-25,CLOSED
,Store_3997,WEST,Pune,,India,2025-04-03,OPEN
S3998,Store_3998,,,KA,India,2021-03-04,RENOVATION
S3999,Store_3999,WEST,,TS,,2021-09-08,CLOSED
S4000,,WEST,Indore,TN,,2024-10-10,RENOVATION
S4001,,,Pune,RJ,India,2025-12-19,RENOVATION
S4002,Store_4002,CENTRAL,,KL,India,2025-10-15,
S4003,,CENTRAL,Indore,RJ,India,2021-08-17,
S4004,Store_4004,SOUTH,Indore,,India,2024-10-24,
S4005,Store_4005,CENTRAL,Mumbai,,India,2023-07-24,
,,CENTRAL,Mumbai,TS,India,2023-02-02,RENOVATION
S4007,,,Delhi,TS,India,2023-08-07,OPEN
S4008,,WEST,Hyderabad,,India,2021-08-13,RENOVATION
S4009,Store_4009,EAST,,RJ,India,2024-12-09,
S4010,,WEST,Chennai,DL,India,2021-08-12,
S4011,Store_4011,,Pune,MH,India,2022-09-19,
S4012,,,Pune,RJ,India,2022-07-15,OPEN
S4013,,NORTH,,KA,India,2023-08-13,OPEN
S4014,,NORTH,,RJ,India,2022-07-11,RENOVATION
S4015,,SOUTH,,TS,India,2023-11-21,OPEN
S4016,Store_4016,,Pune,TN,India,,CLOSED
S4017,Store_4017,,Chennai,,India,2022-06-07,CLOSED
S4018,Store_4018,NORTH,,,India,2022-03-22,OPEN
,Store_4019,CENTRAL,,WB,India,2022-09-16,CLOSED
,Store_4020,SOUTH,Indore,WB,,2023-11-25,OPEN
,Store_4021,,Kochi,MP,India,2025-07-01,RENOVATION
S4022,,SOUTH,Jaipur,,India,2022-06-12,RENOVATION
S4023,Store_4023,,Indore,DL,India,2024-03-27,
S4024,Store_4024,,Kolkata,,India,2021-08-31,CLOSED
S4025,Store_4025,EAST,Jaipur,KL,,,RENOVATION
,Store_4026,SOUTH,Hyderabad,MH,,2023-06-30,OPEN
S4027,Store_4027,,Jaipur,,India,2025-12-27,RENOVATION
S4028,Store_4028,,,DL,India,2024-08-07,OPEN
S4029,Store_4029,WEST,Jaipur,,India,2024-07-08,
S4030,Store_4030,,Pune,,India,2022-06-19,RENOVATION
S4031,Store_4031,CENTRAL,Mumbai,,,2025-10-18,RENOVATION
,Store_4032,,Mumbai,KA,India,2022-10-10,RENOVATION
S4033,Store_4033,CENTRAL,,TN,,2022-11-22,RENOVATION
S4034,Store_4034,SOUTH,Mumbai,,India,,OPEN
,Store_4035,WEST,Pune,KA,,2022-06-03,CLOSED
S4036,Store_4036,SOUTH,Pune,TN,,,RENOVATION
,Store_4037,,Jaipur,RJ,India,2025-08-19,OPEN
S4038,Store_4038,CENTRAL,Kochi,RJ,,,CLOSED
S4039,Store_4039,,,TS,India,2024-11-29,OPEN
S4040,Store_4040,,,KA,India,2021-03-31,OPEN
,Store_4041,,Kolkata,MH,India,2023-09-11,CLOSED
S4042,,,Jaipur,MH,India,2025-04-20,CLOSED
S4043,Store_4043,NORTH,Delhi,TS,,2021-03-29,
S4044,Store_4044,,Jaipur,TN,,2025-03-07,RENOVATION
S4045,Store_4045,,Mumbai,,India,2025-05-26,OPEN
S4046,Store_4046,NORTH,,TN,India,,OPEN
,Store_4047,,Chennai,TS,India,2022-01-14,OPEN
S4048,Store_4048,EAST,,MP,India,2022-02-03,
S4049,Store_4049,CENTRAL,Chennai,MH,,2021-09-14,
,Store_4050,EAST,Hyderabad,TN,India,2025-08-05,
S4051,,WEST,Hyderabad,KL,India,,RENOVATION
,Store_4052,CENTRAL,Delhi,DL,,2021-11-09,CLOSED
S4053,Store_4053,WEST,Delhi,,India,2025-01-13,
S4054,,EAST,,KA,India,2025-10-28,OPEN
S4055,Store_4055,,Kochi,,India,2025-09-10,CLOSED
S4056,Store_4056,,,WB,India,2021-07-06,RENOVATION
S4057,Store_4057,WEST,,KL,India,,OPEN
S4058,Store_4058,EAST,Delhi,,,2025-10-23,CLOSED
S4059,Store_4059,EAST,,WB,India,2022-09-24,
S4060,,WEST,Kochi,MP,,2023-06-05,OPEN
S4061,Store_4061,WEST,Indore,,India,2021-07-16,
S4062,,,Delhi,TS,India,2024-07-24,OPEN
,Store_4063,WEST,Kochi,,India,2023-07-25,OPEN
S4064,Store_4064,,,DL,India,2025-10-24,CLOSED
S4065,,CENTRAL,Indore,KL,India,,CLOSED
S4066,Store_4066,SOUTH,,KL,India,,RENOVATION
S4067,,WEST,Delhi,DL,India,2025-07-10,
S4068,Store_4068,EAST,Delhi,TS,,,RENOVATION
S4069,Store_4069,,Delhi,,India,2025-04-25,RENOVATION
S4070,Store_4070,WEST,,KL,India,,CLOSED
S4071,Store_4071,,Mumbai,TS,India,2025-08-15,
S4072,,NORTH,Bengaluru,KL,,2024-06-12,RENOVATION
S4073,Store_4073,EAST,Indore,,,2022-04-30,OPEN
S4074,,CENTRAL,Pune,,India,2023-01-26,OPEN
S4075,Store_4075,WEST,Pune,,,2022-06-23,RENOVATION
,Store_4076,,Mumbai,WB,India,2024-07-15,RENOVATION
,Store_4077,,Chennai,TN,India,2025-08-23,CLOSED
S4078,Store_4078,,Bengaluru,DL,India,,OPEN
,Store_4079,,Jaipur,WB,India,2022-01-04,CLOSED
S4080,Store_4080,,Delhi,DL,India,,CLOSED
,Store_4081,WEST,Bengaluru,,India,2024-04-27,CLOSED
S4082,Store_4082,CENTRAL,,DL,,2025-01-30,CLOSED
S4083,Store_4083,EAST,,TN,,2025-01-02,CLOSED
S4084,Store_4084,EAST,Kolkata,,India,2022-08-16,
,Store_4085,NORTH,Kochi,RJ,India,,CLOSED
S4086,Store_4086,SOUTH,Bengaluru,,India,2021-02-12,
S4087,Store_4087,,Mumbai,,India,2025-02-05,CLOSED
S4088,,CENTRAL,Hyderabad,DL,India,2021-05-20,
S4089,,SOUTH,Bengaluru,MP,India,,RENOVATION
S4090,Store_4090,NORTH,,DL,,2021-06-05,CLOSED
S4091,Store_4091,SOUTH,,WB,,2022-10-08,OPEN
S4092,,NORTH,,MP,India,2024-12-26,CLOSED
S4093,,EAST,Jaipur,KA,,2025-10-25,RENOVATION
S4094,Store_4094,CENTRAL,,DL,India,,CLOSED
S4095,,NORTH,Chennai,,India,2025-08-16,CLOSED
S4096,,EAST,Kolkata,,India,2021-03-17,CLOSED
S4097,Store_4097,EAST,Delhi,MP,,,RENOVATION
S4098,Store_4098,,Indore,TS,,2022-05-11,CLOSED
S4099,Store_4099,CENTRAL,Bengaluru,,India,2025-02-07,
S4100,Store_4100,EAST,Bengaluru,,,2024-05-17,OPEN
S4101,Store_4101,CENTRAL,Jaipur,KL,India,,
S4102,,WEST,,KL,India,2024-05-29,CLOSED
,,WEST,Kolkata,WB,India,2023-05-31,CLOSED
S4104,,EAST,Kochi,DL,,2025-08-16,CLOSED
S4105,Store_4105,WEST,Kolkata,KA,,2022-09-18,
,Store_4106,NORTH,Kochi,KA,India,,CLOSED
S4107,,CENTRAL,Mumbai,KL,,2025-01-23,CLOSED
S4108,,WEST,Bengaluru,,India,2025-05-23,RENOVATION
S4109,,SOUTH,,WB,India,2025-11-04,RENOVATION
,Store_4110,CENTRAL,,WB,India,2022-03-08,RENOVATION
S4111,Store_4111,SOUTH,,,India,2024-12-13,OPEN
,Store_4112,CENTRAL,Chennai,,India,2025-01-13,OPEN
S4113,,WEST,Delhi,TS,,2023-07-21,RENOVATION
S4114,Store_4114,SOUTH,Indore,RJ,India,,
S4115,,SOUTH,Chennai,WB,,2023-02-22,OPEN
S4116,Store_4116,,Delhi,KA,India,2021-11-13,
S4117,,NORTH,,TN,India,2023-08-29,OPEN
,,WEST,Bengaluru,RJ,India,2023-11-23,CLOSED
,Store_4119,NORTH,Indore,,India,2022-05-19,CLOSED
,Store_4120,,Chennai,TS,India,2025-07-28,CLOSED
S4121,Store_4121,,Pune,,India,2022-07-01,RENOVATION
S4122,Store_4122,,Jaipur,WB,,2023-02-06,RENOVATION
,Store_4123,,Kolkata,WB,India,2024-09-06,OPEN
S4124,Store_4124,SOUTH,Jaipur,WB,India,,
,Store_4125,WEST,Mumbai,,India,2026-01-31,OPEN
S4126,Store_4126,CENTRAL,Hyderabad,,India,2025-02-04,
S4127,Store_4127,SOUTH,,,India,2024-07-06,CLOSED
S4128,Store_4128,NORTH,,,India,2025-08-10,CLOSED
S4129,Store_4129,,Delhi,KL,India,2021-06-10,
,,CENTRAL,Chennai,RJ,India,2022-10-18,CLOSED
S4131,,,Kochi,WB,India,2023-10-10,CLOSED
S4132,,,Delhi,MH,India,2021-05-28,CLOSED
S4133,Store_4133,,Indore,,India,2021-03-26,RENOVATION
S4134,,,Pune,MH,India,2022-01-08,OPEN
S4135,,,Delhi,MP,India,2021-04-18,OPEN
,Store_4136,SOUTH,Mumbai,,India,2025-10-29,OPEN
,Store_4137,WEST,Chennai,,India,2022-05-25,RENOVATION
S4138,Store_4138,,Mumbai,,India,2022-11-15,OPEN
S4139,,EAST,Delhi,,India,2025-10-31,RENOVATION
S4140,,SOUTH,Mumbai,MP,,2025-02-16,CLOSED
S4141,Store_4141,SOUTH,Pune,,India,2025-08-26,
S4142,,EAST,Bengaluru,,India,2022-11-03,CLOSED
S4143,Store_4143,SOUTH,Hyderabad,,India,2023-01-12,
,Store_4144,SOUTH,Bengaluru,RJ,,2022-11-15,RENOVATION
S4145,,WEST,Pune,TS,India,2023-08-22,
S4146,Store_4146,NORTH,Jaipur,,India,2022-05-21,
S4147,Store_4147,CENTRAL,,KA,India,2023-01-18,
S4148,Store_4148,WEST,,KA,,2025-01-21,OPEN
,Store_4149,SOUTH,Indore,WB,India,2021-08-28,
S4150,,NORTH,Kochi,RJ,India,2023-05-29,
S4151,,SOUTH,Mumbai,WB,,2022-07-25,OPEN
S4152,,WEST,Bengaluru,MH,,2023-07-27,RENOVATION
S4153,Store_4153,NORTH,,TS,,2026-01-11,OPEN
S4154,Store_4154,,,KA,India,2022-02-09,RENOVATION
,Store_4155,EAST,Pune,,India,2022-10-19,OPEN
S4156,,NORTH,Bengaluru,,India,2023-07-22,CLOSED
S4157,Store_4157,EAST,,WB,,2025-05-12,OPEN
S4158,Store_4158,NORTH,Bengaluru,MH,,2024-01-15,
S4159,Store_4159,,Chennai,TS,India,,RENOVATION
,,EAST,Delhi,KA,India,2023-09-02,CLOSED
S4161,,WEST,Kolkata,TS,India,2022-02-18,
S4162,,WEST,Delhi,DL,India,,RENOVATION
,Store_4163,WEST,Pune,KL,India,2021-12-01,
S4164,Store_4164,,Kolkata,KL,India,,CLOSED
S4165,Store_4165,,Pune,WB,,2024-12-03,OPEN
S4166,Store_4166,NORTH,Hyderabad,,India,,CLOSED
S4167,Store_4167,WEST,Bengaluru,RJ,,,CLOSED
S4168,,NORTH,Indore,DL,India,2025-12-05,
S4169,,WEST,,KL,India,2022-08-17,CLOSED
S4170,Store_4170,CENTRAL,,MH,India,,CLOSED
,Store_4171,SOUTH,Indore,DL,India,,RENOVATION
,Store_4172,,Indore,TN,India,2025-05-13,CLOSED
S4173,Store_4173,,Jaipur,,India,2021-12-30,OPEN
S4174,Store_4174,NORTH,Mumbai,MP,,2025-05-28,
,Store_4175,NORTH,Hyderabad,RJ,,2024-01-19,RENOVATION
,Store_4176,CENTRAL,Mumbai,KA,India,,OPEN
S4177,Store_4177,,Kochi,,India,2023-06-28,OPEN
S4178,Store_4178,SOUTH,Kolkata,KL,,2022-04-15,
S4179,Store_4179,,Pune,TN,India,,OPEN
S4180,,EAST,,KL,India,2025-12-07,OPEN
S4181,,EAST,Bengaluru,,India,2026-01-04,RENOVATION
S4182,,WEST,Hyderabad,MP,,2023-07-03,OPEN
S4183,,WEST,Pune,KL,,2023-09-07,CLOSED
S4184,Store_4184,,Delhi,KA,India,2024-05-13,
S4185,Store_4185,,Delhi,RJ,,2023-01-06,CLOSED
S4186,Store_4186,SOUTH,Bengaluru,,,2022-12-07,RENOVATION
S4187,Store_4187,NORTH,Hyderabad,,India,2024-02-07,
S4188,Store_4188,NORTH,,,India,2024-02-16,CLOSED
S4189,Store_4189,SOUTH,Indore,,,2024-09-02,RENOVATION
S4190,Store_4190,CENTRAL,Hyderabad,WB,,2023-10-25,
S4191,,NORTH,Delhi,WB,India,,CLOSED
S4192,Store_4192,,Hyderabad,WB,India,2025-02-13,
S4193,Store_4193,EAST,Kochi,,India,,RENOVATION
,Store_4194,SOUTH,Jaipur,,India,2021-09-03,RENOVATION
S4195,Store_4195,WEST,Kolkata,,India,,OPEN
S4196,Store_4196,,Kochi,TS,India,2024-04-23,
S4197,Store_4197,WEST,Hyderabad,DL,,,CLOSED
S4198,Store_4198,WEST,,,India,2025-01-08,CLOSED
S4199,Store_4199,,Chennai,RJ,India,2022-08-08,
S4200,Store_4200,NORTH,,,India,2024-07-09,OPEN
,Store_4201,NORTH,,DL,India,2024-08-03,RENOVATION
S4202,Store_4202,,Indore,,India,2022-09-02,OPEN
,,NORTH,Kolkata,KA,India,2022-08-18,OPEN
S4204,,EAST,Delhi,TS,India,2023-09-22,
S4205,Store_4205,,Mumbai,WB,,2022-08-11,CLOSED
S4206,Store_4206,NORTH,Chennai,,India,2021-12-08,
S4207,Store_4207,,Pune,,India,2021-10-15,CLOSED
S4208,Store_4208,,Chennai,DL,India,2022-10-29,
S4209,Store_4209,,Indore,,India,2021-03-18,RENOVATION
S4210,Store_4210,WEST,Pune,,,2025-06-30,CLOSED
S4211,,WEST,,WB,India,2024-11-30,RENOVATION
S4212,Store_4212,,Chennai,,India,2022-02-24,OPEN
S4213,,SOUTH,Delhi,MH,India,,CLOSED
S4214,Store_4214,NORTH,Jaipur,,India,2022-06-30,
S4215,Store_4215,CENTRAL,,WB,India,,RENOVATION
S4216,Store_4216,,Pune,KA,,2025-02-01,CLOSED
S4217,,SOUTH,Kochi,DL,India,,RENOVATION
S4218,Store_4218,,Jaipur,MH,,2023-05-11,RENOVATION
S4219,Store_4219,,Bengaluru,RJ,India,2021-05-11,
S4220,Store_4220,WEST,Mumbai,,India,2024-05-16,
S4221,Store_4221,WEST,Indore,,,2021-07-19,CLOSED
S4222,Store_4222,,Mumbai,RJ,India,,RENOVATION
S4223,Store_4223,,Bengaluru,MP,India,2021-09-08,
,Store_4224,WEST,Bengaluru,,India,2026-01-11,OPEN
S4225,,NORTH,Mumbai,TN,India,,RENOVATION
S4226,,WEST,,WB,India,2022-04-23,CLOSED
S4227,Store_4227,CENTRAL,Bengaluru,TN,,,OPEN
,Store_4228,SOUTH,Kolkata,TS,India,2025-08-20,
S4229,Store_4229,,Jaipur,,India,2022-04-15,RENOVATION
S4230,Store_4230,,,KL,India,2024-05-01,OPEN
,Store_4231,NORTH,,MH,India,2022-04-05,RENOVATION
S4232,Store_4232,CENTRAL,Pune,,India,,OPEN
S4233,,SOUTH,Chennai,,India,2023-04-11,RENOVATION
S4234,,EAST,Mumbai,TN,India,2021-07-13,
,,SOUTH,Pune,WB,India,2024-03-14,OPEN
,Store_4236,SOUTH,Chennai,,India,2023-11-25,RENOVATION
S4237,Store_4237,WEST,Chennai,,India,2024-04-07,
S4238,Store_4238,WEST,Jaipur,KA,,2025-08-18,
,Store_4239,EAST,Pune,DL,India,,OPEN
S4240,Store_4240,EAST,Bengaluru,,India,,RENOVATION
S4241,Store_4241,CENTRAL,Mumbai,KL,India,,
S4242,,NORTH,Jaipur,MP,India,,RENOVATION
S4243,Store_4243,NORTH,Jaipur,TS,,2021-08-09,
S4244,Store_4244,CENTRAL,Delhi,,India,2025-01-17,
S4245,,EAST,Bengaluru,,India,2026-01-05,RENOVATION
S4246,Store_4246,SOUTH,,TN,India,2024-12-18,
S4247,Store_4247,,Delhi,,India,2026-01-01,RENOVATION
S4248,Store_4248,CENTRAL,,,India,2025-06-19,RENOVATION
S4249,Store_4249,CENTRAL,Kolkata,TN,,,CLOSED
S4250,Store_4250,,Chennai,RJ,India,,RENOVATION
S4251,Store_4251,SOUTH,,KL,,2023-01-21,CLOSED
S4252,Store_4252,,Chennai,,India,2023-06-30,CLOSED
S4253,,CENTRAL,Hyderabad,MH,,2025-01-14,CLOSED
S4254,Store_4254,NORTH,Mumbai,,India,,OPEN
S4255,,NORTH,Indore,WB,India,2022-02-28,
S4256,Store_4256,SOUTH,,,India,2022-01-05,OPEN
S4257,Store_4257,,Kochi,MH,,2022-06-05,CLOSED
S4258,,NORTH,Bengaluru,KL,India,2021-03-18,
S4259,Store_4259,CENTRAL,,KA,,2021-05-20,CLOSED
,,EAST,Indore,MP,India,2021-03-04,RENOVATION
,Store_4261,NORTH,Bengaluru,DL,,2025-12-06,OPEN
,Store_4262,,Kolkata,MH,India,2021-10-14,CLOSED
S4263,Store_4263,,Hyderabad,,India,2024-11-01,OPEN
S4264,Store_4264,WEST,Kochi,,India,,RENOVATION
,,SOUTH,Kochi,MH,India,2025-05-26,CLOSED
S4266,,SOUTH,Chennai,,India,2021-07-22,RENOVATION
S4267,Store_4267,SOUTH,Delhi,WB,India,,
S4268,Store_4268,CENTRAL,Indore,RJ,,2023-03-26,
S4269,Store_4269,,Chennai,MH,India,,CLOSED
S4270,,,Delhi,KL,India,2024-09-24,RENOVATION
,Store_4271,WEST,,DL,India,2022-12-14,CLOSED
S4272,Store_4272,,Kolkata,,India,2022-05-18,RENOVATION
S4273,Store_4273,SOUTH,,TN,India,,OPEN
S4274,,WEST,,RJ,India,2021-10-13,CLOSED
S4275,Store_4275,WEST,,RJ,India,,CLOSED
S4276,Store_4276,NORTH,,,India,2021-05-13,RENOVATION
S4277,Store_4277,,,WB,India,2021-06-08,RENOVATION
S4278,Store_4278,SOUTH,Chennai,MH,,,CLOSED
S4279,,CENTRAL,Kolkata,MP,India,2023-09-24,
,Store_4280,CENTRAL,Pune,TN,India,,CLOSED
S4281,,WEST,Hyderabad,KL,India,2021-03-28,
,Store_4282,CENTRAL,,KA,India,2022-11-02,CLOSED
S4283,,CENTRAL,,RJ,India,2022-11-19,RENOVATION
S4284,,CENTRAL,Mumbai,,India,2024-10-14,OPEN
,Store_4285,EAST,Bengaluru,DL,,2023-04-19,OPEN
S4286,Store_4286,,Chennai,TN,India,,RENOVATION
,Store_4287,EAST,,TN,India,2021-07-21,OPEN
,Store_4288,WEST,Hyderabad,TN,India,,OPEN
S4289,Store_4289,NORTH,Jaipur,,India,2023-12-20,
S4290,Store_4290,,Hyderabad,,India,2025-05-12,CLOSED
S4291,Store_4291,,Kolkata,,India,2022-03-19,RENOVATION
S4292,,SOUTH,Chennai,MP,,2025-01-14,CLOSED
S4293,Store_4293,,Delhi,DL,India,2024-12-27,
S4294,Store_4294,EAST,,TN,India,,CLOSED
S4295,Store_4295,,Delhi,,India,2025-06-08,RENOVATION
S4296,Store_4296,CENTRAL,,MH,India,,CLOSED
S4297,Store_4297,NORTH,Kolkata,,,2021-04-06,OPEN
S4298,,WEST,Kolkata,,India,2023-12-05,RENOVATION
S4299,Store_4299,EAST,,KL,,2023-07-31,OPEN
,Store_4300,NORTH,Mumbai,DL,India,,OPEN
S4301,Store_4301,SOUTH,Indore,DL,India,,
,Store_4302,,Delhi,KA,India,2023-07-31,CLOSED
,Store_4303,SOUTH,Hyderabad,MH,India,,OPEN
S4304,,SOUTH,,MH,India,2023-11-19,RENOVATION
,Store_4305,EAST,Hyderabad,,India,2024-03-06,RENOVATION
S4306,Store_4306,EAST,Mumbai,KA,,,OPEN
,Store_4307,,Kolkata,DL,India,2022-06-23,RENOVATION
S4308,Store_4308,EAST,,KL,India,,RENOVATION
S4309,,SOUTH,Mumbai,KL,India,2024-08-28,
S4310,Store_4310,SOUTH,Indore,TS,India,,
S4311,,CENTRAL,Jaipur,TS,India,2023-02-15,
S4312,Store_4312,,Pune,,India,2025-03-24,RENOVATION
S4313,Store_4313,EAST,Bengaluru,TS,India,,
S4314,,EAST,,DL,India,2024-06-01,RENOVATION
S4315,,WEST,Mumbai,DL,India,2021-08-20,
S4316,Store_4316,EAST,,TS,,2021-06-10,OPEN
,,WEST,Chennai,RJ,India,2023-06-29,RENOVATION
S4318,Store_4318,EAST,Indore,DL,,2022-02-22,
,Store_4319,WEST,Indore,MH,,2024-03-06,CLOSED
S4320,Store_4320,SOUTH,Chennai,WB,India,,
,Store_4321,EAST,Bengaluru,,India,2021-10-11,RENOVATION
S4322,,CENTRAL,,MH,India,2023-09-07,OPEN
S4323,Store_4323,CENTRAL,,KA,,2022-03-15,OPEN
,Store_4324,EAST,Mumbai,MP,India,2022-09-28,
S4325,Store_4325,CENTRAL,Kochi,,India,2022-03-04,
,Store_4326,CENTRAL,Bengaluru,TS,India,2021-09-24,
S4327,Store_4327,NORTH,,MP,India,2024-03-04,
S4328,Store_4328,SOUTH,,MH,India,2024-08-30,
S4329,Store_4329,WEST,Pune,KL,,,CLOSED
S4330,,,Bengaluru,DL,India,2021-11-09,CLOSED
,,NORTH,Jaipur,MH,India,2025-10-18,RENOVATION
S4332,Store_4332,,Mumbai,KA,India,2022-11-13,
S4333,Store_4333,,Kochi,MH,India,2025-03-25,
S4334,Store_4334,EAST,Kolkata,,India,2025-07-15,
S4335,Store_4335,,Delhi,KL,,2023-10-10,OPEN
S4336,Store_4336,,Hyderabad,RJ,,2022-11-21,RENOVATION
S4337,Store_4337,NORTH,,,India,2022-06-18,RENOVATION
S4338,Store_4338,,Delhi,MH,India,,OPEN
S4339,Store_4339,,Kochi,KA,India,,CLOSED
S4340,Store_4340,,Mumbai,KA,India,,CLOSED
S4341,,CENTRAL,,TN,India,2021-07-12,OPEN
S4342,Store_4342,EAST,Kochi,,,2023-09-01,RENOVATION
S4343,Store_4343,WEST,,TS,India,2024-01-12,
S4344,Store_4344,,Chennai,MP,India,,CLOSED
S4345,,SOUTH,Chennai,WB,India,,CLOSED
,Store_4346,SOUTH,Kolkata,MP,India,,CLOSED
S4347,Store_4347,,Hyderabad,MH,India,,RENOVATION
,,NORTH,Kolkata,MP,India,2021-09-08,RENOVATION
S4349,Store_4349,,Bengaluru,MP,India,,RENOVATION
S4350,,NORTH,Bengaluru,KL,India,,RENOVATION
S4351,Store_4351,NORTH,Hyderabad,,,2022-08-05,CLOSED
S4352,Store_4352,,,RJ,India,2024-07-23,CLOSED
S4353,,,Kochi,MP,India,2022-10-08,CLOSED
S4354,,WEST,Kochi,TN,India,,RENOVATION
S4355,,NORTH,Jaipur,KA,India,2026-01-03,
S4356,,EAST,Delhi,,India,2021-05-19,OPEN
,Store_4357,SOUTH,Indore,KA,India,2023-07-29,
S4358,Store_4358,SOUTH,,RJ,India,,CLOSED
S4359,,SOUTH,Pune,WB,India,,RENOVATION
S4360,Store_4360,SOUTH,,,India,2021-02-24,RENOVATION
S4361,,NORTH,Hyderabad,DL,,2022-11-12,OPEN
,,CENTRAL,Chennai,KA,India,2022-09-12,OPEN
S4363,Store_4363,,Kochi,,India,2023-07-20,OPEN
S4364,,,Jaipur,WB,India,2024-04-21,CLOSED
,Store_4365,,Delhi,MH,India,2023-09-26,OPEN
S4366,Store_4366,EAST,,TS,India,2023-08-29,
S4367,Store_4367,CENTRAL,Kolkata,,India,2022-05-25,
,,CENTRAL,Kolkata,TS,India,2023-11-08,OPEN
,Store_4369,EAST,Jaipur,,India,2021-05-01,OPEN
S4370,Store_4370,CENTRAL,,WB,India,,RENOVATION
S4371,Store_4371,CENTRAL,Kochi,DL,India,,
S4372,Store_4372,WEST,Chennai,MH,,2023-11-17,
,Store_4373,,Chennai,KL,India,2021-02-18,CLOSED
S4374,Store_4374,EAST,,KL,India,,OPEN
,Store_4375,SOUTH,Mumbai,,India,2023-07-21,OPEN
S4376,Store_4376,,Kochi,DL,India,,OPEN
S4377,,CENTRAL,Kochi,TS,,2023-08-14,OPEN
S4378,Store_4378,,Hyderabad,WB,India,2023-03-23,
S4379,Store_4379,EAST,Bengaluru,,India,2021-04-29,
S4380,Store_4380,SOUTH,,,India,2022-08-10,RENOVATION
S4381,Store_4381,CENTRAL,Pune,,India,2024-09-28,
S4382,Store_4382,,Delhi,WB,India,2023-05-16,
,Store_4383,WEST,Chennai,,India,2022-12-16,CLOSED
S4384,Store_4384,,Bengaluru,,India,2025-12-17,OPEN
S4385,Store_4385,NORTH,,,India,2025-04-11,RENOVATION
,Store_4386,,Hyderabad,RJ,India,2026-01-18,OPEN
S4387,Store_4387,CENTRAL,,WB,,2025-09-21,RENOVATION
S4388,Store_4388,NORTH,,TS,,2022-01-28,OPEN
,Store_4389,NORTH,,RJ,India,2023-08-30,OPEN
S4390,Store_4390,,Hyderabad,KA,India,,OPEN
,Store_4391,,Bengaluru,KA,India,2025-06-12,RENOVATION
,Store_4392,,Mumbai,DL,India,2025-01-25,CLOSED
S4393,Store_4393,CENTRAL,Kochi,DL,India,,
,Store_4394,NORTH,,RJ,India,2023-07-12,OPEN
S4395,Store_4395,CENTRAL,Kochi,TS,,2021-05-19,
S4396,Store_4396,NORTH,,WB,India,,CLOSED
S4397,,CENTRAL,Mumbai,MH,India,2025-04-19,
,Store_4398,SOUTH,Mumbai,MH,,2021-06-10,CLOSED
S4399,Store_4399,,Hyderabad,KL,India,2022-02-03,
,Store_4400,CENTRAL,Pune,DL,India,,RENOVATION
,Store_4401,NORTH,Pune,TS,India,,CLOSED
,,CENTRAL,Chennai,WB,India,2025-07-11,CLOSED
S4403,Store_4403,NORTH,,WB,India,2022-06-22,
,Store_4404,WEST,Indore,MP,,2021-03-22,OPEN
S4405,,WEST,Bengaluru,RJ,India,,RENOVATION
S4406,Store_4406,WEST,Jaipur,,,2021-05-11,CLOSED
,Store_4407,,Hyderabad,WB,India,2025-09-26,RENOVATION
S4408,Store_4408,,Bengaluru,MP,India,2025-11-16,
S4409,,EAST,,MH,India,2024-08-27,RENOVATION
S4410,Store_4410,CENTRAL,Indore,TN,India,,
S4411,Store_4411,,Kochi,RJ,,2024-11-03,OPEN
S4412,,SOUTH,Mumbai,WB,,2021-03-27,RENOVATION
S4413,,CENTRAL,Bengaluru,TN,India,2025-08-29,
S4414,,EAST,,TN,India,2026-02-02,OPEN
S4415,Store_4415,CENTRAL,Kochi,,India,2021-07-20,
S4416,Store_4416,,Delhi,,India,2024-12-30,OPEN
,Store_4417,CENTRAL,Jaipur,RJ,India,,OPEN
S4418,Store_4418,EAST,Mumbai,,India,,CLOSED
S4419,Store_4419,EAST,,KA,India,,CLOSED
,Store_4420,NORTH,Pune,RJ,India,2022-10-14,
S4421,Store_4421,,Indore,WB,,2022-04-08,RENOVATION
,Store_4422,WEST,Bengaluru,TS,India,2024-09-08,
S4423,,CENTRAL,Pune,,India,2021-09-10,CLOSED
,Store_4424,SOUTH,Kolkata,MP,India,2024-05-27,
S4425,Store_4425,,Kochi,RJ,India,2022-08-01,
,Store_4426,SOUTH,Kolkata,KL,India,,CLOSED
S4427,Store_4427,CENTRAL,Pune,RJ,,,OPEN
S4428,Store_4428,,Kolkata,DL,,2025-01-22,CLOSED
S4429,Store_4429,WEST,,,India,2021-11-20,RENOVATION
S4430,Store_4430,,,MH,India,2023-03-11,OPEN
S4431,Store_4431,EAST,Kochi,MP,India,,
S4432,,CENTRAL,Bengaluru,,India,2023-05-14,CLOSED
S4433,Store_4433,,Kochi,MP,,2023-10-10,OPEN
S4434,Store_4434,NORTH,Mumbai,RJ,,2021-07-25,
S4435,Store_4435,WEST,Kolkata,,India,2024-09-18,
,Store_4436,,Indore,KL,India,2024-11-06,CLOSED
S4437,,NORTH,Kolkata,KL,India,,CLOSED
S4438,Store_4438,EAST,Chennai,,India,2023-03-22,
S4439,Store_4439,WEST,Jaipur,TS,,2024-11-12,
S4440,Store_4440,,Chennai,WB,,2023-07-05,OPEN
S4441,,CENTRAL,Hyderabad,,India,2023-02-02,RENOVATION
S4442,Store_4442,EAST,Pune,,India,2021-10-09,
,Store_4443,NORTH,Delhi,WB,,2021-06-19,RENOVATION
S4444,Store_4444,NORTH,Jaipur,,,2025-06-21,OPEN
S4445,Store_4445,EAST,Kolkata,KA,,2025-07-10,
S4446,Store_4446,,Jaipur,KL,India,,OPEN
S4447,Store_4447,,,TN,India,2024-10-20,OPEN
S4448,Store_4448,NORTH,Jaipur,TN,,,RENOVATION
S4449,,SOUTH,,KL,India,2023-08-08,RENOVATION
S4450,Store_4450,CENTRAL,,MP,,2023-02-11,CLOSED
S4451,,,Kochi,RJ,India,2025-06-05,RENOVATION
S4452,Store_4452,SOUTH,,,India,2024-08-21,OPEN
S4453,Store_4453,,Delhi,TS,India,2026-01-10,
S4454,Store_4454,SOUTH,,RJ,India,,CLOSED
,Store_4455,,Pune,RJ,India,2024-11-30,CLOSED
S4456,,,Kolkata,MH,India,2021-11-29,CLOSED
S4457,Store_4457,WEST,Hyderabad,,,2024-10-16,CLOSED
S4458,Store_4458,EAST,Hyderabad,RJ,,2021-11-28,
S4459,Store_4459,,,TN,India,2021-02-05,OPEN
S4460,Store_4460,CENTRAL,Bengaluru,,India,,RENOVATION
S4461,Store_4461,EAST,,WB,,2024-09-01,CLOSED
,Store_4462,SOUTH,Delhi,KA,,2025-03-13,CLOSED
,Store_4463,SOUTH,Pune,MP,India,2025-12-13,
S4464,Store_4464,,Chennai,,India,2025-05-28,CLOSED
S4465,Store_4465,SOUTH,Hyderabad,,India,2024-01-27,
S4466,Store_4466,,,KL,India,2025-06-06,RENOVATION
S4467,Store_4467,CENTRAL,Jaipur,,India,2023-12-01,
,Store_4468,SOUTH,,MP,India,2021-03-12,OPEN
S4469,Store_4469,,,WB,India,2023-05-18,OPEN
S4470,Store_4470,WEST,Indore,TS,India,,
S4471,Store_4471,EAST,Chennai,,India,2021-07-26,
,Store_4472,EAST,Kolkata,WB,India,2024-06-11,
S4473,Store_4473,NORTH,,MH,,2024-02-27,CLOSED
S4474,Store_4474,,Jaipur,KA,India,2024-12-23,
S4475,Store_4475,CENTRAL,Jaipur,,India,2021-10-12,
,Store_4476,CENTRAL,Mumbai,MP,India,2023-02-14,
,Store_4477,,Hyderabad,RJ,India,2024-03-24,RENOVATION
,Store_4478,EAST,Delhi,,India,2021-08-27,OPEN
S4479,,EAST,Pune,,India,2025-05-20,RENOVATION
S4480,Store_4480,NORTH,Kochi,WB,India,,
S4481,,NORTH,Hyderabad,RJ,India,2024-07-10,
,Store_4482,SOUTH,,TS,India,2023-06-18,RENOVATION
S4483,,EAST,Indore,MH,India,2021-08-27,
S4484,Store_4484,,Kochi,KA,India,,RENOVATION
S4485,Store_4485,NORTH,,MP,,2024-10-21,OPEN
S4486,Store_4486,NORTH,,TN,India,2023-02-19,
S4487,Store_4487,WEST,Hyderabad,,India,,CLOSED
,Store_4488,WEST,Indore,TN,India,,OPEN
S4489,Store_4489,SOUTH,,WB,India,,CLOSED
S4490,,EAST,Bengaluru,,India,2025-11-15,RENOVATION
S4491,Store_4491,EAST,,,India,2023-10-11,OPEN
S4492,,,Delhi,MH,India,2024-05-01,OPEN
S4493,Store_4493,NORTH,,TS,,2023-12-20,OPEN
S4494,Store_4494,SOUTH,Hyderabad,,India,2025-12-13,
S4495,Store_4495,,,TS,India,2024-11-06,RENOVATION
,Store_4496,SOUTH,Pune,KL,India,2024-02-12,
,Store_4497,CENTRAL,Pune,,India,2022-05-25,RENOVATION
S4498,Store_4498,,,MH,India,2022-01-20,OPEN
,Store_4499,EAST,Kolkata,TS,India,,RENOVATION
S4500,Store_4500,,Bengaluru,KL,India,,RENOVATION
S4501,Store_4501,NORTH,,,India,2022-10-25,RENOVATION
,Store_4502,,Indore,WB,India,2024-12-18,OPEN
S4503,,SOUTH,Kochi,MH,India,,OPEN
S4504,Store_4504,,Mumbai,,India,2025-07-01,OPEN
,Store_4505,EAST,,TN,India,2024-11-18,CLOSED
,Store_4506,NORTH,Chennai,RJ,,2022-11-30,RENOVATION
S4507,Store_4507,SOUTH,Jaipur,,India,,CLOSED
S4508,Store_4508,,Jaipur,TN,,2024-04-20,OPEN
S4509,Store_4509,,Kochi,TS,India,2025-02-22,
S4510,,EAST,Hyderabad,WB,India,,RENOVATION
,Store_4511,,Kolkata,KL,India,2022-08-20,OPEN
,Store_4512,CENTRAL,Delhi,TN,India,,OPEN
S4513,,SOUTH,Jaipur,,India,2024-01-03,CLOSED
S4514,Store_4514,,Pune,DL,India,2024-07-12,
,Store_4515,EAST,Jaipur,,India,2023-08-25,RENOVATION
S4516,Store_4516,CENTRAL,,RJ,,2023-01-09,CLOSED
S4517,Store_4517,SOUTH,,KA,,2024-05-17,OPEN
S4518,Store_4518,,,RJ,India,2023-06-10,RENOVATION
,Store_4519,SOUTH,Jaipur,MP,India,,CLOSED
S4520,Store_4520,SOUTH,,,India,2021-05-26,CLOSED
S4521,Store_4521,,Chennai,MH,India,2026-01-29,
,Store_4522,EAST,Chennai,WB,India,,CLOSED
S4523,Store_4523,,Kolkata,TS,India,,CLOSED
S4524,,,Hyderabad,KL,India,2024-08-04,OPEN
S4525,,WEST,Pune,TN,India,,RENOVATION
,Store_4526,EAST,Kochi,TS,India,,RENOVATION
S4527,Store_4527,,Jaipur,MH,India,,RENOVATION
,Store_4528,CENTRAL,Hyderabad,MH,,2023-06-16,RENOVATION
S4529,,CENTRAL,Delhi,RJ,,2022-03-08,RENOVATION
,Store_4530,EAST,Mumbai,TS,India,2023-07-07,
S4531,,SOUTH,Delhi,,India,2023-10-11,OPEN
S4532,,WEST,Mumbai,,India,2021-04-04,RENOVATION
S4533,Store_4533,SOUTH,Kolkata,,,2024-05-01,RENOVATION
S4534,,SOUTH,Kolkata,DL,India,2022-11-06,
,Store_4535,CENTRAL,Bengaluru,MH,,2024-06-17,CLOSED
S4536,,CENTRAL,Kolkata,WB,India,2025-02-05,
S4537,,SOUTH,Pune,RJ,,2023-04-23,CLOSED
S4538,Store_4538,SOUTH,Mumbai,MH,India,,
S4539,,,Delhi,MP,India,2022-06-17,RENOVATION
,,CENTRAL,Indore,KA,India,2023-07-26,RENOVATION
S4541,Store_4541,,Mumbai,RJ,,2024-08-27,CLOSED
,Store_4542,,Chennai,KA,India,2021-04-12,CLOSED
S4543,Store_4543,,Pune,KA,,2024-07-12,OPEN
S4544,,EAST,Kochi,MP,India,,RENOVATION
S4545,Store_4545,,Mumbai,MH,India,2023-05-29,
S4546,Store_4546,,Chennai,KA,,2022-10-18,CLOSED
S4547,Store_4547,SOUTH,Bengaluru,,India,,RENOVATION
S4548,Store_4548,EAST,,KL,,2024-06-12,CLOSED
S4549,,WEST,Mumbai,DL,,2025-12-01,RENOVATION
S4550,Store_4550,,Pune,KA,,2022-02-07,OPEN
,Store_4551,,Mumbai,TS,India,2021-07-18,OPEN
S4552,Store_4552,NORTH,Bengaluru,,India,2024-05-11,
,Store_4553,WEST,Bengaluru,KL,India,2022-03-22,
S4554,,WEST,,MH,India,2025-07-13,OPEN
S4555,Store_4555,CENTRAL,Bengaluru,TN,,2024-08-04,
S4556,Store_4556,CENTRAL,Bengaluru,TN,India,,
S4557,Store_4557,EAST,Hyderabad,TS,India,,
S4558,Store_4558,EAST,Delhi,KL,India,,
,Store_4559,WEST,Pune,MP,India,2025-03-19,
S4560,,,Mumbai,MH,India,2021-11-05,RENOVATION
S4561,Store_4561,NORTH,,TS,,2022-09-25,RENOVATION
,,EAST,Jaipur,MH,India,2021-04-26,CLOSED
S4563,Store_4563,,Jaipur,MP,India,,RENOVATION
S4564,Store_4564,SOUTH,,RJ,India,2024-03-05,
S4565,Store_4565,NORTH,Kochi,,,2024-10-19,OPEN
S4566,Store_4566,,Kolkata,KL,India,,CLOSED
,Store_4567,NORTH,,KA,India,2021-11-21,CLOSED
S4568,Store_4568,,Mumbai,WB,India,,CLOSED
S4569,Store_4569,CENTRAL,Bengaluru,,India,2023-09-16,
S4570,Store_4570,,Jaipur,KA,India,2024-12-12,
S4571,,,Kochi,MH,India,2022-07-13,OPEN
S4572,,EAST,,MP,India,2024-07-17,OPEN
S4573,Store_4573,,Chennai,KA,India,2021-08-21,
,Store_4574,,Indore,KA,India,2024-07-12,RENOVATION
,Store_4575,EAST,Chennai,TS,India,2021-08-16,
S4576,Store_4576,,Indore,WB,,2023-11-30,RENOVATION
S4577,Store_4577,CENTRAL,Kochi,,India,,OPEN
S4578,Store_4578,WEST,,MH,,2021-11-20,OPEN
,Store_4579,SOUTH,Indore,TS,India,,CLOSED
S4580,Store_4580,WEST,Chennai,WB,,,OPEN
S4581,Store_4581,WEST,,DL,India,2025-03-29,
S4582,Store_4582,SOUTH,,TN,India,2021-11-04,
S4583,Store_4583,SOUTH,,RJ,,2021-07-24,OPEN
S4584,Store_4584,CENTRAL,Jaipur,MP,India,,
,Store_4585,,Mumbai,RJ,India,2022-11-16,CLOSED
S4586,,CENTRAL,Kochi,WB,,2025-09-07,RENOVATION
S4587,Store_4587,EAST,Kolkata,MH,,,CLOSED
S4588,,NORTH,Jaipur,KL,,2021-11-25,CLOSED
,,CENTRAL,Hyderabad,KA,India,2024-02-10,OPEN
,Store_4590,WEST,,WB,India,2025-12-13,RENOVATION
S4591,Store_4591,,Bengaluru,,India,2022-04-26,OPEN
,Store_4592,EAST,Mumbai,RJ,India,2024-11-28,
,Store_4593,NORTH,,MH,India,2022-10-19,OPEN
S4594,Store_4594,SOUTH,,WB,India,,RENOVATION
,Store_4595,CENTRAL,Chennai,DL,,2021-04-27,RENOVATION
S4596,Store_4596,NORTH,Hyderabad,,India,2026-01-07,
,,SOUTH,Pune,WB,India,2024-01-26,CLOSED
S4598,Store_4598,EAST,,KL,,2022-08-18,CLOSED
S4599,Store_4599,CENTRAL,Bengaluru,TS,,2024-12-15,
S4600,Store_4600,EAST,,,India,2021-07-01,OPEN
S4601,Store_4601,CENTRAL,,KA,India,,OPEN
,Store_4602,CENTRAL,Bengaluru,,India,2025-10-05,OPEN
S4603,,,Indore,KA,India,2021-11-06,CLOSED
,Store_4604,,Bengaluru,RJ,India,2024-10-16,CLOSED
S4605,,CENTRAL,Pune,DL,,2022-01-31,CLOSED
,Store_4606,SOUTH,Mumbai,KA,,2022-02-03,CLOSED
S4607,Store_4607,,Hyderabad,KA,India,,RENOVATION
S4608,Store_4608,NORTH,,RJ,India,,OPEN
S4609,,EAST,Kochi,TS,,2022-01-08,RENOVATION
S4610,Store_4610,NORTH,Pune,,,2021-05-22,RENOVATION
S4611,Store_4611,WEST,Chennai,KA,,,RENOVATION
S4612,Store_4612,WEST,Delhi,,India,,CLOSED
S4613,Store_4613,NORTH,Kochi,TN,India,,
S4614,,NORTH,Delhi,MP,India,,OPEN
S4615,Store_4615,EAST,,KL,,2025-02-15,CLOSED
S4616,Store_4616,CENTRAL,Kochi,,India,,OPEN
,Store_4617,CENTRAL,Hyderabad,WB,India,2025-08-06,
,,EAST,Kolkata,MP,India,2024-10-14,RENOVATION
S4619,Store_4619,NORTH,Bengaluru,MP,,,CLOSED
S4620,,NORTH,Indore,KA,,2021-04-16,RENOVATION
S4621,Store_4621,NORTH,Hyderabad,MP,India,,
S4622,Store_4622,CENTRAL,,KA,India,2023-10-13,
S4623,,,Jaipur,MH,India,2022-01-13,RENOVATION
S4624,Store_4624,NORTH,Chennai,KL,,2023-07-01,
,,SOUTH,Chennai,KA,India,2022-03-03,CLOSED
S4626,Store_4626,EAST,,,India,2024-07-19,CLOSED
S4627,Store_4627,EAST,,KA,India,,CLOSED
S4628,Store_4628,WEST,,KL,India,,RENOVATION
S4629,Store_4629,WEST,Delhi,KL,,2025-11-01,
S4630,Store_4630,WEST,Mumbai,,India,2025-03-03,
,Store_4631,SOUTH,Hyderabad,MP,India,2023-02-18,
S4632,Store_4632,EAST,Indore,,India,,OPEN
,,SOUTH,Kolkata,KL,India,2024-08-31,RENOVATION
S4634,Store_4634,SOUTH,,TN,India,,CLOSED
,Store_4635,CENTRAL,,KL,India,2025-02-08,RENOVATION
,Store_4636,SOUTH,Jaipur,MP,India,,OPEN
S4637,Store_4637,,,WB,India,2022-02-02,CLOSED
,Store_4638,CENTRAL,Indore,,India,2026-02-01,OPEN
S4639,Store_4639,NORTH,Kochi,WB,,,OPEN
,,EAST,Bengaluru,RJ,India,2024-02-17,RENOVATION
,Store_4641,CENTRAL,Pune,KA,India,,OPEN
,Store_4642,EAST,Chennai,WB,India,2021-11-13,
S4643,,SOUTH,Kochi,,India,2024-03-27,CLOSED
,Store_4644,SOUTH,Kochi,KL,India,,CLOSED
S4645,,WEST,Mumbai,KL,India,2023-01-04,
S4646,,EAST,Delhi,MH,India,,CLOSED
S4647,Store_4647,WEST,,KL,India,2023-11-19,
S4648,Store_4648,WEST,Bengaluru,,India,,OPEN
,Store_4649,,Mumbai,KA,India,2023-09-16,CLOSED
S4650,Store_4650,SOUTH,Hyderabad,,India,2021-06-08,
S4651,Store_4651,EAST,Delhi,,India,,OPEN
S4652,,WEST,,KA,India,2021-04-01,RENOVATION
S4653,Store_4653,CENTRAL,,,India,2021-08-16,OPEN
S4654,Store_4654,SOUTH,,WB,India,2025-05-29,
S4655,Store_4655,,Kolkata,DL,India,2022-03-25,
S4656,Store_4656,,Hyderabad,,India,2022-09-29,RENOVATION
,Store_4657,EAST,Mumbai,MP,,2022-03-24,OPEN
S4658,Store_4658,EAST,Hyderabad,MH,,,CLOSED
,,WEST,Mumbai,TN,India,2025-01-12,CLOSED
S4660,Store_4660,EAST,Kolkata,,,2024-08-20,CLOSED
S4661,Store_4661,CENTRAL,,TN,,2025-06-10,CLOSED
S4662,Store_4662,NORTH,Mumbai,,,2023-07-04,RENOVATION
S4663,,WEST,Bengaluru,TS,India,,RENOVATION
S4664,Store_4664,CENTRAL,,,India,2025-08-30,CLOSED
S4665,Store_4665,WEST,,MP,India,2026-01-17,
S4666,Store_4666,,Kolkata,MH,India,,CLOSED
S4667,Store_4667,EAST,Indore,,,2024-09-29,CLOSED
S4668,Store_4668,WEST,,,India,2025-03-25,OPEN
S4669,,SOUTH,Bengaluru,MP,India,2021-05-15,
S4670,Store_4670,EAST,Hyderabad,,India,2022-12-19,
,,WEST,Bengaluru,KA,India,2023-11-29,CLOSED
S4672,Store_4672,SOUTH,,DL,India,2024-08-29,
S4673,Store_4673,EAST,Bengaluru,,,2022-06-20,RENOVATION
,Store_4674,EAST,Kochi,KA,,2022-06-17,CLOSED
S4675,,,Hyderabad,RJ,India,2023-08-25,CLOSED
,Store_4676,,Pune,DL,India,2023-06-22,RENOVATION
S4677,,SOUTH,,MH,India,2025-07-10,CLOSED
S4678,Store_4678,NORTH,Jaipur,,India,,CLOSED
S4679,Store_4679,NORTH,Kochi,MP,India,,
,Store_4680,WEST,Kochi,,India,2024-02-10,CLOSED
S4681,Store_4681,,Delhi,KL,India,2024-08-09,
,Store_4682,SOUTH,,RJ,India,2024-07-26,CLOSED
,Store_4683,WEST,Hyderabad,MH,India,,CLOSED
S4684,Store_4684,,Pune,MH,,2022-01-19,RENOVATION
S4685,Store_4685,EAST,,,India,2024-10-20,RENOVATION
S4686,Store_4686,,Pune,,India,2022-11-29,OPEN
S4687,Store_4687,NORTH,,KA,India,,RENOVATION
S4688,Store_4688,,Kolkata,MP,India,,CLOSED
S4689,Store_4689,CENTRAL,Kolkata,,,2025-04-14,RENOVATION
S4690,Store_4690,EAST,Kochi,WB,,2024-10-16,
,Store_4691,SOUTH,,WB,India,2024-07-26,RENOVATION
S4692,Store_4692,WEST,,KL,India,2021-09-15,
S4693,,,Chennai,RJ,India,2023-11-26,OPEN
S4694,Store_4694,WEST,,MH,India,,CLOSED
S4695,Store_4695,,Pune,KL,India,2023-10-26,
S4696,Store_4696,,Pune,TS,,2025-08-31,RENOVATION
S4697,,SOUTH,Hyderabad,MH,India,2022-05-05,
S4698,Store_4698,WEST,Delhi,KL,,2025-03-20,
S4699,Store_4699,SOUTH,Kolkata,,India,2022-03-03,
S4700,Store_4700,,Jaipur,,India,2023-02-25,CLOSED
S4701,,NORTH,Chennai,,India,2022-01-24,CLOSED
S4702,Store_4702,EAST,Kochi,,,2023-03-06,OPEN
,Store_4703,EAST,Jaipur,WB,India,,OPEN
S4704,Store_4704,SOUTH,Hyderabad,MH,,2022-10-24,
S4705,Store_4705,WEST,,,India,2023-03-06,OPEN
,,SOUTH,Pune,DL,India,2024-04-05,OPEN
S4707,Store_4707,SOUTH,,,India,2025-02-18,RENOVATION
S4708,,SOUTH,Hyderabad,TS,India,,OPEN
S4709,Store_4709,,,KA,India,2024-02-12,CLOSED
S4710,,WEST,Pune,KL,India,,CLOSED
S4711,Store_4711,WEST,,MP,India,,OPEN
S4712,Store_4712,,Hyderabad,RJ,,2025-02-27,OPEN
S4713,,,Bengaluru,WB,India,2022-06-10,OPEN
S4714,Store_4714,EAST,Kolkata,TS,,2023-01-28,
S4715,Store_4715,,Pune,,India,2023-04-27,CLOSED
,Store_4716,,Pune,MP,India,2024-03-11,OPEN
S4717,Store_4717,NORTH,Indore,,,2022-08-15,CLOSED
S4718,Store_4718,CENTRAL,Indore,,India,,OPEN
S4719,Store_4719,CENTRAL,Delhi,TN,,2021-02-09,
S4720,Store_4720,NORTH,,TN,,2024-01-16,CLOSED
S4721,,,Hyderabad,KA,India,2021-02-17,OPEN
S4722,Store_4722,WEST,,RJ,India,,RENOVATION
S4723,Store_4723,WEST,,KA,India,2022-02-20,
S4724,Store_4724,SOUTH,,TS,,2025-09-24,OPEN
S4725,Store_4725,NORTH,Delhi,,,2022-03-16,RENOVATION
S4726,Store_4726,NORTH,Hyderabad,KA,India,,
S4727,Store_4727,WEST,Delhi,KL,India,,
S4728,,WEST,Indore,MH,,2022-12-30,CLOSED
S4729,,WEST,Mumbai,MP,India,,RENOVATION
S4730,Store_4730,CENTRAL,,,India,2022-04-04,CLOSED
S4731,Store_4731,SOUTH,,MH,India,2021-10-20,
S4732,Store_4732,WEST,Indore,,,2025-09-26,CLOSED
S4733,Store_4733,WEST,Delhi,,,2023-05-14,OPEN
,Store_4734,CENTRAL,Indore,MP,India,2021-04-01,
S4735,,,Delhi,KL,India,2026-01-03,OPEN
S4736,Store_4736,NORTH,Indore,KA,,,CLOSED
S4737,,SOUTH,Kochi,TS,,2023-01-10,RENOVATION
,Store_4738,NORTH,Mumbai,TN,,2023-02-10,OPEN
S4739,,WEST,Kochi,MP,India,2024-02-12,
S4740,Store_4740,EAST,,MH,India,2025-08-16,
,,EAST,Bengaluru,WB,India,2024-08-03,CLOSED
S4742,Store_4742,NORTH,Chennai,,India,,RENOVATION
,Store_4743,NORTH,Kolkata,MP,India,2025-02-20,
,,WEST,Bengaluru,RJ,India,2022-10-17,RENOVATION
S4745,,SOUTH,,RJ,India,2023-07-28,RENOVATION
S4746,,EAST,Delhi,MH,,2024-02-03,CLOSED
S4747,,,Hyderabad,RJ,India,2021-03-30,OPEN
S4748,Store_4748,CENTRAL,Bengaluru,WB,,,OPEN
S4749,Store_4749,,Indore,KA,India,,RENOVATION
S4750,Store_4750,SOUTH,Bengaluru,MH,,2024-08-11,
S4751,Store_4751,NORTH,Pune,,India,,CLOSED
S4752,Store_4752,EAST,,WB,,2022-03-18,OPEN
S4753,,NORTH,Bengaluru,RJ,India,,RENOVATION
S4754,Store_4754,NORTH,Pune,,,2023-01-13,RENOVATION
S4755,Store_4755,WEST,,KL,,2025-09-16,CLOSED
S4756,Store_4756,,Pune,,India,2021-07-09,RENOVATION
,Store_4757,SOUTH,Kolkata,TN,,2023-07-30,OPEN
S4758,Store_4758,CENTRAL,Bengaluru,,India,2023-09-19,
,Store_4759,,Bengaluru,KL,India,2022-06-27,CLOSED
S4760,,NORTH,Mumbai,TS,India,,OPEN
S4761,Store_4761,,,MH,India,2022-06-02,CLOSED
S4762,Store_4762,,Mumbai,TS,,2023-12-07,CLOSED
S4763,Store_4763,,Delhi,WB,India,2023-01-27,
S4764,Store_4764,,Kolkata,,India,2021-11-25,OPEN
S4765,Store_4765,,Hyderabad,TS,,2024-12-11,OPEN
S4766,Store_4766,,Jaipur,RJ,,2023-01-12,CLOSED
S4767,,,Jaipur,KL,India,2021-11-10,OPEN
S4768,Store_4768,NORTH,Kolkata,,India,,OPEN
S4769,Store_4769,NORTH,Bengaluru,WB,,,RENOVATION
S4770,Store_4770,WEST,Kochi,DL,India,,
S4771,,EAST,Indore,,India,2022-05-05,CLOSED
,,EAST,Kolkata,MH,India,2021-11-18,CLOSED
S4773,,SOUTH,Chennai,TS,,2024-05-20,RENOVATION
S4774,Store_4774,EAST,,KL,,2023-08-17,RENOVATION
S4775,,WEST,Delhi,TS,,2025-02-21,CLOSED
S4776,,CENTRAL,,RJ,India,2021-07-10,RENOVATION
S4777,Store_4777,NORTH,Kochi,KA,,,OPEN
S4778,,WEST,Chennai,KA,India,,RENOVATION
S4779,,CENTRAL,Indore,TN,,2021-08-20,CLOSED
S4780,,EAST,,MH,India,2021-04-21,CLOSED
S4781,,EAST,,RJ,India,2021-09-04,RENOVATION
S4782,Store_4782,,Bengaluru,TN,India,2023-09-13,
S4783,Store_4783,WEST,Jaipur,,India,2023-08-28,
,Store_4784,WEST,Jaipur,WB,India,2025-05-23,
S4785,Store_4785,SOUTH,,RJ,,2023-12-25,RENOVATION
,Store_4786,EAST,Delhi,MP,India,,CLOSED
S4787,Store_4787,,Kochi,TN,India,2023-03-26,
S4788,Store_4788,NORTH,Kolkata,DL,,,CLOSED
S4789,Store_4789,NORTH,Delhi,,India,,RENOVATION
S4790,Store_4790,WEST,,KL,,2022-12-24,RENOVATION
S4791,,EAST,Mumbai,,India,2022-11-09,OPEN
S4792,Store_4792,SOUTH,Mumbai,MP,India,,
S4793,Store_4793,CENTRAL,Chennai,KA,India,,
S4794,Store_4794,,,MH,India,2022-08-26,OPEN
S4795,Store_4795,SOUTH,Delhi,KL,,,OPEN
S4796,,EAST,Bengaluru,DL,India,,CLOSED
S4797,,WEST,Kochi,,India,2023-03-22,CLOSED
S4798,,EAST,Pune,MH,India,,RENOVATION
S4799,,WEST,Kochi,,India,2022-04-25,OPEN
,Store_4800,SOUTH,Bengaluru,TS,India,,OPEN
,Store_4801,WEST,,RJ,India,2022-02-22,OPEN
,Store_4802,SOUTH,Chennai,TS,,2023-09-01,OPEN
S4803,Store_4803,NORTH,Kolkata,,,2023-02-14,OPEN
S4804,Store_4804,NORTH,,RJ,India,,CLOSED
S4805,Store_4805,WEST,,DL,India,2022-05-17,
S4806,,EAST,,MP,India,2025-04-10,CLOSED
S4807,Store_4807,,,MP,India,2022-06-22,RENOVATION
S4808,Store_4808,SOUTH,Bengaluru,MP,,,OPEN
,Store_4809,SOUTH,Jaipur,KA,India,2021-10-12,
S4810,Store_4810,,Indore,KA,India,,RENOVATION
S4811,,WEST,Hyderabad,,India,2022-04-12,RENOVATION
,Store_4812,WEST,Kochi,TN,,2022-11-11,RENOVATION
S4813,Store_4813,SOUTH,,TS,,2021-12-08,CLOSED
,Store_4814,WEST,Pune,MH,India,,RENOVATION
S4815,Store_4815,SOUTH,Mumbai,,India,,OPEN
S4816,,EAST,,MP,India,2025-10-18,RENOVATION
S4817,Store_4817,,Pune,MH,India,,CLOSED
S4818,,EAST,Delhi,,India,2023-09-14,CLOSED
S4819,Store_4819,SOUTH,Jaipur,,India,2023-07-10,
S4820,Store_4820,SOUTH,Indore,TN,,2023-05-29,
S4821,,CENTRAL,Kochi,,India,2021-04-06,RENOVATION
S4822,,WEST,,TN,India,2025-10-08,RENOVATION
S4823,Store_4823,CENTRAL,,,India,2023-03-23,OPEN
S4824,,NORTH,Kochi,,India,2023-12-23,CLOSED
S4825,Store_4825,,,TN,India,2021-11-16,CLOSED
,Store_4826,SOUTH,Jaipur,,India,2025-04-15,OPEN
S4827,Store_4827,SOUTH,,,India,2024-11-17,RENOVATION
,Store_4828,EAST,Pune,RJ,India,,OPEN
S4829,,CENTRAL,,MP,India,2022-01-27,CLOSED
S4830,Store_4830,,Jaipur,TS,India,2022-02-05,
,,SOUTH,Bengaluru,TS,India,2022-02-19,CLOSED
,Store_4832,NORTH,Kolkata,MH,India,2022-10-08,
S4833,Store_4833,SOUTH,Indore,,India,2023-05-06,
S4834,,CENTRAL,Mumbai,,India,2024-12-19,RENOVATION
S4835,Store_4835,NORTH,Delhi,,India,2025-10-27,
,Store_4836,,Chennai,DL,India,2023-11-27,CLOSED
,,NORTH,Delhi,RJ,India,2023-04-19,OPEN
S4838,Store_4838,EAST,Pune,,India,2023-11-06,
S4839,Store_4839,NORTH,Hyderabad,TS,,,RENOVATION
S4840,Store_4840,CENTRAL,Chennai,,,2023-01-11,CLOSED
S4841,,SOUTH,Chennai,KA,India,2021-10-10,
S4842,Store_4842,,Mumbai,,India,2022-02-05,RENOVATION
S4843,,CENTRAL,,KL,India,2023-10-03,OPEN
S4844,,SOUTH,Jaipur,WB,India,2022-04-03,
,Store_4845,EAST,Hyderabad,DL,,2024-01-23,CLOSED
S4846,Store_4846,NORTH,,,India,2024-04-17,OPEN
S4847,Store_4847,EAST,,WB,India,,RENOVATION
S4848,Store_4848,CENTRAL,Indore,,India,2025-03-24,
,Store_4849,,Delhi,MP,India,2022-01-12,RENOVATION
S4850,,NORTH,Kochi,MP,India,,CLOSED
S4851,Store_4851,EAST,Chennai,MH,India,,
S4852,,CENTRAL,Chennai,,India,2024-05-24,CLOSED
S4853,Store_4853,EAST,Delhi,,India,2021-07-24,
S4854,Store_4854,,Kolkata,DL,India,2023-08-20,
S4855,,NORTH,Hyderabad,TN,India,,CLOSED
S4856,Store_4856,SOUTH,Jaipur,,India,,OPEN
S4857,Store_4857,,Indore,WB,India,2024-09-29,
S4858,Store_4858,WEST,,RJ,India,2025-06-22,
,Store_4859,SOUTH,Mumbai,TS,India,2023-09-02,
,Store_4860,EAST,Mumbai,KL,India,2022-02-24,
,Store_4861,,Kochi,DL,India,2022-02-19,OPEN
,Store_4862,,Delhi,MH,India,2021-12-02,RENOVATION
S4863,Store_4863,,Bengaluru,RJ,India,,RENOVATION
S4864,,WEST,Jaipur,DL,India,,OPEN
S4865,,WEST,Kolkata,,India,2021-12-12,RENOVATION
S4866,Store_4866,SOUTH,,DL,,2022-03-14,CLOSED
S4867,Store_4867,,,DL,India,2025-11-23,CLOSED
S4868,,WEST,Delhi,MH,,2022-12-06,RENOVATION
S4869,Store_4869,NORTH,Hyderabad,WB,India,,
S4870,Store_4870,CENTRAL,,WB,India,2021-11-06,
S4871,Store_4871,WEST,,DL,India,,RENOVATION
S4872,Store_4872,CENTRAL,Chennai,,India,2024-08-26,
S4873,Store_4873,,Pune,,India,2023-03-16,CLOSED
S4874,,EAST,Kolkata,WB,,2021-11-14,OPEN
S4875,Store_4875,,,MH,India,2024-12-08,CLOSED
,Store_4876,EAST,Delhi,TN,India,,OPEN
S4877,Store_4877,EAST,Bengaluru,,India,2024-03-24,
,Store_4878,NORTH,,KL,India,2022-04-01,OPEN
S4879,Store_4879,,,RJ,India,2021-12-24,CLOSED
S4880,,EAST,Hyderabad,DL,,2021-07-23,OPEN
S4881,Store_4881,,Pune,,India,2025-11-21,OPEN
S4882,Store_4882,,Bengaluru,TS,India,2024-12-15,
S4883,Store_4883,SOUTH,Bengaluru,,India,,OPEN
S4884,Store_4884,CENTRAL,,TS,,2021-04-08,RENOVATION
S4885,Store_4885,WEST,,WB,,2025-08-22,OPEN
,Store_4886,,Kolkata,MH,India,2023-12-01,RENOVATION
,,CENTRAL,Bengaluru,MP,India,2024-06-07,CLOSED
S4888,Store_4888,WEST,Pune,,India,2021-12-30,
S4889,,NORTH,,TN,India,2022-05-10,RENOVATION
,Store_4890,EAST,Bengaluru,DL,,2022-11-29,RENOVATION
S4891,Store_4891,EAST,,,India,2021-10-02,RENOVATION
,Store_4892,SOUTH,Hyderabad,WB,,2023-08-22,CLOSED
S4893,Store_4893,NORTH,,,India,2023-09-18,RENOVATION
S4894,,SOUTH,Kolkata,WB,India,2023-04-29,
,Store_4895,CENTRAL,Hyderabad,MP,,2024-09-27,CLOSED
,Store_4896,,Bengaluru,WB,India,2021-09-24,OPEN
S4897,Store_4897,WEST,Kochi,,India,,OPEN
S4898,,,Chennai,KL,India,2021-08-26,RENOVATION
S4899,Store_4899,NORTH,,MH,India,,CLOSED
S4900,Store_4900,EAST,,TN,India,,CLOSED
S4901,Store_4901,,Chennai,KL,India,2024-08-02,
S4902,,NORTH,Bengaluru,TN,,2021-11-29,CLOSED
,Store_4903,WEST,Kochi,DL,,2023-01-28,OPEN
S4904,,WEST,Kolkata,WB,India,,RENOVATION
,Store_4905,,Delhi,KA,India,2023-07-02,RENOVATION
,Store_4906,SOUTH,Pune,KL,India,,CLOSED
,Store_4907,SOUTH,,KA,India,2023-12-10,CLOSED
S4908,Store_4908,EAST,Indore,DL,India,,
,Store_4909,CENTRAL,Mumbai,TN,India,2022-10-23,
S4910,Store_4910,CENTRAL,,TN,India,2022-01-11,
S4911,Store_4911,SOUTH,,DL,India,2023-08-11,
,Store_4912,CENTRAL,Pune,KA,India,2022-01-26,
S4913,Store_4913,,Pune,MH,,2025-09-23,OPEN
S4914,,CENTRAL,Pune,MH,India,2021-04-04,
,Store_4915,NORTH,,KA,India,2025-07-06,RENOVATION
S4916,,WEST,,MP,India,2023-03-31,RENOVATION
S4917,Store_4917,EAST,Hyderabad,KA,India,,
,,SOUTH,Pune,KL,India,2022-01-11,RENOVATION
S4919,Store_4919,SOUTH,,MP,India,,CLOSED
S4920,Store_4920,NORTH,,TS,India,2024-08-27,
S4921,Store_4921,NORTH,Pune,KA,,2025-02-03,
S4922,,EAST,,TS,India,2022-05-19,OPEN
S4923,,CENTRAL,Pune,,India,2021-11-05,OPEN
S4924,Store_4924,,Pune,TS,India,,RENOVATION
S4925,Store_4925,SOUTH,,TS,India,,CLOSED
S4926,Store_4926,CENTRAL,Kolkata,KL,India,,
S4927,,NORTH,Kochi,KL,India,,OPEN
S4928,Store_4928,CENTRAL,Mumbai,,,2023-11-27,OPEN
S4929,,SOUTH,,TS,India,2023-06-06,RENOVATION
S4930,,SOUTH,Hyderabad,,India,2024-06-22,RENOVATION
S4931,Store_4931,,Kochi,TN,India,,RENOVATION
S4932,,NORTH,Mumbai,KA,India,2026-01-23,
S4933,Store_4933,EAST,Pune,TS,,2025-09-10,
,Store_4934,EAST,Bengaluru,DL,India,2022-07-03,
,,EAST,Kolkata,KA,India,2021-08-28,RENOVATION
,Store_4936,SOUTH,Kochi,RJ,India,2024-09-17,
,,CENTRAL,Kolkata,KA,India,2022-07-01,OPEN
S4938,Store_4938,NORTH,,KL,India,,CLOSED
S4939,Store_4939,CENTRAL,,,India,2021-03-22,CLOSED
,Store_4940,CENTRAL,Jaipur,KL,India,,RENOVATION
S4941,Store_4941,WEST,Hyderabad,,India,,OPEN
S4942,Store_4942,NORTH,Hyderabad,,India,2022-01-06,
S4943,,SOUTH,Kolkata,RJ,India,2021-05-31,
,Store_4944,WEST,,MH,India,2025-03-24,RENOVATION
,Store_4945,WEST,Bengaluru,RJ,,2022-03-30,OPEN
S4946,,NORTH,Bengaluru,,India,2023-09-01,OPEN
S4947,Store_4947,EAST,,WB,India,2022-07-19,
,Store_4948,EAST,Chennai,,India,2024-01-14,RENOVATION
,Store_4949,NORTH,Chennai,MP,India,2023-02-27,
S4950,Store_4950,CENTRAL,Indore,DL,India,,
,Store_4951,CENTRAL,Delhi,TS,,2024-09-17,RENOVATION
,Store_4952,SOUTH,Mumbai,,India,2022-01-26,RENOVATION
S4953,Store_4953,SOUTH,,,India,2024-10-10,CLOSED
S4954,Store_4954,,Hyderabad,TS,,2024-07-14,OPEN
S4955,Store_4955,SOUTH,Delhi,,India,2022-07-04,
S4956,Store_4956,,Indore,WB,India,,OPEN
S4957,Store_4957,WEST,,TS,,2024-01-19,CLOSED
S4958,Store_4958,,Pune,TS,India,,RENOVATION
,,NORTH,Indore,KA,India,2022-05-25,OPEN
S4960,,CENTRAL,Hyderabad,KL,India,2024-11-17,
S4961,Store_4961,,Jaipur,,India,2024-07-05,OPEN
S4962,,EAST,,TS,India,2024-10-09,OPEN
S4963,Store_4963,NORTH,Pune,,,2023-12-19,RENOVATION
S4964,,WEST,Mumbai,,India,2023-10-22,OPEN
S4965,Store_4965,WEST,Kochi,TN,India,,
,Store_4966,EAST,Mumbai,DL,,2025-08-23,OPEN
S4967,Store_4967,WEST,,WB,India,2023-12-20,
S4968,Store_4968,WEST,,MH,India,2022-10-05,
,Store_4969,CENTRAL,Delhi,KA,,2022-08-07,CLOSED
S4970,Store_4970,SOUTH,Bengaluru,RJ,,,OPEN
S4971,,NORTH,Jaipur,WB,India,2025-06-19,
S4972,Store_4972,SOUTH,Chennai,,India,2023-12-21,
S4973,Store_4973,CENTRAL,,RJ,India,,OPEN
S4974,Store_4974,,Kolkata,TS,India,,CLOSED
S4975,,SOUTH,,WB,India,2025-05-09,OPEN
,Store_4976,WEST,,WB,India,2021-11-27,RENOVATION
S4977,Store_4977,NORTH,Mumbai,,,2021-04-09,OPEN
S4978,Store_4978,,Chennai,,India,2022-02-26,RENOVATION
S4979,Store_4979,SOUTH,Kolkata,,,2023-01-06,OPEN
,Store_4980,,Pune,TS,India,2022-09-02,OPEN
S4981,Store_4981,CENTRAL,Delhi,KL,,,CLOSED
S4982,Store_4982,,Bengaluru,TN,India,,CLOSED
S4983,,CENTRAL,Bengaluru,TN,,2021-06-29,OPEN
S4984,,SOUTH,Mumbai,WB,India,2022-06-22,
S4985,,SOUTH,Indore,,India,2022-03-11,OPEN
S4986,,NORTH,Chennai,TN,India,,OPEN
,Store_4987,CENTRAL,Pune,DL,,2021-03-15,CLOSED
,Store_4988,SOUTH,Kolkata,MP,,2024-12-03,RENOVATION
S4989,,NORTH,,TN,India,2021-06-23,OPEN
,Store_4990,,Indore,MP,India,2021-05-13,OPEN
S4991,Store_4991,WEST,Kolkata,KL,,,RENOVATION
,,CENTRAL,Chennai,TN,India,2024-03-10,CLOSED
,,EAST,Bengaluru,KA,India,2025-07-17,RENOVATION
S4994,Store_4994,,,TN,India,2025-04-21,CLOSED
,Store_4995,EAST,Bengaluru,TN,,2022-06-23,CLOSED
S4996,,,Kolkata,MH,India,2021-02-26,CLOSED
S4997,Store_4997,EAST,Mumbai,,,2022-10-14,CLOSED
S4998,Store_4998,,,KA,India,2022-01-01,RENOVATION
,Store_4999,EAST,Jaipur,,India,2024-11-01,OPEN
S5000,Store_5000,CENTRAL,,MP,India,2021-05-01,
S5001,Store_5001,,Pune,DL,India,,OPEN
,Store_5002,EAST,Kolkata,RJ,,2021-07-25,OPEN
,Store_5003,EAST,Chennai,KL,India,2022-11-29,
S5004,Store_5004,,,RJ,India,2023-01-30,RENOVATION
S5005,,NORTH,Indore,MP,India,2022-11-18,
,Store_5006,CENTRAL,Indore,,India,2021-12-19,OPEN
S5007,Store_5007,WEST,Indore,,India,,CLOSED
S5008,Store_5008,,Chennai,MP,,2021-10-21,OPEN
,Store_5009,EAST,Mumbai,MP,India,2024-06-14,
,,SOUTH,Indore,MP,India,2022-04-04,CLOSED
S5011,Store_5011,,Delhi,TN,,2022-07-26,OPEN
S5012,Store_5012,EAST,,KL,India,,CLOSED
S5013,,CENTRAL,Delhi,TN,India,,OPEN
S5014,Store_5014,CENTRAL,Delhi,TN,India,,
,,NORTH,Mumbai,DL,India,2023-09-30,OPEN
S5016,Store_5016,EAST,Chennai,KL,India,,
S5017,Store_5017,,,MH,India,2021-11-17,RENOVATION
S5018,,NORTH,Hyderabad,,India,2024-06-11,RENOVATION
,Store_5019,WEST,Jaipur,TS,India,2024-11-22,
S5020,Store_5020,,Jaipur,DL,India,2025-04-23,
,Store_5021,WEST,Indore,TN,India,2023-04-11,
S5022,,,Delhi,RJ,India,2023-08-09,OPEN
S5023,,CENTRAL,Kochi,TS,India,2025-06-11,
S5024,Store_5024,CENTRAL,,KA,,2025-11-14,CLOSED
,Store_5025,NORTH,,TN,India,2021-10-06,CLOSED
S5026,Store_5026,,Bengaluru,RJ,,2022-07-17,OPEN
S5027,,,Bengaluru,TS,India,2025-09-26,CLOSED
S5028,Store_5028,NORTH,,RJ,India,2022-07-01,
S5029,Store_5029,SOUTH,,,India,2021-11-10,RENOVATION
,,SOUTH,Mumbai,DL,India,2022-10-03,CLOSED
S5031,Store_5031,EAST,,,India,2022-09-22,OPEN
S5032,Store_5032,WEST,Delhi,,India,,RENOVATION
S5033,,,Chennai,DL,India,2024-04-23,OPEN
S5034,Store_5034,SOUTH,Mumbai,TS,,2023-02-19,
,Store_5035,WEST,Kochi,KA,India,,OPEN
,Store_5036,EAST,Pune,KL,,2023-03-11,RENOVATION
,Store_5037,EAST,Kolkata,,India,2022-06-22,CLOSED
S5038,,SOUTH,Bengaluru,,India,2024-10-24,CLOSED
S5039,,,Mumbai,KL,India,2022-08-01,OPEN
,Store_5040,EAST,Hyderabad,MP,India,2021-03-25,
S5041,Store_5041,EAST,Indore,KA,,,CLOSED
S5042,Store_5042,SOUTH,,MP,,2025-01-08,RENOVATION
S5043,Store_5043,EAST,Jaipur,,India,2021-06-08,
,,WEST,Chennai,RJ,India,2021-06-22,CLOSED
S5045,Store_5045,,Chennai,KL,India,2023-10-07,
,Store_5046,SOUTH,Mumbai,DL,,2025-11-28,OPEN
S5047,Store_5047,NORTH,Hyderabad,,India,2024-01-10,
,Store_5048,,Kochi,TN,India,2024-02-28,OPEN
,Store_5049,WEST,,WB,India,2025-04-10,OPEN
S5050,Store_5050,NORTH,,,India,2022-09-29,OPEN
,Store_5051,EAST,Mumbai,DL,India,,CLOSED
S5052,Store_5052,SOUTH,Kochi,TN,,2025-09-01,
S5053,,SOUTH,Bengaluru,MH,India,,CLOSED
,,NORTH,Bengaluru,MP,India,2021-06-25,CLOSED
S5055,Store_5055,CENTRAL,,MH,India,2024-12-30,
S5056,,SOUTH,Kolkata,WB,,2023-02-20,CLOSED
S5057,Store_5057,,Hyderabad,DL,India,,OPEN
,Store_5058,SOUTH,,KL,India,2023-03-23,OPEN
S5059,Store_5059,SOUTH,,RJ,India,2024-01-27,
,Store_5060,SOUTH,Mumbai,,India,2021-03-26,OPEN
S5061,,CENTRAL,Bengaluru,KL,,2021-04-16,OPEN
S5062,Store_5062,CENTRAL,Kolkata,,,2025-07-03,OPEN
S5063,Store_5063,,Hyderabad,TS,India,2025-12-07,
,Store_5064,WEST,Kolkata,TN,India,2024-07-10,
S5065,Store_5065,EAST,Chennai,KA,India,,
,Store_5066,SOUTH,,MH,India,2021-04-01,CLOSED
S5067,Store_5067,SOUTH,Jaipur,,,2023-01-25,RENOVATION
,Store_5068,,Kolkata,TN,India,2022-05-18,OPEN
S5069,Store_5069,CENTRAL,,,India,2022-07-08,OPEN
,Store_5070,CENTRAL,,RJ,India,2022-08-15,RENOVATION
,,EAST,Hyderabad,KA,India,2025-02-22,OPEN
S5072,,,Delhi,MP,India,2025-03-11,CLOSED
S5073,Store_5073,SOUTH,Bengaluru,TS,India,,
S5074,Store_5074,,,KA,India,2025-10-20,RENOVATION
S5075,,SOUTH,Jaipur,WB,,2021-08-16,CLOSED
,Store_5076,NORTH,Delhi,DL,India,2025-11-14,
,Store_5077,WEST,Hyderabad,RJ,India,,OPEN
,Store_5078,WEST,Jaipur,KL,India,,RENOVATION
S5079,Store_5079,,Bengaluru,,India,2021-11-12,OPEN
S5080,Store_5080,SOUTH,Delhi,MP,India,,
S5081,Store_5081,,Kochi,DL,India,2023-11-05,
S5082,,SOUTH,Delhi,TS,India,,RENOVATION
S5083,,WEST,,WB,India,2025-08-11,RENOVATION
S5084,Store_5084,,,MH,India,2021-11-16,OPEN
S5085,Store_5085,EAST,Kochi,WB,India,,
S5086,,WEST,Hyderabad,TN,India,2024-03-14,
S5087,Store_5087,CENTRAL,,TN,India,,CLOSED
,Store_5088,CENTRAL,,WB,India,2022-01-26,RENOVATION
S5089,,WEST,Jaipur,DL,India,2024-03-11,
S5090,,SOUTH,Kochi,TN,India,,RENOVATION
S5091,Store_5091,SOUTH,Delhi,,India,2025-10-16,
S5092,Store_5092,,Kolkata,MP,India,,RENOVATION
S5093,Store_5093,NORTH,,TS,India,,CLOSED
,Store_5094,SOUTH,Hyderabad,MH,India,,CLOSED
,Store_5095,NORTH,Hyderabad,KL,India,2021-06-11,
S5096,Store_5096,,Delhi,KA,,2021-03-30,OPEN
S5097,,NORTH,Pune,,India,2024-05-05,CLOSED
S5098,,CENTRAL,Bengaluru,TN,India,2023-09-26,
,Store_5099,WEST,Mumbai,DL,India,2025-04-28,
S5100,Store_5100,EAST,Mumbai,,India,2022-07-21,
S5101,,,Indore,DL,India,2023-05-18,CLOSED
,,EAST,Mumbai,DL,India,2023-01-17,OPEN
S5103,Store_5103,NORTH,Mumbai,,India,2022-02-14,
S5104,,EAST,Jaipur,,India,2023-05-12,OPEN
S5105,Store_5105,,Chennai,,India,2022-09-27,CLOSED
S5106,Store_5106,,Bengaluru,TS,,2022-11-01,CLOSED
S5107,Store_5107,EAST,,KL,India,2025-12-10,
,Store_5108,SOUTH,Chennai,TS,India,,RENOVATION
S5109,Store_5109,EAST,Bengaluru,,India,,OPEN
S5110,Store_5110,,Bengaluru,KL,,2023-11-01,RENOVATION
S5111,Store_5111,WEST,Indore,KA,,,OPEN
S5112,Store_5112,,Pune,TS,India,2025-03-31,
,Store_5113,CENTRAL,,KA,India,2021-08-25,RENOVATION
S5114,,SOUTH,Kolkata,,India,2022-10-18,RENOVATION
,Store_5115,NORTH,Jaipur,DL,,2022-01-18,RENOVATION
S5116,,SOUTH,Mumbai,MP,India,,OPEN
S5117,Store_5117,,Kolkata,KA,India,,OPEN
S5118,Store_5118,SOUTH,,TS,,2022-07-22,RENOVATION
,Store_5119,WEST,Bengaluru,RJ,India,,RENOVATION
S5120,,,Jaipur,DL,India,2022-01-08,RENOVATION
S5121,,,Kolkata,TS,India,2024-07-20,CLOSED
S5122,,CENTRAL,Indore,WB,India,2021-02-21,
,Store_5123,SOUTH,Mumbai,TN,India,2025-01-13,
S5124,Store_5124,SOUTH,,MH,India,2023-04-16,
S5125,Store_5125,CENTRAL,Chennai,,,2021-07-06,OPEN
S5126,,NORTH,Kolkata,KL,India,,RENOVATION
S5127,Store_5127,WEST,,,India,2022-04-01,OPEN
S5128,Store_5128,CENTRAL,Chennai,,,2021-09-29,RENOVATION
S5129,Store_5129,EAST,Mumbai,RJ,,2021-11-05,
S5130,Store_5130,WEST,Delhi,DL,,2022-07-16,
S5131,Store_5131,,Jaipur,,India,2023-10-27,OPEN
S5132,,WEST,,TN,India,2024-06-25,RENOVATION
S5133,Store_5133,WEST,,,India,2021-09-17,CLOSED
,Store_5134,,Indore,TN,India,2025-03-10,RENOVATION
S5135,Store_5135,WEST,,RJ,,2024-05-17,CLOSED
S5136,Store_5136,SOUTH,Chennai,RJ,India,,
S5137,,WEST,Chennai,KA,,2025-07-21,RENOVATION
,Store_5138,CENTRAL,Pune,,India,2024-02-27,RENOVATION
S5139,,CENTRAL,Hyderabad,,India,2025-04-13,CLOSED
S5140,Store_5140,NORTH,Jaipur,MH,,2025-01-20,
S5141,,CENTRAL,Indore,RJ,India,,OPEN
,Store_5142,SOUTH,Kolkata,RJ,India,2023-04-29,
S5143,Store_5143,SOUTH,Bengaluru,,India,,CLOSED
S5144,Store_5144,SOUTH,Jaipur,MP,,,CLOSED
S5145,Store_5145,EAST,,WB,,2022-02-16,RENOVATION
,Store_5146,EAST,Indore,KA,,2021-08-21,RENOVATION
S5147,,SOUTH,Chennai,,India,2026-01-13,OPEN
S5148,,NORTH,,TS,India,2023-12-07,RENOVATION
S5149,Store_5149,SOUTH,,,India,2024-03-17,OPEN
S5150,Store_5150,WEST,Mumbai,,,2021-11-28,RENOVATION
S5151,Store_5151,EAST,Kochi,MP,,2024-11-15,
S5152,Store_5152,WEST,,,India,2023-05-21,OPEN
,Store_5153,CENTRAL,Pune,,India,2024-04-18,RENOVATION
S5154,Store_5154,,Hyderabad,KA,,2024-09-06,OPEN
S5155,Store_5155,SOUTH,,,India,2022-01-06,RENOVATION
S5156,,NORTH,Kochi,DL,,2021-10-08,CLOSED
S5157,Store_5157,CENTRAL,,RJ,,2024-05-03,CLOSED
,Store_5158,EAST,Indore,,India,2023-03-25,CLOSED
S5159,Store_5159,SOUTH,,,India,2023-06-07,OPEN
S5160,Store_5160,NORTH,,KL,India,,OPEN
S5161,Store_5161,,Hyderabad,,India,2021-10-13,RENOVATION
S5162,,SOUTH,Jaipur,TN,India,,OPEN
S5163,Store_5163,SOUTH,Indore,,India,,OPEN
S5164,,CENTRAL,Chennai,,India,2025-12-31,RENOVATION
,,WEST,Bengaluru,DL,India,2024-10-09,CLOSED
S5166,Store_5166,NORTH,Pune,MH,,,OPEN
S5167,,SOUTH,Mumbai,MP,,2024-04-26,RENOVATION
S5168,,SOUTH,Mumbai,,India,2025-04-19,CLOSED
S5169,,EAST,Delhi,,India,2025-02-01,CLOSED
,Store_5170,CENTRAL,Indore,,India,2021-12-11,RENOVATION
S5171,Store_5171,WEST,,KL,India,,CLOSED
S5172,Store_5172,,,DL,India,2025-06-02,CLOSED
S5173,Store_5173,EAST,,WB,India,2025-12-08,
S5174,Store_5174,,,KL,India,2021-03-22,OPEN
S5175,,,Delhi,TS,India,2022-12-19,RENOVATION
,Store_5176,CENTRAL,,DL,India,2025-10-10,OPEN
S5177,Store_5177,EAST,Indore,,India,2023-09-07,
S5178,Store_5178,,Bengaluru,,India,2022-12-17,CLOSED
,Store_5179,NORTH,Jaipur,TN,,2025-04-08,OPEN
S5180,Store_5180,WEST,Bengaluru,,,2023-03-27,OPEN
S5181,Store_5181,,,TN,India,2024-12-11,OPEN
S5182,Store_5182,,Hyderabad,KL,India,,OPEN
S5183,Store_5183,SOUTH,Chennai,KL,,2021-03-02,
S5184,Store_5184,WEST,Indore,,,2022-12-05,CLOSED
S5185,Store_5185,WEST,Indore,WB,,,CLOSED
S5186,Store_5186,,Chennai,DL,India,,RENOVATION
S5187,Store_5187,EAST,Delhi,RJ,,2021-12-16,
S5188,Store_5188,SOUTH,,TN,,2023-10-29,OPEN
S5189,,,Delhi,MP,India,2025-09-20,OPEN
S5190,,,Hyderabad,TS,India,2022-05-02,RENOVATION
S5191,Store_5191,EAST,Jaipur,KA,,,CLOSED
S5192,Store_5192,CENTRAL,,KL,,2023-11-29,CLOSED
,Store_5193,NORTH,Delhi,RJ,India,,OPEN
,,CENTRAL,Hyderabad,RJ,India,2023-07-01,CLOSED
,Store_5195,,Chennai,MP,India,2021-10-07,OPEN
S5196,Store_5196,SOUTH,,,India,2024-06-19,RENOVATION
,Store_5197,NORTH,,KA,India,2021-05-23,CLOSED
S5198,Store_5198,SOUTH,Jaipur,,,2022-02-24,RENOVATION
S5199,Store_5199,EAST,,TN,,2024-05-21,RENOVATION
S5200,Store_5200,CENTRAL,Pune,MH,India,,
S5201,,CENTRAL,Indore,DL,India,2024-05-08,
S5202,Store_5202,,Bengaluru,KA,India,,OPEN
S5203,Store_5203,,Chennai,,India,2024-09-28,RENOVATION
S5204,,CENTRAL,,KL,India,2024-03-04,RENOVATION
,Store_5205,WEST,,TS,India,2023-02-21,OPEN
S5206,Store_5206,EAST,Bengaluru,,India,,OPEN
S5207,Store_5207,NORTH,,RJ,,2023-07-06,CLOSED
S5208,,SOUTH,,RJ,India,2025-10-06,OPEN
,Store_5209,NORTH,Chennai,TN,India,2025-09-19,
S5210,Store_5210,,Mumbai,KA,India,2024-02-01,
S5211,Store_5211,WEST,Bengaluru,,India,,OPEN
S5212,Store_5212,WEST,Kochi,,India,,RENOVATION
S5213,Store_5213,CENTRAL,Kochi,WB,,2021-11-08,
S5214,Store_5214,NORTH,,MH,,2023-04-05,CLOSED
S5215,Store_5215,SOUTH,Kolkata,,India,2021-08-03,
S5216,Store_5216,,Jaipur,,India,2023-12-01,CLOSED
,Store_5217,WEST,Kolkata,WB,India,,CLOSED
S5218,Store_5218,CENTRAL,,,India,2024-04-22,RENOVATION
S5219,Store_5219,EAST,,,India,2025-05-03,RENOVATION
S5220,Store_5220,SOUTH,Hyderabad,TS,,,RENOVATION
,Store_5221,NORTH,Kochi,KL,India,,CLOSED
,,EAST,Pune,KA,India,2025-10-14,OPEN
S5223,Store_5223,NORTH,Kolkata,WB,,2023-01-16,
,Store_5224,WEST,,DL,India,2022-07-30,CLOSED
S5225,Store_5225,,Indore,MP,India,,CLOSED
S5226,Store_5226,CENTRAL,Hyderabad,,India,2024-08-24,
S5227,,EAST,Chennai,,India,2021-05-15,OPEN
,Store_5228,CENTRAL,Hyderabad,KA,India,,RENOVATION
S5229,Store_5229,,,TS,India,2023-01-27,RENOVATION
S5230,,WEST,,KA,India,2025-10-01,CLOSED
S5231,Store_5231,WEST,Mumbai,WB,India,,
,Store_5232,SOUTH,Hyderabad,KA,,2022-03-18,CLOSED
S5233,Store_5233,,,KA,India,2025-07-26,RENOVATION
S5234,Store_5234,CENTRAL,Kolkata,,,2024-06-19,CLOSED
S5235,Store_5235,WEST,Jaipur,TS,India,,
S5236,Store_5236,SOUTH,,KA,India,2024-04-19,
S5237,,NORTH,,WB,India,2021-05-30,RENOVATION
S5238,,WEST,Jaipur,,India,2025-11-30,OPEN
S5239,Store_5239,,Jaipur,,India,2024-04-21,OPEN
S5240,Store_5240,CENTRAL,Chennai,DL,,,CLOSED
S5241,,SOUTH,Chennai,,India,2025-03-03,OPEN
S5242,Store_5242,WEST,,TN,India,2022-01-21,
S5243,Store_5243,NORTH,,KL,,2021-12-18,RENOVATION
S5244,,CENTRAL,,DL,India,2023-10-13,CLOSED
S5245,Store_5245,NORTH,,TS,India,2024-12-20,
S5246,Store_5246,NORTH,,,India,2021-10-03,OPEN
S5247,Store_5247,NORTH,Kochi,,India,2023-09-14,
S5248,Store_5248,WEST,Hyderabad,,India,2021-12-04,
S5249,,NORTH,Hyderabad,MP,,2024-10-25,RENOVATION
S5250,Store_5250,,Mumbai,MH,India,2025-09-11,
S5251,Store_5251,CENTRAL,Mumbai,MP,,,RENOVATION
S5252,Store_5252,WEST,,KA,,2023-10-25,RENOVATION
,Store_5253,NORTH,Jaipur,MH,India,,CLOSED
S5254,Store_5254,,Kolkata,DL,India,,OPEN
S5255,,WEST,Bengaluru,KA,India,,OPEN
S5256,,NORTH,Kolkata,TS,India,2021-07-12,
,,SOUTH,Hyderabad,KL,India,2024-05-27,RENOVATION
,Store_5258,SOUTH,Mumbai,RJ,India,2022-07-11,
S5259,,NORTH,Indore,MP,India,,OPEN
S5260,,SOUTH,Delhi,DL,,2022-08-29,OPEN
S5261,Store_5261,EAST,,MH,,2023-07-05,RENOVATION
S5262,Store_5262,,Hyderabad,TN,India,,RENOVATION
,Store_5263,CENTRAL,Kochi,DL,,2025-09-23,OPEN
S5264,Store_5264,NORTH,,,India,2023-05-01,OPEN
S5265,Store_5265,SOUTH,,TN,India,2022-11-25,
,Store_5266,WEST,Delhi,MH,India,,CLOSED
S5267,Store_5267,EAST,Bengaluru,TS,,2022-06-29,
S5268,,EAST,Kolkata,DL,India,,OPEN
S5269,,SOUTH,Indore,WB,,2021-11-24,CLOSED
S5270,Store_5270,SOUTH,Pune,DL,India,,
S5271,Store_5271,,,RJ,India,2021-08-31,CLOSED
S5272,Store_5272,,,RJ,India,2024-01-03,OPEN
,,NORTH,Hyderabad,MP,India,2024-08-29,RENOVATION
S5274,,NORTH,Chennai,TN,,2023-01-19,OPEN
S5275,Store_5275,WEST,,,India,2022-02-24,CLOSED
S5276,,NORTH,Hyderabad,TN,,2024-11-06,CLOSED
S5277,Store_5277,,Kolkata,WB,,2024-11-15,RENOVATION
S5278,Store_5278,,Kolkata,TS,,2021-12-23,CLOSED
,Store_5279,WEST,Indore,DL,,2024-08-02,RENOVATION
S5280,,CENTRAL,Delhi,MH,India,2024-05-18,
S5281,Store_5281,NORTH,,,India,2024-03-09,CLOSED
S5282,Store_5282,SOUTH,Kolkata,MH,,2023-03-24,
S5283,,WEST,Hyderabad,WB,,2025-12-26,RENOVATION
S5284,Store_5284,NORTH,,KL,,2025-10-18,CLOSED
S5285,Store_5285,EAST,Kolkata,TS,,2021-10-26,
S5286,Store_5286,CENTRAL,Chennai,DL,,,CLOSED
S5287,Store_5287,,Jaipur,,India,2024-05-24,RENOVATION
S5288,Store_5288,NORTH,Bengaluru,RJ,,,RENOVATION
S5289,,NORTH,Indore,WB,,2025-05-15,RENOVATION
S5290,,EAST,Bengaluru,TN,,2023-01-19,CLOSED
,,CENTRAL,Indore,MP,India,2024-11-05,RENOVATION
,Store_5292,NORTH,,KA,India,2023-08-02,CLOSED
S5293,Store_5293,CENTRAL,Hyderabad,RJ,India,,
S5294,,CENTRAL,Jaipur,KL,India,2024-01-31,
S5295,,EAST,Kochi,,India,2022-07-14,CLOSED
,Store_5296,SOUTH,Chennai,DL,India,2024-05-17,
S5297,Store_5297,,Kochi,,India,2024-11-12,CLOSED
,Store_5298,EAST,Bengaluru,WB,,2024-03-16,RENOVATION
S5299,,CENTRAL,,KA,India,2025-04-26,RENOVATION
S5300,Store_5300,SOUTH,Delhi,,India,,CLOSED
S5301,Store_5301,NORTH,,,India,2021-12-11,OPEN
,Store_5302,NORTH,,WB,India,2023-02-15,RENOVATION
S5303,Store_5303,CENTRAL,Kolkata,MH,,,CLOSED
,Store_5304,EAST,Jaipur,WB,India,,RENOVATION
S5305,Store_5305,,Chennai,DL,India,2023-12-17,
S5306,Store_5306,CENTRAL,Kochi,,India,2024-09-15,
,Store_5307,,Hyderabad,MP,India,2023-03-10,CLOSED
,Store_5308,EAST,Pune,MH,India,2026-01-13,
S5309,Store_5309,,Kochi,WB,,2021-12-05,RENOVATION
S5310,,SOUTH,Delhi,RJ,India,2023-05-24,
S5311,Store_5311,SOUTH,,,India,2022-10-10,RENOVATION
,Store_5312,,Mumbai,RJ,India,2025-06-20,OPEN
S5313,,EAST,Chennai,,India,2022-08-18,CLOSED
S5314,Store_5314,WEST,Pune,,,2022-04-09,OPEN
S5315,Store_5315,CENTRAL,,RJ,,2021-12-06,RENOVATION
S5316,Store_5316,SOUTH,Chennai,RJ,,,OPEN
S5317,Store_5317,,Delhi,WB,India,,RENOVATION
S5318,Store_5318,CENTRAL,Kolkata,KA,India,,
,Store_5319,,Kolkata,MH,India,2022-11-14,OPEN
S5320,,WEST,Indore,TS,,2022-10-14,CLOSED
S5321,Store_5321,EAST,Bengaluru,DL,,,CLOSED
S5322,,,Kolkata,KA,India,2023-05-31,CLOSED
S5323,,SOUTH,Kochi,,India,2023-01-06,RENOVATION
S5324,,EAST,Hyderabad,DL,,2024-04-19,RENOVATION
S5325,Store_5325,CENTRAL,Kochi,,India,,CLOSED
S5326,,NORTH,,DL,India,2023-03-19,OPEN
S5327,,CENTRAL,Chennai,DL,India,2022-01-26,
,Store_5328,WEST,Delhi,,India,2024-11-07,RENOVATION
S5329,Store_5329,WEST,,RJ,India,2021-03-16,
,Store_5330,EAST,,KL,India,2026-01-29,RENOVATION
,Store_5331,WEST,Jaipur,WB,,2025-04-06,OPEN
,Store_5332,CENTRAL,Mumbai,KA,India,2021-03-17,
S5333,Store_5333,,Pune,,India,2023-11-18,OPEN
,Store_5334,CENTRAL,Pune,WB,,2023-04-12,RENOVATION
S5335,Store_5335,CENTRAL,Jaipur,,India,2023-10-13,
S5336,,SOUTH,,WB,India,2024-08-10,OPEN
S5337,,SOUTH,Delhi,,India,2021-09-14,CLOSED
,Store_5338,NORTH,Jaipur,TS,India,2021-03-14,
S5339,Store_5339,SOUTH,,MH,,2021-07-19,OPEN
S5340,Store_5340,NORTH,,WB,,2025-10-02,CLOSED
S5341,Store_5341,,Mumbai,KL,India,,RENOVATION
S5342,Store_5342,,,DL,India,2023-08-12,OPEN
S5343,,SOUTH,Delhi,MP,,2021-08-14,CLOSED
S5344,Store_5344,WEST,Jaipur,DL,,,OPEN
,Store_5345,EAST,Hyderabad,RJ,,2023-10-05,RENOVATION
S5346,Store_5346,WEST,Bengaluru,DL,,2023-09-28,
S5347,Store_5347,,Hyderabad,,India,2022-03-11,RENOVATION
S5348,Store_5348,,Hyderabad,TN,India,,CLOSED
,Store_5349,EAST,Delhi,KL,,2021-03-01,CLOSED
,,EAST,Indore,WB,India,2024-04-24,CLOSED
,Store_5351,EAST,Hyderabad,,India,2023-08-09,OPEN
S5352,,SOUTH,Mumbai,KL,,2021-08-26,CLOSED
S5353,Store_5353,CENTRAL,,,India,2024-05-01,RENOVATION
S5354,Store_5354,CENTRAL,Kochi,,,2022-09-19,RENOVATION
S5355,Store_5355,EAST,,,India,2023-07-07,OPEN
S5356,Store_5356,EAST,Pune,,India,2022-12-27,
S5357,Store_5357,,Mumbai,DL,,2024-04-01,OPEN
,,EAST,Kochi,TS,India,2024-11-17,OPEN
S5359,Store_5359,NORTH,Kochi,,India,2024-04-07,
,Store_5360,SOUTH,Hyderabad,KL,,2024-05-15,CLOSED
S5361,Store_5361,WEST,Hyderabad,,India,,CLOSED
,Store_5362,,Mumbai,TS,India,2025-02-25,RENOVATION
S5363,Store_5363,NORTH,Delhi,TS,,2022-09-21,
S5364,,WEST,Bengaluru,KA,India,2024-01-05,
S5365,,SOUTH,Hyderabad,WB,India,,CLOSED
,Store_5366,WEST,,MH,India,2025-11-05,CLOSED
S5367,,NORTH,Delhi,,India,2023-02-22,OPEN
S5368,Store_5368,EAST,Bengaluru,,India,2023-02-18,
S5369,Store_5369,CENTRAL,,RJ,India,2023-11-11,
S5370,,WEST,Chennai,TN,India,2021-03-11,
S5371,,NORTH,Kochi,MP,India,2023-01-04,
S5372,,WEST,Hyderabad,,India,2024-06-09,OPEN
S5373,Store_5373,NORTH,,MP,India,,RENOVATION
S5374,,NORTH,Indore,TS,,2021-07-28,OPEN
S5375,Store_5375,SOUTH,,KA,India,,OPEN
,Store_5376,EAST,Chennai,DL,,2022-08-24,OPEN
S5377,,WEST,Hyderabad,,India,2022-05-13,OPEN
S5378,,WEST,Hyderabad,KL,,2024-12-18,CLOSED
S5379,Store_5379,NORTH,,WB,India,2024-12-15,
S5380,Store_5380,,Kolkata,MP,,2023-12-18,RENOVATION
S5381,,SOUTH,Bengaluru,KA,,2023-09-28,OPEN
,Store_5382,CENTRAL,Hyderabad,,India,2022-03-20,CLOSED
S5383,Store_5383,WEST,Mumbai,MH,,2024-06-01,
S5384,Store_5384,WEST,Indore,TN,,,OPEN
S5385,Store_5385,SOUTH,Kochi,,,2023-10-23,RENOVATION
S5386,Store_5386,EAST,Delhi,,India,2021-02-20,
,Store_5387,,Jaipur,TN,India,2024-08-12,CLOSED
S5388,Store_5388,SOUTH,,WB,,2024-02-04,CLOSED
S5389,Store_5389,SOUTH,Delhi,,India,,OPEN
S5390,Store_5390,,Indore,DL,,2022-03-31,RENOVATION
,Store_5391,,Delhi,TS,India,2021-06-28,RENOVATION
,,SOUTH,Hyderabad,KA,India,2023-11-05,CLOSED
S5393,,NORTH,Indore,MP,India,2025-06-11,
S5394,Store_5394,NORTH,,,India,2022-03-04,OPEN
S5395,,EAST,,KL,India,2022-01-31,RENOVATION
,Store_5396,,Delhi,DL,India,2022-09-09,RENOVATION
S5397,Store_5397,,Jaipur,DL,,2024-07-01,CLOSED
S5398,Store_5398,NORTH,Indore,WB,,2023-08-07,
S5399,Store_5399,EAST,,WB,,2021-08-22,OPEN
S5400,,WEST,Delhi,KL,,2025-08-17,OPEN
S5401,Store_5401,CENTRAL,,TS,India,,OPEN
S5402,Store_5402,SOUTH,Indore,KL,,2025-07-25,
S5403,Store_5403,NORTH,,TN,,2023-04-07,CLOSED
S5404,,NORTH,Kolkata,MH,,2025-04-15,OPEN
S5405,Store_5405,EAST,,,India,2021-09-07,OPEN
S5406,Store_5406,NORTH,Pune,TS,,2025-05-28,
S5407,Store_5407,,Chennai,WB,India,2022-07-19,
S5408,Store_5408,,Chennai,,India,2024-05-06,RENOVATION
S5409,,NORTH,Indore,KL,India,,CLOSED
S5410,,CENTRAL,,RJ,India,2024-06-27,OPEN
S5411,Store_5411,NORTH,,KL,India,,RENOVATION
,Store_5412,WEST,,MH,India,2022-09-20,RENOVATION
S5413,Store_5413,,Jaipur,MP,India,,CLOSED
S5414,Store_5414,SOUTH,,TS,India,2025-08-26,
S5415,Store_5415,,Pune,,India,2025-12-27,CLOSED
S5416,,NORTH,Kochi,WB,India,,OPEN
S5417,,,Hyderabad,TN,India,2021-02-22,OPEN
S5418,,NORTH,Mumbai,TS,,2021-07-21,OPEN
S5419,Store_5419,SOUTH,Jaipur,,,2023-06-03,OPEN
,Store_5420,EAST,,KA,India,2022-02-22,RENOVATION
S5421,,,Mumbai,DL,India,2024-08-12,RENOVATION
S5422,Store_5422,,Kolkata,KA,India,,CLOSED
S5423,Store_5423,,Indore,,India,2025-09-18,RENOVATION
S5424,,CENTRAL,Indore,RJ,India,,RENOVATION
S5425,Store_5425,,,DL,India,2021-09-22,CLOSED
S5426,Store_5426,SOUTH,,RJ,,2021-02-19,RENOVATION
S5427,,WEST,Indore,KL,India,2023-08-16,
S5428,,CENTRAL,Kochi,RJ,India,,RENOVATION
S5429,Store_5429,EAST,Chennai,DL,India,,
S5430,,SOUTH,Chennai,MH,India,2023-03-30,
,,NORTH,Bengaluru,MH,India,2022-02-21,RENOVATION
S5432,Store_5432,NORTH,Kochi,,,2022-11-08,RENOVATION
,Store_5433,EAST,Pune,MP,India,,CLOSED
,Store_5434,EAST,Indore,TN,,2025-07-19,CLOSED
,Store_5435,EAST,,RJ,India,2024-05-22,OPEN
S5436,Store_5436,CENTRAL,,DL,India,2025-04-19,
S5437,Store_5437,CENTRAL,,,India,2024-07-30,CLOSED
S5438,Store_5438,CENTRAL,Delhi,RJ,,,CLOSED
S5439,Store_5439,WEST,,KL,India,2024-08-24,
S5440,Store_5440,CENTRAL,Chennai,MH,,,CLOSED
,,SOUTH,Hyderabad,MH,India,2023-02-07,OPEN
,Store_5442,CENTRAL,,KA,India,2024-09-19,OPEN
S5443,,CENTRAL,Kolkata,MP,India,,RENOVATION
S5444,Store_5444,SOUTH,Chennai,TN,India,,
S5445,Store_5445,,Hyderabad,RJ,India,,OPEN
S5446,,WEST,Delhi,,India,2021-06-19,OPEN
S5447,Store_5447,,Kochi,,India,2022-11-17,RENOVATION
,Store_5448,WEST,Kolkata,KL,India,,RENOVATION
S5449,Store_5449,,Hyderabad,TS,India,2024-06-28,
S5450,,WEST,Jaipur,,India,2022-01-19,CLOSED
,Store_5451,,Mumbai,MH,India,2022-10-29,OPEN
S5452,Store_5452,WEST,Jaipur,KA,,2026-01-20,
,Store_5453,WEST,Delhi,DL,India,,CLOSED
,Store_5454,CENTRAL,Bengaluru,KL,India,,RENOVATION
,Store_5455,EAST,Bengaluru,KA,,2022-06-16,RENOVATION
S5456,Store_5456,EAST,,,India,2023-11-24,OPEN
,Store_5457,SOUTH,Delhi,,India,2023-12-15,OPEN
S5458,Store_5458,,,TS,India,2021-05-28,RENOVATION
S5459,Store_5459,WEST,Kolkata,MH,,,RENOVATION
S5460,Store_5460,,Chennai,WB,India,2022-10-30,
,,NORTH,Jaipur,TS,India,2023-12-07,RENOVATION
S5462,,SOUTH,Jaipur,DL,India,,OPEN
,Store_5463,,Mumbai,WB,India,2023-12-08,RENOVATION
S5464,,,Kochi,DL,India,2025-08-23,CLOSED
S5465,Store_5465,NORTH,,TN,,2024-09-04,OPEN
,Store_5466,WEST,,TN,India,2021-09-09,OPEN
S5467,,,Delhi,MH,India,2023-12-29,OPEN
S5468,Store_5468,SOUTH,,MH,India,2023-02-24,
S5469,,WEST,Indore,MP,,2025-03-12,OPEN
S5470,,NORTH,Kochi,KA,India,,RENOVATION
S5471,,NORTH,Jaipur,MP,India,,OPEN
S5472,Store_5472,CENTRAL,Jaipur,,,2023-10-03,OPEN
S5473,,CENTRAL,Delhi,KL,India,2023-05-21,
S5474,Store_5474,EAST,Chennai,WB,India,,
,Store_5475,EAST,Hyderabad,KL,India,,CLOSED
,Store_5476,CENTRAL,Indore,WB,India,,CLOSED
S5477,Store_5477,SOUTH,Hyderabad,MP,India,,
S5478,Store_5478,CENTRAL,,TN,India,,RENOVATION
S5479,Store_5479,SOUTH,Mumbai,DL,,,CLOSED
S5480,,EAST,Jaipur,TS,India,2021-11-20,
S5481,Store_5481,NORTH,Pune,RJ,,2022-01-09,
S5482,Store_5482,WEST,,MH,India,2022-06-23,
S5483,Store_5483,NORTH,Indore,WB,,2022-01-12,
,Store_5484,CENTRAL,Indore,,India,2023-12-22,OPEN
S5485,Store_5485,SOUTH,,KL,India,,CLOSED
S5486,Store_5486,EAST,,RJ,India,,CLOSED
S5487,,CENTRAL,Chennai,WB,,2024-04-13,CLOSED
S5488,Store_5488,,Jaipur,KA,,2024-06-23,CLOSED
S5489,,NORTH,Kochi,MP,India,2025-05-30,
S5490,,NORTH,Bengaluru,TN,,2025-04-23,RENOVATION
S5491,Store_5491,CENTRAL,,,India,2022-04-12,OPEN
S5492,Store_5492,CENTRAL,,MH,India,,RENOVATION
S5493,Store_5493,SOUTH,,TS,India,2025-10-22,
S5494,Store_5494,,Kochi,,India,2022-11-02,CLOSED
S5495,Store_5495,EAST,Indore,,India,,RENOVATION
S5496,Store_5496,CENTRAL,Kochi,,India,,RENOVATION
S5497,Store_5497,WEST,Delhi,MH,India,,
S5498,Store_5498,,Kochi,KA,India,2025-04-26,
S5499,,EAST,Indore,,India,2021-11-15,RENOVATION
,Store_5500,CENTRAL,Indore,,India,2021-05-07,RENOVATION
,Store_5501,,Kochi,KA,India,2022-01-27,CLOSED
S5502,,CENTRAL,,TN,India,2021-08-01,OPEN
S5503,,SOUTH,Hyderabad,KA,India,2025-06-18,
S5504,Store_5504,WEST,,MH,India,,CLOSED
S5505,Store_5505,SOUTH,Chennai,WB,India,,
S5506,,EAST,,DL,India,2025-05-29,OPEN
,Store_5507,SOUTH,Bengaluru,,India,2025-10-17,RENOVATION
S5508,Store_5508,NORTH,Hyderabad,,,2021-04-21,CLOSED
S5509,,WEST,Pune,KL,India,,RENOVATION
S5510,Store_5510,NORTH,,,India,2021-08-08,CLOSED
,Store_5511,SOUTH,Chennai,KL,India,,RENOVATION
,,CENTRAL,Pune,TN,India,2022-06-02,CLOSED
,Store_5513,SOUTH,,MH,India,2021-07-15,OPEN
S5514,Store_5514,,Kochi,WB,,2023-03-28,OPEN
,Store_5515,,Delhi,MH,India,2025-10-12,CLOSED
S5516,Store_5516,NORTH,Kolkata,KL,,,RENOVATION
S5517,,WEST,Hyderabad,,India,2024-05-23,RENOVATION
S5518,Store_5518,SOUTH,Jaipur,,,2022-09-03,RENOVATION
S5519,Store_5519,WEST,Indore,,India,2022-04-27,
S5520,,WEST,Mumbai,KA,India,2025-09-07,
S5521,Store_5521,EAST,,,India,2025-06-19,OPEN
S5522,Store_5522,EAST,Indore,,,2025-12-09,RENOVATION
,Store_5523,NORTH,,MP,India,2021-05-12,RENOVATION
,Store_5524,EAST,Hyderabad,KA,,2021-04-14,OPEN
S5525,Store_5525,SOUTH,Kolkata,TS,,2022-03-11,
S5526,Store_5526,CENTRAL,Mumbai,KA,,2023-10-30,
S5527,Store_5527,SOUTH,Jaipur,,,2022-04-16,CLOSED
S5528,Store_5528,WEST,,TN,India,,RENOVATION
S5529,Store_5529,,Delhi,KA,,2021-11-06,RENOVATION
S5530,,CENTRAL,Pune,WB,India,,OPEN
S5531,Store_5531,,Chennai,RJ,India,2024-10-16,
S5532,Store_5532,,Jaipur,MH,India,,OPEN
S5533,Store_5533,SOUTH,Pune,TS,India,,
S5534,Store_5534,WEST,,RJ,India,2021-11-18,
,Store_5535,CENTRAL,Bengaluru,MP,India,2023-02-28,
S5536,Store_5536,,,MH,India,2021-08-26,OPEN
,Store_5537,SOUTH,Mumbai,MP,,2025-11-04,RENOVATION
S5538,Store_5538,,Chennai,WB,India,2022-03-05,
S5539,,NORTH,Mumbai,WB,,2023-01-26,CLOSED
S5540,Store_5540,,Kochi,RJ,India,2023-03-23,
,Store_5541,NORTH,Indore,MH,India,2023-10-21,
S5542,Store_5542,CENTRAL,Mumbai,,India,,RENOVATION
S5543,,NORTH,Bengaluru,,India,2023-06-20,OPEN
S5544,Store_5544,SOUTH,Kolkata,TN,India,,
S5545,Store_5545,WEST,Bengaluru,WB,India,,
S5546,Store_5546,SOUTH,Delhi,,,2022-10-14,CLOSED
S5547,,WEST,Hyderabad,KA,India,2023-08-13,
S5548,Store_5548,WEST,Pune,,India,,CLOSED
,Store_5549,WEST,Pune,RJ,India,,OPEN
S5550,Store_5550,NORTH,,TS,India,,RENOVATION
S5551,Store_5551,,Chennai,WB,,2025-11-17,OPEN
S5552,Store_5552,CENTRAL,Bengaluru,DL,,,OPEN
S5553,Store_5553,NORTH,Kolkata,,India,2021-07-28,
,Store_5554,WEST,Bengaluru,MH,India,2023-12-17,
S5555,Store_5555,EAST,Delhi,MH,India,,
S5556,Store_5556,,Bengaluru,TN,India,2025-01-29,
,Store_5557,WEST,,RJ,India,2024-06-18,RENOVATION
,Store_5558,WEST,Mumbai,KA,India,,RENOVATION
S5559,Store_5559,CENTRAL,,DL,,2022-06-24,CLOSED
S5560,Store_5560,,Hyderabad,WB,India,2022-11-15,
S5561,Store_5561,EAST,,RJ,India,,CLOSED
S5562,Store_5562,,,MP,India,2024-11-10,CLOSED
S5563,Store_5563,SOUTH,Hyderabad,,India,2022-10-07,
S5564,Store_5564,,Bengaluru,KL,India,2025-08-06,
S5565,Store_5565,SOUTH,Chennai,,India,,RENOVATION
,Store_5566,SOUTH,Bengaluru,TS,India,2025-05-12,
S5567,Store_5567,,,WB,India,2025-01-29,CLOSED
S5568,Store_5568,,Indore,MH,India,,OPEN
S5569,,CENTRAL,Delhi,RJ,India,,OPEN
,Store_5570,NORTH,Chennai,,India,2025-06-30,RENOVATION
S5571,Store_5571,CENTRAL,Mumbai,,,2025-05-15,OPEN
S5572,Store_5572,SOUTH,Hyderabad,MP,,,RENOVATION
S5573,Store_5573,SOUTH,,DL,,2022-11-13,CLOSED
S5574,Store_5574,SOUTH,Mumbai,,India,2025-02-11,
S5575,Store_5575,,Jaipur,TS,India,2023-12-01,
,Store_5576,WEST,,TS,India,2021-06-30,OPEN
S5577,Store_5577,EAST,Bengaluru,,,2025-05-24,RENOVATION
,,EAST,Hyderabad,KL,India,2021-12-06,RENOVATION
,Store_5579,CENTRAL,Pune,DL,India,2022-06-02,
S5580,Store_5580,WEST,,KA,,2021-09-04,CLOSED
S5581,,SOUTH,,DL,India,2025-12-30,RENOVATION
S5582,Store_5582,SOUTH,,KA,,2024-12-17,CLOSED
S5583,Store_5583,,Indore,MP,India,2023-07-21,
S5584,Store_5584,EAST,Indore,TS,India,,
,Store_5585,,Hyderabad,TS,India,2022-05-06,RENOVATION
S5586,,SOUTH,Indore,DL,India,,CLOSED
,Store_5587,WEST,Kolkata,RJ,India,,RENOVATION
,Store_5588,NORTH,Kochi,,India,2024-03-08,OPEN
S5589,Store_5589,EAST,Mumbai,KL,India,,
S5590,,,Kochi,MP,India,2023-03-11,CLOSED
S5591,Store_5591,NORTH,,MH,,2021-02-12,OPEN
,Store_5592,NORTH,Delhi,WB,India,,RENOVATION
S5593,,CENTRAL,Mumbai,,India,2024-01-06,CLOSED
,Store_5594,SOUTH,Chennai,KL,,2022-06-14,RENOVATION
S5595,,SOUTH,Bengaluru,TN,India,,RENOVATION
,Store_5596,,Chennai,TN,India,2024-07-07,CLOSED
S5597,Store_5597,EAST,Chennai,,India,2023-02-28,
S5598,Store_5598,,Bengaluru,,India,2024-01-14,RENOVATION
S5599,Store_5599,,Jaipur,WB,India,2025-10-08,
S5600,Store_5600,,Jaipur,MH,,2023-02-27,CLOSED
,,CENTRAL,Jaipur,DL,India,2024-07-21,CLOSED
,Store_5602,NORTH,Delhi,WB,India,,CLOSED
S5603,Store_5603,CENTRAL,Chennai,TN,,2022-12-21,
S5604,,NORTH,Kochi,KA,India,,CLOSED
S5605,Store_5605,WEST,,,India,2023-09-28,RENOVATION
S5606,Store_5606,,Pune,RJ,India,2025-02-21,
S5607,,EAST,Kochi,KA,,2025-05-25,CLOSED
S5608,,WEST,Chennai,KL,India,,OPEN
S5609,Store_5609,SOUTH,Kochi,,India,2024-04-01,
S5610,Store_5610,NORTH,Pune,,,2022-04-09,OPEN
S5611,Store_5611,SOUTH,Mumbai,DL,India,,
S5612,Store_5612,,Chennai,,India,2022-06-21,CLOSED
S5613,,CENTRAL,Jaipur,KL,India,2023-05-12,
S5614,Store_5614,,Pune,TS,India,2024-01-05,
,Store_5615,WEST,,RJ,India,2025-12-29,RENOVATION
,Store_5616,SOUTH,,KA,India,2024-09-19,RENOVATION
,Store_5617,CENTRAL,Pune,,India,2025-10-17,CLOSED
,Store_5618,SOUTH,Mumbai,TN,India,2023-10-27,
S5619,Store_5619,SOUTH,Chennai,KL,,2022-02-20,
S5620,Store_5620,,Kochi,,India,2022-11-25,OPEN
S5621,Store_5621,NORTH,,MP,India,,CLOSED
S5622,Store_5622,NORTH,,DL,,2023-06-05,OPEN
,,CENTRAL,Mumbai,DL,India,2021-11-03,CLOSED
S5624,Store_5624,,Kochi,,India,2025-06-20,RENOVATION
S5625,,WEST,Kolkata,,India,2022-09-20,RENOVATION
S5626,Store_5626,EAST,Chennai,,India,2022-09-27,
S5627,,CENTRAL,Hyderabad,WB,,2024-01-27,CLOSED
,Store_5628,,Indore,RJ,India,2021-11-13,OPEN
S5629,Store_5629,WEST,,TN,,2022-02-05,CLOSED
S5630,Store_5630,WEST,Kolkata,TN,,,RENOVATION
,,CENTRAL,Indore,MP,India,2022-06-16,CLOSED
S5632,Store_5632,NORTH,Delhi,KL,,,RENOVATION
,,CENTRAL,Indore,TS,India,2024-12-15,RENOVATION
S5634,,SOUTH,Indore,TN,India,,RENOVATION
S5635,Store_5635,,Pune,MP,India,2025-09-27,
,Store_5636,CENTRAL,Kochi,,India,2021-09-06,OPEN
,Store_5637,NORTH,Kochi,,India,2023-01-31,OPEN
,Store_5638,,Mumbai,WB,India,2023-10-09,CLOSED
S5639,,WEST,Pune,WB,India,2023-09-24,
,Store_5640,WEST,Delhi,MP,,2021-05-13,CLOSED
,Store_5641,EAST,,KA,India,2023-12-17,OPEN
S5642,Store_5642,NORTH,,KL,,2023-05-07,RENOVATION
S5643,Store_5643,SOUTH,,TN,India,,CLOSED
S5644,Store_5644,WEST,Kolkata,,India,,CLOSED
S5645,,NORTH,Mumbai,WB,India,2023-03-09,
,Store_5646,CENTRAL,Bengaluru,TS,India,,OPEN
,Store_5647,NORTH,Jaipur,KL,,2023-04-09,RENOVATION
S5648,Store_5648,SOUTH,Mumbai,MH,,,RENOVATION
,Store_5649,,Delhi,TS,India,2025-04-28,RENOVATION
S5650,,EAST,Kochi,,India,2025-02-17,OPEN
S5651,,NORTH,Mumbai,,India,2021-10-09,RENOVATION
S5652,Store_5652,NORTH,,MH,,2023-01-15,OPEN
S5653,Store_5653,,Hyderabad,WB,India,,CLOSED
S5654,,,Jaipur,MP,India,2021-07-21,OPEN
S5655,Store_5655,CENTRAL,,KL,India,,OPEN
S5656,Store_5656,,,TS,India,2024-12-27,CLOSED
,Store_5657,,Pune,MP,India,2022-01-23,OPEN
S5658,Store_5658,NORTH,Delhi,KL,,2022-09-10,
,Store_5659,,Jaipur,MP,India,2023-03-22,OPEN
S5660,Store_5660,CENTRAL,,MP,India,2025-10-26,
,Store_5661,NORTH,Chennai,KL,India,2023-11-03,
,Store_5662,EAST,Indore,MH,India,2021-06-08,
S5663,Store_5663,,,WB,India,2025-07-24,RENOVATION
,Store_5664,CENTRAL,Indore,RJ,India,2022-03-21,
,,EAST,Chennai,WB,India,2023-07-15,CLOSED
S5666,,EAST,Mumbai,KA,India,2021-03-13,
S5667,Store_5667,SOUTH,Bengaluru,,,2023-05-03,CLOSED
S5668,,,Kolkata,DL,India,2023-03-27,RENOVATION
S5669,Store_5669,,,MP,India,2023-03-04,OPEN
S5670,,NORTH,,KA,India,2021-10-16,CLOSED
S5671,Store_5671,SOUTH,Mumbai,,India,2022-10-07,
S5672,Store_5672,,Jaipur,TS,,2023-05-19,OPEN
S5673,,SOUTH,Kolkata,WB,India,2025-09-29,
,Store_5674,SOUTH,,RJ,India,2021-05-04,CLOSED
S5675,Store_5675,EAST,Hyderabad,,,2023-06-10,CLOSED
S5676,Store_5676,NORTH,Jaipur,WB,,,RENOVATION
S5677,Store_5677,,Bengaluru,KL,India,2023-08-02,
S5678,Store_5678,,Chennai,,India,2025-04-12,RENOVATION
S5679,Store_5679,,Kolkata,RJ,India,,RENOVATION
S5680,Store_5680,EAST,Kochi,,India,2023-05-22,
,Store_5681,NORTH,Hyderabad,DL,India,2022-04-14,
,Store_5682,NORTH,Pune,KL,India,,RENOVATION
,Store_5683,CENTRAL,,TS,India,2021-06-08,RENOVATION
S5684,,EAST,Pune,,India,2025-04-21,RENOVATION
S5685,,SOUTH,Bengaluru,,India,2025-03-16,OPEN
S5686,,WEST,,MH,India,2023-07-04,RENOVATION
,Store_5687,,Kolkata,MH,India,2021-10-23,RENOVATION
S5688,Store_5688,,Delhi,TN,,2024-12-12,OPEN
S5689,Store_5689,WEST,Indore,,,2025-08-21,CLOSED
S5690,Store_5690,EAST,Hyderabad,,India,,OPEN
S5691,Store_5691,NORTH,,TS,India,2023-03-14,
S5692,Store_5692,EAST,Bengaluru,MP,,2022-04-09,
S5693,Store_5693,CENTRAL,Delhi,MH,,,RENOVATION
,Store_5694,SOUTH,Kolkata,,India,2025-01-31,OPEN
,Store_5695,WEST,Jaipur,KL,,2022-08-29,CLOSED
S5696,,CENTRAL,,MH,India,2022-10-04,OPEN
S5697,Store_5697,EAST,Delhi,MH,,2024-04-05,
S5698,Store_5698,SOUTH,,KL,India,,OPEN
S5699,Store_5699,,Jaipur,DL,India,2023-06-03,
S5700,Store_5700,CENTRAL,,TS,,2021-02-07,OPEN
S5701,Store_5701,,Hyderabad,,India,2025-03-07,OPEN
,Store_5702,WEST,Bengaluru,,India,2025-02-05,CLOSED
S5703,Store_5703,NORTH,Kolkata,TN,,2024-04-15,
,Store_5704,SOUTH,Pune,MH,,2023-01-17,RENOVATION
S5705,,,Kolkata,MH,India,2022-11-22,CLOSED
S5706,Store_5706,,Indore,,India,2024-03-03,RENOVATION
,,NORTH,Bengaluru,DL,India,2023-10-10,CLOSED
,Store_5708,CENTRAL,Jaipur,,India,2023-10-11,RENOVATION
S5709,Store_5709,NORTH,Kolkata,,India,2023-05-03,
S5710,,EAST,Kolkata,TN,India,2023-12-31,
S5711,Store_5711,,,MP,India,2021-03-15,CLOSED
,Store_5712,NORTH,Jaipur,,India,2023-05-09,RENOVATION
S5713,Store_5713,SOUTH,,TN,India,,CLOSED
,Store_5714,SOUTH,,KL,India,2026-01-27,OPEN
,,CENTRAL,Indore,WB,India,2025-10-05,OPEN
S5716,Store_5716,SOUTH,Hyderabad,KL,,2021-08-19,
S5717,Store_5717,,,WB,India,2023-10-02,CLOSED
S5718,Store_5718,,Pune,,India,2024-04-19,OPEN
S5719,Store_5719,WEST,Kochi,,India,2022-12-30,
,Store_5720,SOUTH,Pune,KL,India,2024-11-08,
S5721,,WEST,Indore,MP,India,2025-08-16,
S5722,Store_5722,EAST,Mumbai,TN,,,CLOSED
,Store_5723,EAST,,MH,India,2025-03-30,OPEN
S5724,,CENTRAL,Jaipur,MP,India,2021-03-19,
S5725,,WEST,Jaipur,KA,India,2021-09-23,
,Store_5726,CENTRAL,Jaipur,MH,India,,OPEN
S5727,,EAST,Chennai,KA,India,2021-10-06,
S5728,,EAST,Indore,MP,India,,OPEN
S5729,,SOUTH,Mumbai,KL,India,2025-12-07,
,Store_5730,SOUTH,Kolkata,RJ,India,2022-08-24,
S5731,Store_5731,NORTH,,KL,India,2022-10-09,
S5732,Store_5732,,,DL,India,2024-06-17,CLOSED
S5733,Store_5733,NORTH,Jaipur,,India,2021-09-22,
,Store_5734,EAST,Pune,TN,,2021-03-13,CLOSED
S5735,Store_5735,,Delhi,DL,India,2022-07-19,
S5736,,SOUTH,,MH,India,2022-07-18,CLOSED
S5737,,EAST,Hyderabad,RJ,India,,CLOSED
S5738,,SOUTH,Kochi,TN,India,2025-01-25,
S5739,Store_5739,SOUTH,Bengaluru,KA,,,RENOVATION
S5740,Store_5740,EAST,,MH,,2022-01-16,OPEN
,Store_5741,EAST,Kochi,MH,India,,RENOVATION
S5742,,WEST,,MP,India,2023-05-21,RENOVATION
S5743,,WEST,,KA,India,2024-01-17,OPEN
,Store_5744,,Chennai,RJ,India,2024-10-16,RENOVATION
,Store_5745,SOUTH,Mumbai,TS,,2022-07-09,CLOSED
S5746,Store_5746,EAST,Kochi,,,2023-11-08,RENOVATION
S5747,Store_5747,EAST,,DL,India,,CLOSED
S5748,Store_5748,,Delhi,TS,India,,CLOSED
S5749,Store_5749,NORTH,,,India,2024-07-10,CLOSED
,Store_5750,CENTRAL,Indore,KA,,2024-07-02,CLOSED
S5751,Store_5751,EAST,,RJ,India,,RENOVATION
S5752,Store_5752,NORTH,Kolkata,,India,,RENOVATION
S5753,Store_5753,EAST,Mumbai,KL,India,,
S5754,Store_5754,SOUTH,Mumbai,,India,2025-03-21,
S5755,,CENTRAL,Kochi,RJ,India,2024-02-05,
S5756,Store_5756,NORTH,,,India,2021-09-19,OPEN
S5757,Store_5757,WEST,Hyderabad,,India,,RENOVATION
S5758,Store_5758,,Indore,KL,India,,CLOSED
S5759,Store_5759,WEST,,TN,,2024-10-03,OPEN
S5760,Store_5760,,,KA,India,2022-08-01,OPEN
S5761,,CENTRAL,Mumbai,KA,,2021-04-29,CLOSED
S5762,Store_5762,EAST,,MH,India,,RENOVATION
S5763,Store_5763,NORTH,Kolkata,,India,2025-01-12,
,Store_5764,CENTRAL,Pune,,India,2024-09-15,RENOVATION
,,NORTH,Jaipur,KL,India,2021-07-20,CLOSED
S5766,Store_5766,EAST,,,India,2023-07-02,CLOSED
S5767,Store_5767,,,TN,India,2025-02-26,CLOSED
,Store_5768,,Hyderabad,KA,India,2021-10-26,OPEN
S5769,Store_5769,SOUTH,Hyderabad,MH,,,CLOSED
S5770,Store_5770,,Mumbai,,India,2024-06-14,RENOVATION
S5771,Store_5771,,Kolkata,MP,India,2024-05-05,
S5772,Store_5772,WEST,,,India,2026-01-17,CLOSED
S5773,Store_5773,WEST,,WB,,2024-08-07,RENOVATION
S5774,Store_5774,SOUTH,,RJ,India,,OPEN
S5775,Store_5775,,Kolkata,,India,2021-05-26,CLOSED
S5776,,,Bengaluru,RJ,India,2023-03-27,CLOSED
,Store_5777,,Indore,KA,India,2025-09-06,OPEN
S5778,Store_5778,WEST,Indore,KA,,2025-07-08,
S5779,Store_5779,WEST,,,India,2025-03-27,OPEN
S5780,Store_5780,NORTH,,WB,,2021-11-23,RENOVATION
S5781,Store_5781,CENTRAL,Bengaluru,WB,India,,
S5782,,WEST,Kolkata,MP,,2023-07-28,RENOVATION
S5783,,NORTH,Chennai,RJ,India,,RENOVATION
,Store_5784,NORTH,Delhi,RJ,,2024-10-05,CLOSED
S5785,Store_5785,NORTH,,TN,India,2023-02-19,
S5786,Store_5786,,Jaipur,MP,India,,CLOSED
S5787,Store_5787,NORTH,,MH,,2022-02-08,RENOVATION
,Store_5788,NORTH,,RJ,India,2022-02-11,OPEN
,Store_5789,EAST,Pune,TS,India,,RENOVATION
S5790,Store_5790,EAST,,KL,,2023-08-08,CLOSED
S5791,Store_5791,,,KL,India,2023-05-15,OPEN
S5792,Store_5792,,,MP,India,2021-08-04,CLOSED
,Store_5793,EAST,Mumbai,,India,2023-08-06,RENOVATION
S5794,Store_5794,EAST,,,India,2022-12-08,CLOSED
S5795,Store_5795,NORTH,Pune,,India,2022-11-09,
S5796,Store_5796,,Kolkata,TN,India,2024-09-14,
S5797,,EAST,Chennai,DL,India,2025-11-05,
S5798,,WEST,Indore,WB,India,2026-01-14,
S5799,Store_5799,,Hyderabad,MP,India,2023-03-13,
S5800,,CENTRAL,,MP,India,2021-11-17,OPEN
S5801,Store_5801,,Delhi,RJ,,2022-01-20,RENOVATION
,Store_5802,CENTRAL,Chennai,WB,India,2021-09-03,
S5803,,SOUTH,,TS,India,2023-08-25,RENOVATION
S5804,,EAST,Hyderabad,,India,2022-03-19,OPEN
S5805,,,Jaipur,KL,India,2024-05-11,OPEN
S5806,,EAST,Chennai,KL,India,,CLOSED
S5807,Store_5807,,Hyderabad,TS,India,,RENOVATION
S5808,Store_5808,WEST,Chennai,,India,2024-08-19,
,Store_5809,WEST,Kolkata,KL,India,2022-12-09,
S5810,Store_5810,NORTH,Kolkata,KL,India,,
,Store_5811,CENTRAL,Hyderabad,MP,India,,OPEN
,Store_5812,,Pune,RJ,India,2025-09-27,RENOVATION
,Store_5813,NORTH,Jaipur,RJ,,2021-06-07,CLOSED
S5814,,CENTRAL,Kochi,WB,,2023-10-03,CLOSED
S5815,Store_5815,CENTRAL,,KL,,2021-03-03,RENOVATION
S5816,Store_5816,,Kochi,,India,2024-11-17,RENOVATION
,Store_5817,WEST,Bengaluru,RJ,India,,OPEN
S5818,,NORTH,Delhi,MH,India,,OPEN
S5819,Store_5819,NORTH,,,India,2021-08-21,CLOSED
S5820,Store_5820,EAST,Kochi,MP,,,CLOSED
S5821,Store_5821,CENTRAL,,TS,,2023-04-19,OPEN
S5822,Store_5822,,Chennai,KL,India,2022-01-22,
S5823,,CENTRAL,Kochi,,India,2022-03-23,OPEN
S5824,Store_5824,SOUTH,Kolkata,,,2024-07-23,RENOVATION
S5825,Store_5825,WEST,Pune,MH,,,CLOSED
S5826,Store_5826,SOUTH,Kochi,,India,2021-08-14,
S5827,Store_5827,,Kolkata,,India,2023-09-20,RENOVATION
S5828,Store_5828,,Kochi,TS,,2022-05-05,RENOVATION
S5829,Store_5829,,,DL,India,2021-06-15,OPEN
,Store_5830,WEST,Chennai,,India,2022-11-13,CLOSED
,Store_5831,SOUTH,Jaipur,,India,2024-06-26,RENOVATION
,Store_5832,WEST,Chennai,,India,2023-02-18,OPEN
S5833,Store_5833,,Kolkata,,India,2023-03-16,OPEN
S5834,Store_5834,SOUTH,,,India,2024-11-19,OPEN
,Store_5835,NORTH,,RJ,India,2023-08-15,OPEN
,,NORTH,Pune,KL,India,2024-02-13,CLOSED
S5837,Store_5837,NORTH,,WB,,2024-05-12,RENOVATION
S5838,Store_5838,NORTH,Jaipur,,India,,OPEN
,Store_5839,WEST,Kochi,TN,,2025-10-13,OPEN
S5840,Store_5840,SOUTH,,KL,,2024-09-27,RENOVATION
S5841,Store_5841,EAST,,,India,2025-10-27,CLOSED
S5842,Store_5842,NORTH,,TN,India,2025-09-21,
S5843,,WEST,Jaipur,WB,India,2025-09-17,
S5844,Store_5844,SOUTH,,,India,2025-03-09,CLOSED
S5845,Store_5845,NORTH,Jaipur,,,2023-12-09,OPEN
S5846,,WEST,Kolkata,,India,2024-07-13,OPEN
S5847,Store_5847,SOUTH,Indore,,,2025-01-13,RENOVATION
S5848,Store_5848,SOUTH,Delhi,WB,,,OPEN
S5849,Store_5849,SOUTH,,RJ,India,2024-12-17,
,Store_5850,NORTH,,MP,India,2025-05-20,CLOSED
,Store_5851,,Kolkata,TN,India,2025-10-23,OPEN
S5852,Store_5852,WEST,,MP,,2024-12-31,CLOSED
S5853,Store_5853,WEST,Jaipur,KA,,,CLOSED
S5854,Store_5854,,Indore,MH,,2021-12-08,CLOSED
S5855,Store_5855,EAST,,TS,India,,OPEN
S5856,Store_5856,,Kolkata,WB,India,2022-06-06,
S5857,Store_5857,,Chennai,MP,India,2022-03-07,
S5858,Store_5858,SOUTH,Indore,,India,,CLOSED
S5859,Store_5859,WEST,Delhi,KL,India,,
,Store_5860,EAST,Pune,,India,2022-04-06,CLOSED
S5861,Store_5861,WEST,Kochi,DL,India,,
S5862,Store_5862,WEST,,,India,2023-04-12,RENOVATION
S5863,Store_5863,,Hyderabad,,India,2025-10-21,RENOVATION
,Store_5864,WEST,Mumbai,MP,,2023-04-09,CLOSED
S5865,Store_5865,NORTH,,KL,India,,OPEN
S5866,,SOUTH,Jaipur,TS,,2024-04-24,CLOSED
S5867,,CENTRAL,Jaipur,DL,India,,OPEN
S5868,,SOUTH,Indore,KL,India,,OPEN
,Store_5869,CENTRAL,Pune,KA,,2024-04-08,RENOVATION
S5870,,WEST,,KA,India,2022-03-22,OPEN
S5871,Store_5871,,Jaipur,TS,India,,RENOVATION
S5872,,,Indore,KA,India,2022-11-26,OPEN
S5873,,EAST,Kolkata,TS,India,2023-01-07,
,Store_5874,EAST,Jaipur,RJ,India,,OPEN
S5875,,CENTRAL,Kochi,MP,India,,CLOSED
S5876,,WEST,Kolkata,,India,2024-12-14,OPEN
,Store_5877,EAST,Kochi,DL,India,,CLOSED
,Store_5878,NORTH,,MH,India,2025-08-05,OPEN
S5879,Store_5879,,Kochi,,India,2021-11-18,CLOSED
S5880,Store_5880,EAST,,TN,India,,RENOVATION
S5881,Store_5881,WEST,,MH,India,,OPEN
S5882,Store_5882,EAST,Delhi,KL,India,,
S5883,Store_5883,CENTRAL,Delhi,,India,2025-10-13,
,Store_5884,EAST,Hyderabad,DL,India,2022-05-30,
S5885,Store_5885,EAST,,MH,India,,OPEN
S5886,Store_5886,WEST,Mumbai,,India,2025-03-15,
S5887,,EAST,Kochi,MP,India,,OPEN
S5888,,EAST,Chennai,RJ,,2025-05-03,OPEN
S5889,Store_5889,,Kochi,MP,India,,OPEN
S5890,,,Chennai,TN,India,2025-03-06,OPEN
S5891,Store_5891,SOUTH,,MH,,2022-05-05,OPEN
,Store_5892,EAST,Kolkata,MP,,2022-01-01,RENOVATION
,Store_5893,NORTH,Jaipur,,India,2021-09-21,CLOSED
S5894,Store_5894,SOUTH,,KA,,2024-11-06,OPEN
S5895,Store_5895,SOUTH,,,India,2024-01-15,CLOSED
,Store_5896,CENTRAL,Pune,,India,2024-12-31,CLOSED
S5897,,SOUTH,Mumbai,RJ,India,2022-10-01,
S5898,Store_5898,SOUTH,,KA,India,2024-10-01,
,,EAST,Hyderabad,TS,India,2024-10-24,RENOVATION
S5900,Store_5900,,,MH,India,2022-03-06,OPEN
,Store_5901,,Indore,KL,India,2024-05-27,CLOSED
S5902,,CENTRAL,Indore,TS,India,,RENOVATION
S5903,Store_5903,WEST,Kochi,,India,2022-10-20,
,Store_5904,CENTRAL,Kolkata,KL,India,,OPEN
S5905,,CENTRAL,,DL,India,2021-12-03,OPEN
,,WEST,Mumbai,RJ,India,2025-05-17,CLOSED
S5907,,CENTRAL,,WB,India,2024-08-27,RENOVATION
,Store_5908,NORTH,Mumbai,DL,India,2024-02-10,
S5909,,WEST,,DL,India,2024-04-01,OPEN
S5910,Store_5910,NORTH,,,India,2024-06-29,RENOVATION
,Store_5911,,Chennai,DL,India,2025-01-22,RENOVATION
,Store_5912,,Delhi,TS,India,2025-01-21,OPEN
S5913,Store_5913,,,MP,India,2022-06-24,OPEN
,Store_5914,,Indore,KA,India,2025-10-12,CLOSED
S5915,Store_5915,,,KA,India,2023-07-01,RENOVATION
S5916,Store_5916,NORTH,,,India,2024-08-31,CLOSED
,Store_5917,CENTRAL,,KA,India,2021-10-06,RENOVATION
S5918,Store_5918,EAST,Mumbai,,,2023-11-09,CLOSED
S5919,Store_5919,WEST,,KL,India,,CLOSED
S5920,,CENTRAL,Kochi,DL,India,2025-11-27,
S5921,Store_5921,WEST,,DL,India,2025-12-17,
,,NORTH,Mumbai,TS,India,2021-02-12,RENOVATION
S5923,,CENTRAL,Bengaluru,DL,India,2024-05-08,
S5924,Store_5924,WEST,Pune,,,2025-02-05,CLOSED
S5925,Store_5925,NORTH,,WB,India,,RENOVATION
S5926,,WEST,Jaipur,,India,2024-06-13,CLOSED
,Store_5927,SOUTH,Indore,,India,2023-02-06,OPEN
S5928,Store_5928,WEST,,,India,2022-09-12,RENOVATION
S5929,Store_5929,CENTRAL,,RJ,India,,OPEN
S5930,Store_5930,,,TS,India,2025-03-03,CLOSED
S5931,Store_5931,WEST,,TN,India,2023-10-05,
,,WEST,Kolkata,TN,India,2024-10-11,RENOVATION
S5933,Store_5933,NORTH,,,India,2023-07-27,RENOVATION
S5934,Store_5934,,,MP,India,2023-01-16,CLOSED
S5935,,WEST,Delhi,RJ,India,,CLOSED
S5936,,SOUTH,Hyderabad,,India,2022-08-10,OPEN
S5937,Store_5937,EAST,Chennai,DL,,,CLOSED
S5938,Store_5938,CENTRAL,,,India,2022-03-16,CLOSED
S5939,,,Mumbai,KL,India,2021-10-30,OPEN
,Store_5940,CENTRAL,,DL,India,2023-05-07,OPEN
,Store_5941,EAST,Hyderabad,RJ,India,2025-06-03,
S5942,Store_5942,WEST,,WB,India,,OPEN
S5943,Store_5943,NORTH,Mumbai,KA,,2026-01-19,
,Store_5944,SOUTH,,KL,India,2025-09-10,OPEN
S5945,Store_5945,,Chennai,TN,India,2023-03-27,
,Store_5946,WEST,Mumbai,TN,India,2021-07-11,
,,EAST,Hyderabad,WB,India,2023-03-26,OPEN
S5948,,,Indore,MH,India,2024-09-18,CLOSED
S5949,Store_5949,CENTRAL,Jaipur,,,2024-04-11,RENOVATION
S5950,Store_5950,,Chennai,,India,2021-07-03,OPEN
S5951,Store_5951,,Chennai,TS,,2023-01-03,OPEN
S5952,Store_5952,,Jaipur,DL,,2022-11-30,CLOSED
S5953,Store_5953,WEST,Hyderabad,KL,India,,
S5954,Store_5954,,Bengaluru,MH,,2022-09-28,RENOVATION
S5955,,EAST,Mumbai,DL,,2023-11-25,OPEN
S5956,Store_5956,EAST,Bengaluru,WB,India,,
S5957,,SOUTH,Jaipur,KL,India,,CLOSED
,Store_5958,SOUTH,Kochi,MH,India,2022-02-19,
S5959,Store_5959,EAST,Mumbai,WB,,,RENOVATION
S5960,,WEST,Jaipur,,India,2025-09-18,OPEN
S5961,,SOUTH,Mumbai,RJ,,2024-11-22,OPEN
S5962,,CENTRAL,Pune,MH,India,,RENOVATION
S5963,,SOUTH,Delhi,,India,2022-10-26,CLOSED
S5964,,EAST,Hyderabad,DL,India,2025-01-17,
,Store_5965,EAST,Jaipur,RJ,,2021-10-08,RENOVATION
S5966,Store_5966,NORTH,,,India,2023-04-10,OPEN
,Store_5967,,Bengaluru,MP,India,2021-10-06,CLOSED
S5968,Store_5968,NORTH,,MH,India,2023-07-31,
,Store_5969,WEST,,KL,India,2021-10-09,RENOVATION
S5970,Store_5970,,Chennai,DL,,2024-04-11,CLOSED
,Store_5971,SOUTH,Hyderabad,TN,India,,OPEN
S5972,Store_5972,,Kochi,,India,2022-02-06,CLOSED
S5973,Store_5973,NORTH,Indore,,,2022-10-03,CLOSED
S5974,Store_5974,SOUTH,Chennai,KA,,2026-01-31,
S5975,Store_5975,NORTH,,,India,2023-02-01,OPEN
S5976,Store_5976,WEST,Indore,,India,2022-08-28,
S5977,,EAST,Kolkata,,India,2022-04-24,OPEN
S5978,Store_5978,,,RJ,India,2021-09-12,RENOVATION
,Store_5979,,Mumbai,TN,India,2022-03-13,OPEN
,Store_5980,NORTH,,TN,India,2025-06-11,OPEN
S5981,Store_5981,SOUTH,,KA,,2023-11-23,OPEN
S5982,,NORTH,Hyderabad,DL,India,,OPEN
,Store_5983,SOUTH,Delhi,TN,,2024-08-09,CLOSED
S5984,Store_5984,,Hyderabad,,India,2024-11-27,RENOVATION
S5985,Store_5985,WEST,Kolkata,,India,,CLOSED
S5986,Store_5986,CENTRAL,Pune,KL,,2022-12-02,
S5987,,,Bengaluru,TS,India,2025-06-11,OPEN
S5988,Store_5988,SOUTH,,MH,India,2022-06-05,
S5989,Store_5989,EAST,,KL,India,,CLOSED
S5990,Store_5990,WEST,Jaipur,,India,2023-10-19,
,Store_5991,NORTH,Kochi,MH,India,,RENOVATION
,Store_5992,WEST,Pune,MP,India,2023-12-03,
S5993,,EAST,Mumbai,MH,,2024-04-05,CLOSED
S5994,,SOUTH,Delhi,DL,,2024-04-03,RENOVATION
S5995,Store_5995,,Delhi,DL,,2025-07-17,OPEN
S5996,Store_5996,SOUTH,Pune,RJ,,,OPEN
S5997,Store_5997,,Bengaluru,,India,2023-06-29,RENOVATION
S5998,Store_5998,,Bengaluru,TN,,2025-10-21,OPEN
S5999,Store_5999,EAST,Delhi,MP,,,OPEN
S6000,Store_6000,,Delhi,,India,2025-10-12,RENOVATION
S6001,Store_6001,EAST,Kochi,,India,2022-06-05,
,Store_6002,,Indore,KA,India,2023-09-23,CLOSED
S6003,,SOUTH,,MH,India,2023-06-11,OPEN
,Store_6004,EAST,,MP,India,2022-05-22,RENOVATION
S6005,,CENTRAL,,DL,India,2022-06-10,OPEN
S6006,Store_6006,NORTH,Chennai,,India,,CLOSED
S6007,Store_6007,,,TS,India,2025-04-13,CLOSED
S6008,Store_6008,EAST,,TN,,2024-03-18,OPEN
S6009,Store_6009,,Chennai,MP,India,2025-08-03,
S6010,Store_6010,,Chennai,RJ,India,,RENOVATION
,Store_6011,EAST,Pune,,India,2021-05-25,CLOSED
S6012,Store_6012,,,WB,India,2025-04-06,RENOVATION
S6013,Store_6013,,Delhi,,India,2023-04-19,RENOVATION
S6014,,,Indore,TN,India,2024-09-11,OPEN
S6015,Store_6015,SOUTH,,KL,India,,CLOSED
,Store_6016,NORTH,Kochi,,India,2022-03-12,CLOSED
S6017,,NORTH,,MH,India,2021-08-07,RENOVATION
S6018,Store_6018,,Jaipur,TS,,2023-12-02,OPEN
S6019,Store_6019,CENTRAL,Hyderabad,,India,,OPEN
,Store_6020,SOUTH,Delhi,DL,India,,RENOVATION
S6021,Store_6021,EAST,,RJ,India,,RENOVATION
S6022,,SOUTH,,TS,India,2024-06-16,OPEN
S6023,Store_6023,,Chennai,TS,,2023-06-22,CLOSED
,Store_6024,SOUTH,,WB,India,2025-11-06,CLOSED
,Store_6025,EAST,Jaipur,,India,2024-12-02,OPEN
S6026,Store_6026,CENTRAL,,KL,India,,OPEN
,Store_6027,WEST,Kochi,DL,India,2023-08-12,
,Store_6028,,Delhi,DL,India,2024-01-19,RENOVATION
,Store_6029,CENTRAL,Mumbai,,India,2025-01-20,CLOSED
S6030,Store_6030,,Delhi,,India,2021-05-07,OPEN
S6031,Store_6031,CENTRAL,Delhi,WB,,2023-02-16,
S6032,Store_6032,NORTH,Kochi,KA,,,CLOSED
S6033,Store_6033,SOUTH,,KL,India,2024-05-07,
S6034,Store_6034,,Indore,KA,,2022-02-01,RENOVATION
S6035,Store_6035,WEST,Kochi,,,2022-08-24,RENOVATION
S6036,Store_6036,,Kolkata,,India,2025-07-25,RENOVATION
S6037,,,Hyderabad,RJ,India,2021-03-17,CLOSED
S6038,,CENTRAL,Bengaluru,RJ,,2021-12-29,CLOSED
S6039,,WEST,Delhi,KL,India,2026-01-27,
S6040,Store_6040,CENTRAL,Mumbai,TS,,,RENOVATION
,Store_6041,CENTRAL,Kochi,MH,India,2024-12-06,
S6042,,,Pune,TN,India,2024-12-15,OPEN
S6043,,,Pune,TN,India,2021-09-25,CLOSED
,Store_6044,CENTRAL,Kochi,RJ,India,,OPEN
S6045,Store_6045,,Chennai,KA,,2023-06-12,RENOVATION
,Store_6046,,Mumbai,KL,India,2022-08-05,CLOSED
S6047,Store_6047,,,WB,India,2022-05-15,OPEN
S6048,Store_6048,,,KL,India,2021-08-07,CLOSED
S6049,Store_6049,CENTRAL,,RJ,India,2022-09-18,
,Store_6050,SOUTH,,RJ,India,2023-12-19,OPEN
,,CENTRAL,Mumbai,KL,India,2025-02-24,CLOSED
S6052,Store_6052,CENTRAL,Pune,WB,,2024-06-02,
,Store_6053,WEST,Hyderabad,KA,India,2023-05-07,
S6054,Store_6054,,,MH,India,2023-03-26,OPEN
S6055,Store_6055,SOUTH,Kolkata,,India,,CLOSED
S6056,Store_6056,SOUTH,Indore,TS,India,,
S6057,,WEST,,RJ,India,2025-05-29,RENOVATION
,Store_6058,NORTH,Delhi,KL,India,2022-03-16,
,,SOUTH,Delhi,DL,India,2021-02-24,OPEN
S6060,Store_6060,CENTRAL,,,India,2025-03-09,RENOVATION
S6061,,NORTH,Mumbai,TS,India,2025-09-23,
S6062,Store_6062,WEST,Hyderabad,MP,India,,
S6063,Store_6063,SOUTH,Hyderabad,,India,2021-08-18,
S6064,Store_6064,,Jaipur,KL,India,,RENOVATION
S6065,Store_6065,NORTH,Kolkata,TN,India,,
S6066,,,Hyderabad,KA,India,2025-05-15,OPEN
,,WEST,Kolkata,TS,India,2022-06-21,RENOVATION
S6068,Store_6068,,Delhi,RJ,,2024-05-26,RENOVATION
S6069,,SOUTH,,TN,India,2025-01-31,RENOVATION
,Store_6070,SOUTH,Delhi,MP,India,2024-07-30,
S6071,Store_6071,SOUTH,Mumbai,,India,,CLOSED
S6072,,SOUTH,Mumbai,TN,India,,OPEN
,Store_6073,NORTH,,TN,India,2022-09-10,CLOSED
S6074,Store_6074,,Hyderabad,WB,,2024-08-26,CLOSED
S6075,Store_6075,,Chennai,,India,2024-03-31,CLOSED
S6076,,CENTRAL,Jaipur,,India,2025-01-23,RENOVATION
,,SOUTH,Chennai,RJ,India,2023-08-03,CLOSED
S6078,Store_6078,EAST,Indore,MP,India,,
S6079,,EAST,Bengaluru,RJ,India,2022-02-16,
S6080,Store_6080,SOUTH,Delhi,RJ,,,OPEN
,Store_6081,CENTRAL,Bengaluru,MH,India,,OPEN
S6082,,CENTRAL,Pune,TN,India,2022-08-06,
S6083,Store_6083,CENTRAL,,,India,2023-02-15,OPEN
S6084,Store_6084,WEST,Kolkata,,India,,RENOVATION
S6085,Store_6085,,,RJ,India,2022-03-21,CLOSED
S6086,,SOUTH,Kochi,DL,India,,OPEN
S6087,,CENTRAL,Kolkata,DL,India,,CLOSED
S6088,,WEST,,WB,India,2022-04-17,OPEN
S6089,Store_6089,,Pune,KA,India,,RENOVATION
S6090,Store_6090,,Bengaluru,DL,India,,CLOSED
,Store_6091,,Kolkata,MH,India,2022-06-28,OPEN
S6092,Store_6092,EAST,Kolkata,KA,India,,
S6093,Store_6093,SOUTH,,KA,India,2024-07-22,
S6094,,CENTRAL,Pune,TN,,2025-08-31,CLOSED
,Store_6095,,Pune,TS,India,2022-06-26,CLOSED
,Store_6096,,Jaipur,TN,India,2024-05-18,RENOVATION
S6097,Store_6097,EAST,,RJ,,2024-09-22,OPEN
S6098,,,Delhi,TN,India,2023-12-12,CLOSED
,Store_6099,SOUTH,Pune,KA,India,2022-01-25,
,Store_6100,WEST,Bengaluru,WB,India,,CLOSED
,Store_6101,NORTH,Mumbai,,India,2023-08-16,CLOSED
S6102,Store_6102,EAST,Indore,,,2021-12-10,CLOSED
,Store_6103,SOUTH,Pune,DL,India,,OPEN
S6104,,,Kochi,MH,India,2023-10-29,CLOSED
S6105,Store_6105,,,RJ,India,2023-06-25,OPEN
S6106,Store_6106,,,MP,India,2024-12-10,CLOSED
,,SOUTH,Pune,KA,India,2021-03-11,RENOVATION
S6108,Store_6108,,Kochi,TS,India,2025-03-17,
S6109,Store_6109,WEST,,,India,2025-11-03,OPEN
S6110,Store_6110,EAST,,RJ,,2023-10-02,RENOVATION
,Store_6111,WEST,,MH,India,2024-05-28,RENOVATION
S6112,Store_6112,WEST,,KA,,2021-10-12,RENOVATION
S6113,,CENTRAL,,MH,India,2024-12-26,OPEN
S6114,Store_6114,NORTH,Pune,,,2024-09-30,CLOSED
S6115,Store_6115,NORTH,,RJ,India,,CLOSED
S6116,,EAST,Jaipur,,India,2024-09-20,RENOVATION
S6117,,WEST,,MH,India,2023-10-22,CLOSED
S6118,,,Chennai,MH,India,2021-07-23,RENOVATION
S6119,Store_6119,,Kochi,,India,2025-01-12,OPEN
S6120,Store_6120,EAST,,TN,India,2024-10-28,
S6121,,,Pune,RJ,India,2025-06-23,CLOSED
S6122,,SOUTH,,DL,India,2026-01-05,OPEN
,,EAST,Jaipur,TS,India,2025-06-08,CLOSED
,Store_6124,WEST,Kochi,MP,India,,CLOSED
S6125,Store_6125,WEST,,KL,India,2023-03-12,
,Store_6126,WEST,,TN,India,2021-04-19,CLOSED
,Store_6127,EAST,Pune,DL,,2022-12-06,OPEN
S6128,,,Kolkata,TN,India,2023-11-23,CLOSED
S6129,Store_6129,,Indore,DL,India,,CLOSED
S6130,,WEST,Hyderabad,WB,India,,CLOSED
S6131,Store_6131,EAST,,MP,India,,CLOSED
S6132,,EAST,Mumbai,TN,India,2024-04-19,
S6133,Store_6133,WEST,,KL,,2024-10-10,OPEN
S6134,Store_6134,,Pune,,India,2023-01-29,RENOVATION
S6135,Store_6135,EAST,,MP,India,,CLOSED
S6136,Store_6136,EAST,,DL,India,,RENOVATION
S6137,Store_6137,EAST,,TS,India,2024-09-29,
,Store_6138,,Bengaluru,KA,India,2023-05-02,OPEN
,Store_6139,EAST,Bengaluru,TN,,2022-12-21,OPEN
S6140,Store_6140,CENTRAL,,WB,,2021-03-16,CLOSED
S6141,Store_6141,CENTRAL,Hyderabad,,,2025-04-26,OPEN
,Store_6142,EAST,Bengaluru,,India,2025-12-07,RENOVATION
S6143,Store_6143,CENTRAL,Kolkata,,India,,OPEN
,Store_6144,CENTRAL,Hyderabad,TS,India,,RENOVATION
,Store_6145,EAST,Bengaluru,MH,,2025-01-15,RENOVATION
S6146,,NORTH,Mumbai,TS,,2024-10-31,RENOVATION
S6147,Store_6147,WEST,Delhi,WB,India,,
S6148,Store_6148,SOUTH,Kolkata,,,2021-12-04,OPEN
S6149,,CENTRAL,Kolkata,RJ,India,2025-05-15,
S6150,Store_6150,NORTH,Hyderabad,,India,,RENOVATION
S6151,Store_6151,,Indore,MP,,2021-03-10,OPEN
S6152,,CENTRAL,Bengaluru,,India,2025-08-12,RENOVATION
S6153,,EAST,Bengaluru,MP,,2024-07-19,CLOSED
,Store_6154,CENTRAL,Indore,MP,India,,OPEN
S6155,,SOUTH,Chennai,DL,India,,OPEN
,Store_6156,NORTH,Jaipur,DL,India,2024-03-22,
S6157,Store_6157,,Delhi,,India,2023-09-11,CLOSED
,Store_6158,EAST,Jaipur,RJ,India,,OPEN
S6159,,SOUTH,Mumbai,WB,India,,RENOVATION
S6160,Store_6160,,Bengaluru,TN,India,,CLOSED
S6161,Store_6161,,,TS,India,2023-01-31,RENOVATION
,Store_6162,SOUTH,Kolkata,WB,India,2021-09-16,
S6163,Store_6163,WEST,,KA,,2021-11-03,OPEN
S6164,Store_6164,,Chennai,WB,,2021-12-16,OPEN
S6165,Store_6165,,Chennai,WB,,2022-04-27,RENOVATION
S6166,Store_6166,,Delhi,WB,India,,OPEN
S6167,Store_6167,WEST,Chennai,,India,2024-12-20,
,Store_6168,EAST,,WB,India,2022-06-23,CLOSED
S6169,Store_6169,,Delhi,TN,India,,OPEN
S6170,Store_6170,NORTH,,,India,2024-04-06,CLOSED
S6171,,SOUTH,Chennai,TN,India,,RENOVATION
S6172,,,Pune,MH,India,2024-04-07,OPEN
S6173,,SOUTH,Hyderabad,KL,,2024-04-16,RENOVATION
S6174,Store_6174,SOUTH,,MP,India,,RENOVATION
S6175,Store_6175,NORTH,Kolkata,,India,2023-10-10,
S6176,,EAST,Delhi,TN,,2025-04-25,RENOVATION
S6177,,WEST,Jaipur,TN,India,2021-05-27,
,,SOUTH,Kochi,TN,India,2021-08-17,RENOVATION
S6179,,EAST,Chennai,KL,India,2024-08-30,
S6180,Store_6180,EAST,Delhi,,India,2022-05-15,
S6181,,WEST,,TN,India,2021-02-21,RENOVATION
,,CENTRAL,Hyderabad,TN,India,2025-04-03,CLOSED
S6183,Store_6183,CENTRAL,Hyderabad,KA,India,,
S6184,,CENTRAL,Kolkata,,India,2024-03-30,CLOSED
S6185,Store_6185,,Mumbai,,India,2024-11-05,RENOVATION
S6186,Store_6186,,Kochi,,India,2025-04-07,OPEN
S6187,Store_6187,EAST,Bengaluru,,,2024-09-10,CLOSED
,Store_6188,NORTH,,KA,India,2022-08-06,RENOVATION
S6189,,,Indore,RJ,India,2025-07-02,RENOVATION
,Store_6190,SOUTH,Bengaluru,RJ,India,2022-02-25,
,Store_6191,NORTH,Bengaluru,TS,India,2024-08-11,
S6192,Store_6192,WEST,,MH,India,,RENOVATION
S6193,Store_6193,WEST,Pune,KL,India,,
,,CENTRAL,Bengaluru,TN,India,2025-08-29,CLOSED
S6195,Store_6195,CENTRAL,,TS,,2021-05-14,OPEN
S6196,Store_6196,EAST,Bengaluru,,,2023-02-25,OPEN
,,WEST,Indore,WB,India,2023-08-07,RENOVATION
S6198,Store_6198,,Jaipur,,India,2024-04-01,RENOVATION
,Store_6199,CENTRAL,Kochi,TN,India,2023-01-08,
S6200,,,Hyderabad,KL,India,2023-08-05,OPEN
S6201,Store_6201,CENTRAL,Pune,WB,India,,
S6202,Store_6202,WEST,Jaipur,WB,,2022-12-07,
S6203,Store_6203,,Pune,,India,2023-08-19,CLOSED
S6204,,,Hyderabad,TS,India,2024-01-21,OPEN
S6205,,NORTH,Kolkata,,India,2026-01-04,OPEN
S6206,Store_6206,,Kochi,TN,India,,RENOVATION
,,EAST,Delhi,TS,India,2021-05-26,OPEN
,,WEST,Pune,KL,India,2025-10-19,OPEN
S6209,Store_6209,EAST,,TS,India,,CLOSED
S6210,Store_6210,,Chennai,MH,India,2022-12-10,
S6211,,CENTRAL,Jaipur,DL,,2023-04-11,CLOSED
,Store_6212,WEST,Bengaluru,MH,,2024-12-28,OPEN
,Store_6213,CENTRAL,Hyderabad,RJ,India,,CLOSED
S6214,Store_6214,,,TN,India,2023-07-21,OPEN
S6215,Store_6215,WEST,Jaipur,,,2023-07-10,RENOVATION
S6216,Store_6216,,Bengaluru,,India,2024-02-10,OPEN
S6217,,,Chennai,WB,India,2024-05-11,OPEN
S6218,Store_6218,,Pune,,India,2024-10-06,RENOVATION
S6219,,,Chennai,DL,India,2024-11-15,OPEN
,Store_6220,CENTRAL,Jaipur,MP,India,2022-12-13,
,,CENTRAL,Delhi,TS,India,2022-11-06,OPEN
S6222,Store_6222,,,MP,India,2025-05-13,OPEN
,Store_6223,SOUTH,Indore,,India,2022-12-31,RENOVATION
S6224,Store_6224,WEST,,TN,,2024-11-08,RENOVATION
S6225,,EAST,Bengaluru,RJ,India,,CLOSED
S6226,Store_6226,EAST,Chennai,,India,,RENOVATION
S6227,,SOUTH,,RJ,India,2022-06-14,OPEN
S6228,Store_6228,,,TN,India,2022-05-24,OPEN
,Store_6229,CENTRAL,Hyderabad,KL,India,2024-03-05,
S6230,Store_6230,EAST,Indore,,India,,CLOSED
S6231,Store_6231,CENTRAL,,WB,India,,OPEN
S6232,,CENTRAL,Bengaluru,,India,2022-05-21,CLOSED
S6233,Store_6233,SOUTH,,TS,India,,CLOSED
S6234,Store_6234,CENTRAL,Chennai,RJ,,2025-01-26,
S6235,,EAST,Jaipur,,India,2022-02-08,RENOVATION
S6236,Store_6236,SOUTH,Pune,,India,,RENOVATION
S6237,Store_6237,SOUTH,Delhi,MH,,2021-10-10,
S6238,Store_6238,EAST,,MP,,2024-05-25,CLOSED
S6239,Store_6239,CENTRAL,Bengaluru,,India,2024-06-14,
,Store_6240,SOUTH,Chennai,,India,2025-12-26,RENOVATION
,Store_6241,CENTRAL,Kochi,MP,India,2023-01-30,
S6242,Store_6242,CENTRAL,Hyderabad,KL,,2021-06-08,
S6243,,,Indore,TN,India,2024-06-13,CLOSED
S6244,Store_6244,,Indore,TS,India,,OPEN
S6245,Store_6245,NORTH,Hyderabad,,India,,RENOVATION
S6246,,SOUTH,Mumbai,RJ,India,2024-01-17,
,Store_6247,EAST,Jaipur,KA,India,,CLOSED
S6248,Store_6248,NORTH,Pune,,,2023-10-14,CLOSED
S6249,Store_6249,EAST,Chennai,,India,2024-07-16,
S6250,Store_6250,,Hyderabad,MP,,2025-06-04,CLOSED
S6251,Store_6251,WEST,,TN,,2024-10-15,OPEN
S6252,Store_6252,,Kolkata,KA,,2024-07-30,OPEN
,Store_6253,CENTRAL,Indore,RJ,India,2025-07-29,
,Store_6254,,Jaipur,WB,India,2024-08-07,OPEN
S6255,,,Jaipur,RJ,India,2023-06-04,CLOSED
,Store_6256,WEST,Kolkata,,India,2024-05-29,CLOSED
S6257,Store_6257,,Chennai,DL,India,,RENOVATION
S6258,Store_6258,CENTRAL,Chennai,,India,2024-10-24,
,Store_6259,,Pune,DL,India,2024-08-30,CLOSED
S6260,Store_6260,EAST,Bengaluru,TN,,2023-04-14,
S6261,,SOUTH,,DL,India,2021-05-06,OPEN
S6262,Store_6262,,Kochi,,India,2022-05-30,RENOVATION
,,EAST,Hyderabad,TS,India,2025-10-01,CLOSED
S6264,Store_6264,,Chennai,,India,2023-01-12,CLOSED
,Store_6265,WEST,,MP,India,2025-04-08,CLOSED
S6266,Store_6266,CENTRAL,Indore,,,2025-01-03,CLOSED
S6267,,,Kolkata,TS,India,2025-08-01,OPEN
S6268,Store_6268,WEST,Jaipur,TN,,,OPEN
,Store_6269,CENTRAL,,WB,India,2023-09-15,RENOVATION
S6270,,WEST,,TN,India,2024-10-18,OPEN
S6271,,WEST,Kolkata,,India,2021-10-19,CLOSED
S6272,,EAST,Chennai,MP,,2023-05-13,CLOSED
S6273,Store_6273,CENTRAL,,,India,2023-04-26,CLOSED
S6274,Store_6274,WEST,,MP,India,,RENOVATION
S6275,Store_6275,,Mumbai,MP,India,2024-02-17,
S6276,Store_6276,WEST,Chennai,,,2023-12-22,CLOSED
S6277,Store_6277,,,MH,India,2021-08-07,RENOVATION
S6278,Store_6278,EAST,Kochi,,,2022-07-19,CLOSED
S6279,Store_6279,,Hyderabad,,India,2025-10-24,RENOVATION
S6280,,CENTRAL,Kolkata,KL,India,2022-05-05,
S6281,Store_6281,CENTRAL,Bengaluru,WB,India,,
,Store_6282,NORTH,Hyderabad,RJ,India,,OPEN
,Store_6283,EAST,Kochi,TN,,2024-08-31,OPEN
S6284,Store_6284,CENTRAL,,KA,India,,OPEN
S6285,,NORTH,Jaipur,WB,India,2023-08-18,
S6286,,CENTRAL,Jaipur,,India,2023-11-25,CLOSED
,Store_6287,CENTRAL,,TS,India,2022-09-21,RENOVATION
S6288,Store_6288,,Pune,TS,,2026-01-07,CLOSED
S6289,,SOUTH,Mumbai,WB,India,,RENOVATION
S6290,Store_6290,SOUTH,,,India,2021-11-16,CLOSED
,Store_6291,CENTRAL,Bengaluru,KL,India,2021-11-11,
S6292,Store_6292,CENTRAL,Kolkata,,India,,CLOSED
,Store_6293,SOUTH,Kolkata,TS,India,2025-05-19,
,Store_6294,WEST,Mumbai,TS,,2023-12-05,RENOVATION
S6295,Store_6295,,Jaipur,,India,2023-03-24,OPEN
S6296,Store_6296,,Bengaluru,DL,India,2025-11-24,
S6297,,NORTH,Indore,WB,India,,OPEN
S6298,Store_6298,SOUTH,,KL,India,,CLOSED
S6299,Store_6299,NORTH,Mumbai,,India,,OPEN
S6300,Store_6300,CENTRAL,Pune,,,2024-09-20,OPEN
,,SOUTH,Bengaluru,WB,India,2022-03-29,CLOSED
S6302,Store_6302,,Delhi,WB,,2022-02-15,OPEN
S6303,,WEST,Kochi,DL,India,2023-07-28,
,Store_6304,CENTRAL,Indore,KL,India,,RENOVATION
S6305,,EAST,Hyderabad,RJ,,2022-05-17,OPEN
S6306,Store_6306,WEST,Chennai,RJ,India,,
,Store_6307,SOUTH,Jaipur,TN,India,2025-01-19,
,Store_6308,WEST,Mumbai,KA,India,2023-02-22,
,Store_6309,WEST,Kolkata,TS,India,,OPEN
S6310,,WEST,Jaipur,RJ,,2024-08-02,RENOVATION
S6311,Store_6311,EAST,Mumbai,,India,,CLOSED
S6312,Store_6312,EAST,Indore,KA,India,,
S6313,Store_6313,,Delhi,,India,2025-07-31,RENOVATION
S6314,Store_6314,EAST,,,India,2022-01-10,CLOSED
S6315,Store_6315,,Mumbai,,India,2023-01-30,RENOVATION
S6316,Store_6316,EAST,,RJ,,2022-04-08,CLOSED
S6317,,WEST,Kolkata,DL,,2024-02-22,OPEN
S6318,,SOUTH,Chennai,MP,India,2022-12-10,
,Store_6319,SOUTH,Bengaluru,KA,India,2021-02-09,
S6320,Store_6320,SOUTH,Delhi,KL,,2022-11-05,
S6321,Store_6321,CENTRAL,,,India,2024-12-15,CLOSED
S6322,Store_6322,WEST,Kochi,MP,,2023-03-21,
S6323,Store_6323,EAST,,,India,2022-12-17,OPEN
S6324,Store_6324,NORTH,Kochi,,India,,CLOSED
S6325,Store_6325,,Pune,MP,India,2023-07-31,
S6326,Store_6326,NORTH,,KA,India,,RENOVATION
,Store_6327,EAST,Indore,MH,India,2021-06-21,
S6328,Store_6328,WEST,Indore,TN,India,,
,Store_6329,CENTRAL,Kochi,WB,India,,CLOSED
S6330,,SOUTH,Jaipur,TN,India,2021-06-04,
S6331,Store_6331,NORTH,Chennai,,,2021-04-22,CLOSED
S6332,Store_6332,WEST,Bengaluru,,India,,OPEN
,Store_6333,SOUTH,Hyderabad,,India,2023-11-13,RENOVATION
S6334,Store_6334,EAST,Indore,,,2021-07-09,CLOSED
S6335,Store_6335,,,KL,India,2024-05-07,OPEN
S6336,,NORTH,,DL,India,2024-02-28,RENOVATION
S6337,Store_6337,WEST,,TS,India,,CLOSED
S6338,Store_6338,EAST,,TN,,2022-04-01,OPEN
,Store_6339,SOUTH,Kolkata,WB,,2023-04-13,RENOVATION
S6340,Store_6340,EAST,,TN,India,2024-12-16,
S6341,Store_6341,WEST,Bengaluru,MP,,2023-05-07,
S6342,Store_6342,SOUTH,Mumbai,,India,,RENOVATION
S6343,,SOUTH,Kolkata,,India,2024-01-31,RENOVATION
S6344,Store_6344,CENTRAL,,TS,India,2021-02-15,
,Store_6345,NORTH,Pune,TS,India,,CLOSED
,Store_6346,SOUTH,Hyderabad,TN,India,,CLOSED
,Store_6347,EAST,Kochi,KA,,2022-11-10,RENOVATION
S6348,,WEST,Kochi,MP,India,,OPEN
S6349,Store_6349,,Indore,DL,,2025-09-26,RENOVATION
S6350,,NORTH,,KL,India,2023-09-02,RENOVATION
S6351,,SOUTH,Kochi,RJ,India,2023-12-04,
S6352,Store_6352,SOUTH,Pune,,India,2021-11-08,
,Store_6353,,Jaipur,KL,India,2022-09-16,OPEN
S6354,Store_6354,,Pune,RJ,,2025-04-29,CLOSED
S6355,Store_6355,SOUTH,,RJ,India,,CLOSED
S6356,Store_6356,SOUTH,,WB,India,,OPEN
,Store_6357,EAST,Kochi,KL,India,2024-06-10,
S6358,Store_6358,,Delhi,TN,India,,CLOSED
S6359,,NORTH,Pune,WB,India,2021-04-07,
,Store_6360,WEST,Bengaluru,MP,India,2022-10-25,
S6361,Store_6361,WEST,Kolkata,TN,India,,
S6362,,NORTH,Indore,WB,,2023-05-07,RENOVATION
S6363,Store_6363,,Kochi,MP,,2024-09-12,RENOVATION
,Store_6364,,Hyderabad,MH,India,2024-01-15,OPEN
S6365,,CENTRAL,Indore,,India,2022-07-13,OPEN
S6366,Store_6366,CENTRAL,,RJ,India,2022-09-12,
S6367,Store_6367,,Bengaluru,MH,India,2021-09-18,
S6368,Store_6368,,Bengaluru,DL,,2023-04-10,OPEN
S6369,Store_6369,CENTRAL,Chennai,,India,,RENOVATION
S6370,Store_6370,SOUTH,Indore,TS,,2025-12-21,
,Store_6371,,Hyderabad,WB,India,2024-03-27,OPEN
S6372,Store_6372,NORTH,,TN,,2025-03-26,OPEN
,Store_6373,,Mumbai,KL,India,2025-04-15,CLOSED
S6374,Store_6374,EAST,,MH,India,,OPEN
,Store_6375,NORTH,Indore,MH,India,2023-04-01,
S6376,Store_6376,SOUTH,,RJ,,2022-01-01,OPEN
,,EAST,Mumbai,WB,India,2025-12-04,CLOSED
S6378,Store_6378,SOUTH,Jaipur,,India,,RENOVATION
S6379,,EAST,,TN,India,2024-04-08,CLOSED
S6380,Store_6380,,Bengaluru,MH,,2021-12-06,RENOVATION
S6381,Store_6381,WEST,,MH,,2021-02-13,OPEN
S6382,,WEST,Kolkata,DL,India,,RENOVATION
S6383,Store_6383,,,MP,India,2023-01-20,CLOSED
,Store_6384,CENTRAL,Pune,,India,2022-04-09,OPEN
S6385,,,Hyderabad,RJ,India,2022-10-17,RENOVATION
S6386,Store_6386,SOUTH,Jaipur,WB,,,OPEN
S6387,Store_6387,CENTRAL,Jaipur,,,2024-06-09,CLOSED
S6388,,EAST,Kochi,RJ,India,2023-09-17,
,Store_6389,WEST,,TN,India,2025-09-11,RENOVATION
S6390,Store_6390,EAST,Mumbai,KL,,2023-11-29,
S6391,Store_6391,CENTRAL,Delhi,,India,,RENOVATION
S6392,Store_6392,,Chennai,KA,India,2023-02-12,
S6393,Store_6393,EAST,Bengaluru,,India,,OPEN
S6394,,EAST,Hyderabad,,India,2023-09-01,CLOSED
S6395,Store_6395,,Chennai,MH,,2022-12-15,CLOSED
,Store_6396,EAST,Kolkata,KL,India,,OPEN
S6397,Store_6397,WEST,Pune,DL,,2021-10-15,
S6398,,EAST,Mumbai,WB,India,,CLOSED
,Store_6399,CENTRAL,Jaipur,KL,,2024-09-14,CLOSED
S6400,,NORTH,,WB,India,2025-08-28,OPEN
S6401,Store_6401,,Chennai,MH,India,2021-08-07,
S6402,Store_6402,EAST,,KA,,2025-06-29,OPEN
S6403,Store_6403,,,TN,India,2021-08-27,CLOSED
S6404,,,Hyderabad,WB,India,2025-01-13,OPEN
,Store_6405,EAST,Kolkata,MH,India,,RENOVATION
,Store_6406,CENTRAL,,KA,India,2023-12-15,CLOSED
,,NORTH,Indore,WB,India,2023-11-04,RENOVATION
,Store_6408,CENTRAL,Bengaluru,TN,India,,OPEN
,Store_6409,EAST,,WB,India,2025-09-18,RENOVATION
,Store_6410,WEST,Kochi,KA,India,,OPEN
,Store_6411,EAST,,TS,India,2025-04-05,RENOVATION
S6412,Store_6412,SOUTH,Indore,TN,,,OPEN
,Store_6413,SOUTH,,MP,India,2021-03-28,CLOSED
S6414,Store_6414,,Pune,,India,2025-09-17,OPEN
S6415,Store_6415,,Delhi,,India,2021-04-20,CLOSED
S6416,Store_6416,CENTRAL,Indore,DL,India,,
S6417,,NORTH,Pune,TN,India,,OPEN
S6418,Store_6418,,Indore,RJ,,2025-10-15,RENOVATION
,,NORTH,Jaipur,WB,India,2021-04-22,CLOSED
S6420,Store_6420,CENTRAL,,TN,India,,RENOVATION
S6421,,WEST,Kolkata,DL,,2025-07-24,OPEN
S6422,Store_6422,SOUTH,,KA,,2022-02-06,CLOSED
S6423,Store_6423,CENTRAL,Mumbai,MP,India,,
S6424,Store_6424,,Bengaluru,,India,2024-05-26,CLOSED
S6425,,,Pune,TN,India,2022-06-10,CLOSED
,Store_6426,CENTRAL,,TS,India,2024-12-18,CLOSED
S6427,Store_6427,CENTRAL,,TS,,2022-04-10,CLOSED
S6428,,WEST,Kochi,,India,2021-06-26,RENOVATION
S6429,Store_6429,CENTRAL,Chennai,,,2025-10-21,OPEN
S6430,Store_6430,WEST,Bengaluru,KA,,2024-10-28,
,Store_6431,,Bengaluru,WB,India,2022-08-01,CLOSED
S6432,Store_6432,,Delhi,KA,,2025-05-20,OPEN
,Store_6433,SOUTH,,DL,India,2023-09-23,RENOVATION
S6434,Store_6434,EAST,,MH,India,2021-07-04,
S6435,Store_6435,NORTH,Hyderabad,,,2024-05-20,OPEN
S6436,Store_6436,,Indore,,India,2024-03-28,OPEN
S6437,Store_6437,,Hyderabad,RJ,India,2021-05-05,
S6438,Store_6438,EAST,Hyderabad,KA,,2021-09-15,
S6439,Store_6439,,,KA,India,2021-11-13,CLOSED
,Store_6440,,Chennai,MH,India,2022-04-15,OPEN
S6441,Store_6441,EAST,,,India,2026-01-21,RENOVATION
S6442,,EAST,Hyderabad,,India,2022-04-21,OPEN
S6443,,EAST,Delhi,KA,India,,RENOVATION
S6444,Store_6444,SOUTH,Kochi,MP,,,CLOSED
,,WEST,Kolkata,MP,India,2023-08-26,OPEN
S6446,Store_6446,CENTRAL,,TN,,2023-05-02,RENOVATION
S6447,Store_6447,CENTRAL,Chennai,,,2025-11-25,RENOVATION
,Store_6448,,Chennai,MP,India,2025-03-25,RENOVATION
S6449,Store_6449,SOUTH,,TN,India,2021-09-21,
S6450,Store_6450,WEST,Pune,,India,,OPEN
S6451,,SOUTH,,MP,India,2025-06-06,CLOSED
S6452,Store_6452,,Delhi,KA,India,,CLOSED
S6453,Store_6453,CENTRAL,Chennai,,,2022-02-03,RENOVATION
,Store_6454,NORTH,Kochi,KL,,2025-06-18,RENOVATION
S6455,,EAST,Kochi,,India,2021-09-13,RENOVATION
S6456,Store_6456,WEST,Pune,TN,,2023-06-03,
S6457,,SOUTH,Chennai,,India,2021-04-14,CLOSED
S6458,,NORTH,Jaipur,,India,2021-07-15,RENOVATION
S6459,Store_6459,NORTH,Kochi,,India,2022-12-29,
,Store_6460,CENTRAL,Bengaluru,,India,2024-03-06,RENOVATION
S6461,Store_6461,EAST,Indore,,India,,CLOSED
S6462,Store_6462,WEST,Kolkata,MP,,,CLOSED
S6463,,WEST,,KA,India,2021-02-13,CLOSED
S6464,Store_6464,,Kochi,RJ,,2025-11-29,CLOSED
,Store_6465,SOUTH,,KL,India,2025-08-06,CLOSED
S6466,Store_6466,EAST,Delhi,TS,India,,
S6467,Store_6467,EAST,Pune,,India,2023-05-11,
S6468,Store_6468,SOUTH,Chennai,RJ,India,,
S6469,Store_6469,EAST,Indore,,,2023-10-17,RENOVATION
S6470,Store_6470,EAST,Jaipur,,,2021-06-19,RENOVATION
S6471,Store_6471,,Kochi,MH,India,2024-10-16,
S6472,Store_6472,CENTRAL,Indore,TS,,2022-07-20,
S6473,,EAST,Hyderabad,,India,2025-06-18,RENOVATION
S6474,Store_6474,CENTRAL,Jaipur,WB,,2023-01-20,
S6475,Store_6475,,Chennai,MP,India,2024-03-12,
S6476,Store_6476,EAST,Kochi,WB,,,OPEN
S6477,Store_6477,EAST,,KL,India,,RENOVATION
,Store_6478,,Indore,RJ,India,2021-08-17,CLOSED
S6479,Store_6479,EAST,,DL,,2025-06-16,CLOSED
S6480,Store_6480,SOUTH,,KL,India,2023-02-13,
S6481,Store_6481,,Pune,KL,,2025-11-05,OPEN
,Store_6482,WEST,Pune,DL,India,,OPEN
S6483,Store_6483,WEST,Kolkata,,,2025-02-26,RENOVATION
S6484,,WEST,Chennai,TS,,2024-04-05,CLOSED
,Store_6485,SOUTH,Hyderabad,RJ,India,,RENOVATION
S6486,Store_6486,WEST,Hyderabad,,,2023-06-09,CLOSED
S6487,Store_6487,,,RJ,India,2024-11-26,OPEN
S6488,,SOUTH,Delhi,TN,,2024-02-13,OPEN
S6489,Store_6489,WEST,,RJ,India,2024-03-03,
,Store_6490,SOUTH,Kolkata,KA,,2024-04-15,RENOVATION
,Store_6491,EAST,Indore,TS,India,,OPEN
S6492,Store_6492,EAST,Indore,KL,,2024-02-28,
S6493,Store_6493,WEST,Delhi,,India,2024-09-08,
S6494,Store_6494,WEST,Jaipur,KL,,,CLOSED
S6495,Store_6495,EAST,Mumbai,,India,2025-07-08,
,Store_6496,,Kolkata,DL,India,2025-11-02,OPEN
S6497,Store_6497,SOUTH,Delhi,RJ,,2023-01-12,
S6498,Store_6498,NORTH,,TN,India,2023-11-07,
S6499,,CENTRAL,Bengaluru,KL,India,,RENOVATION
,Store_6500,CENTRAL,Hyderabad,,India,2021-09-27,OPEN
,Store_6501,CENTRAL,Mumbai,MP,India,,OPEN
S6502,,WEST,Pune,,India,2021-06-29,RENOVATION
,Store_6503,NORTH,Bengaluru,,India,2022-02-24,OPEN
S6504,,WEST,Pune,TN,,2023-11-26,CLOSED
S6505,Store_6505,,Kolkata,RJ,,2022-06-19,CLOSED
S6506,Store_6506,CENTRAL,,,India,2026-01-10,RENOVATION
S6507,Store_6507,EAST,Kolkata,KA,,,RENOVATION
S6508,,,Delhi,WB,India,2021-06-17,OPEN
S6509,Store_6509,WEST,,,India,2024-02-25,CLOSED
S6510,,,Indore,WB,India,2023-10-05,CLOSED
S6511,Store_6511,SOUTH,Mumbai,KL,India,,
S6512,Store_6512,CENTRAL,,TN,India,,CLOSED
S6513,Store_6513,,,MP,India,2021-06-09,CLOSED
S6514,Store_6514,NORTH,Indore,,India,2021-02-24,
S6515,Store_6515,,Jaipur,WB,India,2022-05-24,
S6516,Store_6516,NORTH,,KA,India,2024-08-16,
S6517,,NORTH,Kolkata,KL,India,,RENOVATION
,Store_6518,CENTRAL,Kochi,TN,,2025-11-03,RENOVATION
S6519,Store_6519,WEST,Bengaluru,,,2021-08-27,RENOVATION
S6520,,,Kolkata,RJ,India,2024-05-17,RENOVATION
S6521,,CENTRAL,Kolkata,TN,,2025-08-29,RENOVATION
S6522,Store_6522,WEST,,MH,India,2021-10-10,
S6523,Store_6523,,Chennai,,India,2021-08-04,OPEN
S6524,,EAST,Kolkata,MH,,2024-03-05,RENOVATION
S6525,Store_6525,WEST,Bengaluru,RJ,,,CLOSED
,Store_6526,,Kolkata,MH,India,2022-03-14,OPEN
S6527,Store_6527,SOUTH,Hyderabad,KA,,,RENOVATION
,Store_6528,WEST,,MH,India,2025-04-13,OPEN
S6529,Store_6529,EAST,,,India,2022-11-08,RENOVATION
S6530,Store_6530,,Chennai,DL,India,2024-08-31,
S6531,,SOUTH,Pune,TS,,2025-06-28,RENOVATION
S6532,Store_6532,,Kochi,MP,India,2024-04-15,
,Store_6533,,Jaipur,TN,India,2023-09-30,OPEN
,,EAST,Bengaluru,TN,India,2025-06-23,OPEN
,Store_6535,,Hyderabad,TN,India,2021-07-23,OPEN
S6536,Store_6536,CENTRAL,Jaipur,,India,2025-07-05,
S6537,Store_6537,,Delhi,RJ,,2024-07-13,RENOVATION
,Store_6538,CENTRAL,Kolkata,KL,India,2024-04-23,
S6539,Store_6539,,,DL,India,2023-10-17,RENOVATION
S6540,Store_6540,NORTH,Jaipur,,India,2023-04-09,
S6541,Store_6541,EAST,,WB,India,2023-03-01,
,Store_6542,EAST,,TS,India,2023-08-26,CLOSED
S6543,,CENTRAL,Delhi,MP,India,,CLOSED
S6544,Store_6544,WEST,Jaipur,RJ,,2022-05-02,
S6545,Store_6545,WEST,,WB,India,,CLOSED
,Store_6546,EAST,Chennai,DL,,2021-02-05,OPEN
,,WEST,Indore,TS,India,2023-09-29,CLOSED
,Store_6548,SOUTH,,MP,India,2025-09-15,RENOVATION
S6549,,,Kochi,WB,India,2025-03-29,CLOSED
,Store_6550,CENTRAL,Kochi,KA,India,2022-03-16,
S6551,,SOUTH,,KA,India,2024-09-02,CLOSED
S6552,Store_6552,NORTH,,WB,India,2023-08-19,
S6553,,SOUTH,Hyderabad,RJ,India,,RENOVATION
S6554,Store_6554,,Mumbai,KA,,2025-09-20,CLOSED
S6555,,CENTRAL,,TN,India,2024-06-03,OPEN
S6556,Store_6556,NORTH,Pune,KL,,,CLOSED
S6557,Store_6557,EAST,Kochi,,India,2021-11-20,
S6558,Store_6558,WEST,Jaipur,WB,,,OPEN
S6559,Store_6559,EAST,Kolkata,,India,2022-04-09,
,Store_6560,,Kochi,TS,India,2023-04-06,CLOSED
S6561,Store_6561,,,MP,India,2023-01-16,RENOVATION
S6562,Store_6562,,Mumbai,MP,,2022-10-11,CLOSED
S6563,Store_6563,EAST,Jaipur,MP,India,,
S6564,Store_6564,CENTRAL,Jaipur,TS,,2025-03-09,
S6565,,EAST,,RJ,India,2025-03-21,RENOVATION
S6566,Store_6566,SOUTH,,TN,India,,RENOVATION
S6567,,,Indore,RJ,India,2024-07-21,OPEN
,Store_6568,WEST,Mumbai,WB,India,2026-01-29,
,,NORTH,Pune,DL,India,2025-05-20,CLOSED
S6570,,EAST,Indore,RJ,,2024-10-17,OPEN
S6571,,WEST,Kochi,WB,,2022-10-26,OPEN
S6572,Store_6572,,,MP,India,2023-06-25,RENOVATION
S6573,Store_6573,EAST,Indore,,India,,RENOVATION
S6574,,NORTH,Pune,,India,2025-12-28,CLOSED
S6575,Store_6575,SOUTH,Chennai,,,2021-07-07,OPEN
S6576,Store_6576,CENTRAL,Hyderabad,MP,India,,
,Store_6577,SOUTH,,MH,India,2022-12-30,OPEN
,Store_6578,EAST,Mumbai,,India,2023-11-30,CLOSED
S6579,,,Indore,KA,India,2025-12-21,OPEN
,Store_6580,NORTH,Kolkata,TN,,2025-10-16,OPEN
,Store_6581,SOUTH,Delhi,TN,India,,RENOVATION
S6582,,NORTH,Delhi,,India,2023-02-21,RENOVATION
S6583,Store_6583,WEST,Mumbai,,India,2021-10-21,
S6584,Store_6584,,Hyderabad,,India,2023-02-23,OPEN
S6585,Store_6585,CENTRAL,,DL,India,2023-04-01,
S6586,,SOUTH,Chennai,WB,India,2023-08-27,
,Store_6587,WEST,,MH,India,2021-09-04,CLOSED
S6588,Store_6588,,,DL,India,2024-03-01,OPEN
,,SOUTH,Hyderabad,KA,India,2025-05-21,CLOSED
S6590,Store_6590,WEST,Indore,,India,,RENOVATION
S6591,,WEST,Hyderabad,,India,2023-03-19,RENOVATION
S6592,Store_6592,CENTRAL,Mumbai,DL,,2022-04-25,
S6593,Store_6593,,Delhi,KL,,2023-07-04,OPEN
,Store_6594,SOUTH,,TN,India,2024-08-29,RENOVATION
S6595,,SOUTH,Hyderabad,,India,2023-12-17,RENOVATION
,Store_6596,SOUTH,Indore,RJ,,2024-10-06,RENOVATION
S6597,Store_6597,,Hyderabad,KA,,2023-07-11,OPEN
S6598,Store_6598,WEST,Pune,,India,2022-04-26,
S6599,,EAST,Delhi,MH,India,,RENOVATION
S6600,Store_6600,,Mumbai,KA,,2025-05-30,RENOVATION
S6601,Store_6601,CENTRAL,,WB,India,2026-01-31,
S6602,Store_6602,NORTH,,DL,India,2023-05-20,
S6603,Store_6603,EAST,,RJ,India,,CLOSED
S6604,Store_6604,SOUTH,,WB,India,2025-03-05,
S6605,Store_6605,EAST,Jaipur,,India,,CLOSED
S6606,Store_6606,NORTH,Mumbai,WB,,2024-09-23,
S6607,,SOUTH,Kolkata,MH,India,,OPEN
S6608,,EAST,Jaipur,DL,,2021-11-17,CLOSED
S6609,,CENTRAL,Mumbai,,India,2024-08-06,OPEN
,Store_6610,,Delhi,DL,India,2023-01-03,RENOVATION
S6611,,CENTRAL,Delhi,WB,,2025-12-21,CLOSED
S6612,Store_6612,,,TN,India,2022-11-16,OPEN
S6613,Store_6613,CENTRAL,,MH,India,2022-11-01,
S6614,,WEST,Indore,MH,India,2021-07-05,
,Store_6615,,Chennai,TS,India,2024-04-07,RENOVATION
S6616,Store_6616,EAST,Pune,,India,,OPEN
S6617,Store_6617,NORTH,,TS,India,,RENOVATION
S6618,,NORTH,Mumbai,KL,India,2021-05-06,
S6619,,CENTRAL,Bengaluru,DL,,2025-09-27,RENOVATION
,Store_6620,WEST,Pune,,India,2022-05-27,CLOSED
S6621,Store_6621,SOUTH,,RJ,,2024-01-22,CLOSED
,Store_6622,SOUTH,Pune,TS,India,,CLOSED
S6623,Store_6623,,Kolkata,MH,India,,CLOSED
S6624,Store_6624,NORTH,Indore,RJ,,2022-06-13,
S6625,,WEST,Jaipur,MH,,2024-12-14,OPEN
,Store_6626,CENTRAL,Kolkata,KA,,2025-04-11,CLOSED
S6627,Store_6627,WEST,Indore,,India,,OPEN
,Store_6628,,Hyderabad,KL,India,2025-06-09,CLOSED
S6629,Store_6629,,Delhi,TS,India,2024-01-04,
S6630,Store_6630,EAST,Hyderabad,TS,,2023-05-12,
S6631,Store_6631,,,MH,India,2023-10-17,RENOVATION
,Store_6632,WEST,Indore,KA,India,,RENOVATION
S6633,,NORTH,Mumbai,,India,2024-07-29,RENOVATION
S6634,Store_6634,NORTH,Pune,,India,2023-07-13,
S6635,,,Jaipur,RJ,India,2023-04-27,RENOVATION
S6636,Store_6636,EAST,,TN,,2025-08-12,CLOSED
S6637,,WEST,Mumbai,,India,2023-11-15,OPEN
,Store_6638,,Delhi,KL,India,2022-01-08,CLOSED
S6639,Store_6639,WEST,,MH,India,,CLOSED
,Store_6640,WEST,,WB,India,2023-01-05,OPEN
S6641,,CENTRAL,Hyderabad,,India,2021-11-21,CLOSED
,Store_6642,,Kolkata,TS,India,2021-08-23,CLOSED
S6643,Store_6643,,Mumbai,RJ,,2022-05-12,RENOVATION
S6644,Store_6644,SOUTH,Indore,WB,,,OPEN
,,SOUTH,Pune,TN,India,2023-08-11,CLOSED
S6646,Store_6646,,Mumbai,KA,India,,RENOVATION
S6647,Store_6647,NORTH,Chennai,TN,,2024-01-07,
S6648,,EAST,Indore,,India,2023-05-19,CLOSED
S6649,Store_6649,CENTRAL,Delhi,,India,,CLOSED
S6650,Store_6650,,Mumbai,WB,India,2024-12-15,
,Store_6651,EAST,Kochi,MH,India,2021-06-28,
S6652,Store_6652,,,MP,India,2022-01-08,OPEN
S6653,,,Kochi,MH,India,2022-11-06,OPEN
,Store_6654,CENTRAL,,TS,India,2022-07-27,CLOSED
S6655,Store_6655,,Hyderabad,,India,2021-11-08,RENOVATION
S6656,Store_6656,,Pune,KA,India,2024-02-25,
S6657,Store_6657,,Mumbai,,India,2021-09-11,CLOSED
,Store_6658,WEST,Pune,MH,India,,OPEN
,Store_6659,SOUTH,Pune,,India,2022-05-30,RENOVATION
,,WEST,Pune,MP,India,2021-03-31,CLOSED
S6661,Store_6661,NORTH,,WB,India,2021-10-22,
,Store_6662,WEST,,TN,India,2024-01-15,CLOSED
,Store_6663,EAST,Bengaluru,KA,India,2025-11-23,
S6664,Store_6664,,Mumbai,,India,2025-10-31,OPEN
S6665,Store_6665,EAST,Delhi,TN,India,,
S6666,,EAST,Bengaluru,TN,India,2024-09-25,
S6667,Store_6667,,Kolkata,TN,India,2022-09-06,
S6668,Store_6668,,Kolkata,WB,India,2024-07-06,
S6669,Store_6669,CENTRAL,,MP,,2023-08-26,OPEN
S6670,Store_6670,EAST,,,India,2025-11-01,CLOSED
S6671,Store_6671,,Pune,DL,India,2023-04-20,
S6672,Store_6672,NORTH,Mumbai,,India,,CLOSED
S6673,Store_6673,WEST,,,India,2025-03-13,OPEN
S6674,,CENTRAL,Mumbai,WB,India,,CLOSED
,Store_6675,WEST,,DL,India,2026-01-31,RENOVATION
S6676,Store_6676,NORTH,Hyderabad,MP,India,,
S6677,Store_6677,,Pune,KA,,2025-02-27,CLOSED
S6678,,SOUTH,Indore,,India,2022-07-16,CLOSED
S6679,Store_6679,,Pune,WB,India,2025-02-26,
S6680,,CENTRAL,Bengaluru,WB,India,2022-08-14,
,Store_6681,SOUTH,,KL,India,2021-12-05,CLOSED
S6682,Store_6682,WEST,,MH,India,2021-03-16,
,Store_6683,CENTRAL,Jaipur,TS,India,2024-06-17,
S6684,Store_6684,,Bengaluru,MH,India,,CLOSED
S6685,Store_6685,NORTH,Mumbai,,India,,RENOVATION
,,SOUTH,Kochi,KL,India,2021-08-03,CLOSED
S6687,Store_6687,CENTRAL,Delhi,RJ,India,,
S6688,Store_6688,WEST,Kochi,,,2025-07-11,RENOVATION
S6689,Store_6689,NORTH,,TS,India,,CLOSED
,Store_6690,CENTRAL,,TN,India,2024-04-30,RENOVATION
S6691,Store_6691,,Mumbai,KA,India,,RENOVATION
S6692,,,Bengaluru,KA,India,2025-05-30,RENOVATION
S6693,,NORTH,Pune,KL,India,,OPEN
S6694,Store_6694,,Delhi,TS,India,2024-02-09,
S6695,,SOUTH,Jaipur,TS,,2021-07-22,OPEN
S6696,Store_6696,EAST,,TS,India,,RENOVATION
,Store_6697,WEST,Mumbai,,India,2024-05-22,CLOSED
S6698,,SOUTH,Jaipur,KL,India,,OPEN
S6699,Store_6699,SOUTH,Jaipur,RJ,,2021-09-14,
,Store_6700,EAST,Kochi,KA,India,,RENOVATION
S6701,Store_6701,,Bengaluru,MP,,2021-07-18,OPEN
,Store_6702,SOUTH,Indore,MP,India,,CLOSED
S6703,Store_6703,CENTRAL,,TS,,2021-10-12,OPEN
S6704,,,Hyderabad,MP,India,2024-09-09,RENOVATION
S6705,,NORTH,Mumbai,WB,India,2021-10-13,
S6706,Store_6706,WEST,,MP,India,2021-04-08,
,Store_6707,CENTRAL,Pune,TN,India,,CLOSED
S6708,,SOUTH,Pune,,India,2023-03-13,CLOSED
S6709,Store_6709,CENTRAL,Kochi,,India,,OPEN
S6710,,SOUTH,Pune,MH,India,,RENOVATION
,,WEST,Bengaluru,TS,India,2024-10-16,RENOVATION
S6712,,,Jaipur,MH,India,2022-11-08,CLOSED
,Store_6713,,Indore,WB,India,2024-01-24,OPEN
,Store_6714,CENTRAL,Kochi,WB,India,2023-10-24,
,,CENTRAL,Delhi,MP,India,2025-10-21,CLOSED
S6716,Store_6716,,,MH,India,2021-02-22,CLOSED
S6717,Store_6717,CENTRAL,Delhi,DL,,,RENOVATION
,,NORTH,Mumbai,KL,India,2025-01-10,RENOVATION
S6719,,NORTH,Mumbai,TS,India,,CLOSED
S6720,Store_6720,CENTRAL,,TN,,2023-10-11,OPEN
S6721,Store_6721,,Indore,WB,India,,CLOSED
S6722,Store_6722,CENTRAL,Chennai,,India,2023-07-02,
S6723,Store_6723,EAST,,DL,India,,RENOVATION
S6724,Store_6724,SOUTH,,MP,India,2024-03-23,
S6725,Store_6725,SOUTH,,,India,2022-12-01,OPEN
,Store_6726,SOUTH,Mumbai,KA,India,2024-03-24,
,Store_6727,SOUTH,,DL,India,2022-01-16,OPEN
S6728,Store_6728,SOUTH,Bengaluru,,India,2021-04-05,
S6729,Store_6729,NORTH,Kochi,,India,,OPEN
S6730,Store_6730,,,MP,India,2022-04-04,RENOVATION
S6731,Store_6731,EAST,Delhi,WB,India,,
,,CENTRAL,Jaipur,MH,India,2024-06-04,RENOVATION
S6733,,,Delhi,KL,India,2022-04-17,CLOSED
S6734,,WEST,Hyderabad,DL,India,2024-12-05,
S6735,,NORTH,Jaipur,KA,India,2021-09-02,
S6736,Store_6736,CENTRAL,,WB,India,2024-10-20,
S6737,,NORTH,,TS,India,2025-04-27,OPEN
S6738,Store_6738,WEST,Kolkata,RJ,,,RENOVATION
S6739,Store_6739,NORTH,Indore,,India,,OPEN
S6740,,SOUTH,Chennai,,India,2024-09-13,RENOVATION
S6741,,WEST,Bengaluru,KL,India,,RENOVATION
S6742,Store_6742,WEST,Pune,KL,,2022-05-07,
S6743,Store_6743,EAST,Hyderabad,TS,,,CLOSED
,Store_6744,NORTH,Jaipur,,India,2022-10-22,RENOVATION
,Store_6745,,Kochi,RJ,India,2023-05-19,CLOSED
S6746,,SOUTH,Chennai,DL,India,,OPEN
S6747,,SOUTH,Jaipur,MH,India,,OPEN
S6748,Store_6748,SOUTH,Bengaluru,,India,,CLOSED
,Store_6749,NORTH,,DL,India,2025-08-12,CLOSED
,Store_6750,NORTH,,MP,India,2022-06-28,CLOSED
,,EAST,Jaipur,MP,India,2023-03-09,OPEN
S6752,Store_6752,CENTRAL,Delhi,,India,,OPEN
S6753,Store_6753,SOUTH,Hyderabad,TS,,,OPEN
S6754,Store_6754,SOUTH,Hyderabad,TN,,2022-03-25,
S6755,Store_6755,,,RJ,India,2021-12-04,OPEN
S6756,Store_6756,CENTRAL,Delhi,MP,,2021-06-13,
S6757,Store_6757,SOUTH,,TN,India,2023-11-09,
,Store_6758,,Bengaluru,DL,India,2022-01-25,OPEN
,Store_6759,CENTRAL,,RJ,India,2021-12-02,OPEN
,Store_6760,NORTH,Indore,KL,,2024-06-16,OPEN
,Store_6761,WEST,Indore,,India,2024-01-19,OPEN
,Store_6762,EAST,Chennai,KA,India,,OPEN
S6763,Store_6763,,Indore,TS,India,2024-12-29,
S6764,Store_6764,,Chennai,KA,,2023-03-07,OPEN
,Store_6765,EAST,Bengaluru,,India,2025-04-18,CLOSED
S6766,Store_6766,,Delhi,KL,India,2023-10-05,
S6767,,WEST,Kolkata,,India,2022-05-14,CLOSED
,Store_6768,NORTH,,MP,India,2023-02-25,CLOSED
,Store_6769,WEST,,KL,India,2023-04-27,OPEN
S6770,Store_6770,,Indore,RJ,India,,RENOVATION
,Store_6771,CENTRAL,Bengaluru,,India,2021-02-24,RENOVATION
,Store_6772,WEST,,RJ,India,2021-11-03,CLOSED
S6773,,NORTH,,TS,India,2022-08-02,CLOSED
S6774,Store_6774,,Delhi,RJ,India,,CLOSED
S6775,Store_6775,,Mumbai,TN,India,,OPEN
S6776,Store_6776,WEST,Bengaluru,,India,,CLOSED
S6777,,WEST,Kolkata,MP,India,,OPEN
S6778,Store_6778,EAST,Hyderabad,WB,,,CLOSED
S6779,Store_6779,,,KA,India,2022-09-08,CLOSED
S6780,Store_6780,NORTH,Chennai,,,2023-02-10,RENOVATION
S6781,Store_6781,,,WB,India,2024-07-10,OPEN
S6782,,EAST,Kochi,,India,2023-02-15,RENOVATION
,Store_6783,NORTH,Kochi,DL,India,2024-11-27,
S6784,Store_6784,NORTH,Hyderabad,,India,,RENOVATION
,Store_6785,NORTH,Bengaluru,KL,,2024-07-20,OPEN
S6786,Store_6786,,Jaipur,RJ,India,2024-07-03,
,Store_6787,WEST,Chennai,TN,India,,OPEN
,Store_6788,NORTH,Mumbai,RJ,,2021-09-05,CLOSED
,,SOUTH,Pune,MH,India,2025-07-03,CLOSED
S6790,,,Jaipur,TN,India,2024-10-20,CLOSED
S6791,Store_6791,WEST,Kochi,KA,,2023-04-16,
S6792,,CENTRAL,Delhi,MP,,2022-10-14,CLOSED
,Store_6793,NORTH,,MP,India,2022-05-29,RENOVATION
,Store_6794,,Kochi,KA,India,2025-05-14,RENOVATION
,Store_6795,SOUTH,,TN,India,2021-02-21,OPEN
,Store_6796,SOUTH,Hyderabad,,India,2023-09-14,OPEN
S6797,Store_6797,NORTH,,DL,,2022-12-30,RENOVATION
S6798,,NORTH,,WB,India,2023-10-25,CLOSED
S6799,Store_6799,WEST,,,India,2025-10-28,OPEN
S6800,,SOUTH,Mumbai,KL,,2021-09-17,CLOSED
,Store_6801,EAST,Bengaluru,MH,India,,OPEN
,Store_6802,WEST,Bengaluru,KL,India,2023-10-11,
,Store_6803,EAST,Pune,MP,India,2023-01-30,
S6804,Store_6804,SOUTH,Kolkata,TN,,2025-10-10,
,Store_6805,EAST,Mumbai,MH,India,2021-08-10,
S6806,Store_6806,WEST,Delhi,TS,,2024-07-12,
S6807,Store_6807,EAST,,RJ,India,,RENOVATION
S6808,,,Hyderabad,MH,India,2025-11-06,CLOSED
S6809,Store_6809,CENTRAL,Indore,,India,2025-06-02,
S6810,Store_6810,,,MH,India,2023-02-03,RENOVATION
,Store_6811,EAST,,TS,India,2024-09-29,RENOVATION
,Store_6812,NORTH,Mumbai,KA,India,2022-03-09,
S6813,Store_6813,,Pune,,India,2025-12-03,OPEN
,Store_6814,CENTRAL,Pune,KL,India,,OPEN
,Store_6815,EAST,Pune,KL,India,,CLOSED
,Store_6816,WEST,Indore,RJ,,2021-02-13,CLOSED
S6817,Store_6817,WEST,Kolkata,,,2025-05-04,CLOSED
S6818,Store_6818,,Hyderabad,RJ,India,2025-04-13,
,Store_6819,,Bengaluru,TS,India,2024-12-18,CLOSED
S6820,Store_6820,CENTRAL,,MP,,2024-08-10,OPEN
S6821,Store_6821,SOUTH,,TS,,2025-02-02,CLOSED
S6822,,WEST,Pune,MH,India,2025-05-04,
S6823,Store_6823,SOUTH,,WB,India,,OPEN
,,CENTRAL,Indore,RJ,India,2023-05-31,RENOVATION
,Store_6825,EAST,Delhi,KA,,2022-01-12,CLOSED
S6826,Store_6826,CENTRAL,Mumbai,,India,2024-07-29,
S6827,Store_6827,NORTH,,TS,,2025-01-10,OPEN
S6828,Store_6828,CENTRAL,,,India,2022-04-02,RENOVATION
S6829,,WEST,,RJ,India,2021-12-31,OPEN
S6830,Store_6830,,Kolkata,RJ,India,,CLOSED
S6831,,CENTRAL,Kochi,DL,,2023-09-08,OPEN
S6832,Store_6832,WEST,Kolkata,,India,2023-07-23,
S6833,Store_6833,NORTH,Kochi,,India,2022-07-26,
S6834,,NORTH,Mumbai,MP,India,2022-03-31,
S6835,,WEST,Delhi,,India,2024-04-01,OPEN
S6836,Store_6836,,Jaipur,MH,India,2024-09-28,
S6837,Store_6837,EAST,Chennai,RJ,India,,
,Store_6838,EAST,,WB,India,2024-06-28,CLOSED
,Store_6839,NORTH,Kochi,RJ,India,,RENOVATION
S6840,Store_6840,,Chennai,MH,,2025-09-09,RENOVATION
S6841,,NORTH,Jaipur,KL,,2024-01-09,RENOVATION
S6842,Store_6842,,Jaipur,TN,India,,CLOSED
S6843,Store_6843,CENTRAL,Kochi,DL,,,OPEN
S6844,Store_6844,EAST,Mumbai,,India,,OPEN
S6845,Store_6845,CENTRAL,Pune,MP,,2022-09-05,
S6846,Store_6846,SOUTH,,DL,India,,RENOVATION
,Store_6847,CENTRAL,Pune,WB,,2023-06-13,RENOVATION
S6848,,NORTH,Jaipur,KL,,2021-03-20,RENOVATION
S6849,Store_6849,EAST,Kolkata,TS,India,,
S6850,Store_6850,SOUTH,Indore,MH,India,,
S6851,,NORTH,Mumbai,MH,,2023-02-20,RENOVATION
S6852,,SOUTH,Pune,RJ,India,,RENOVATION
,Store_6853,WEST,,MH,India,2025-11-06,RENOVATION
S6854,,EAST,Bengaluru,WB,India,2026-01-01,
S6855,Store_6855,NORTH,Kochi,DL,,2023-06-13,
S6856,,WEST,Bengaluru,TN,India,,RENOVATION
S6857,Store_6857,CENTRAL,Bengaluru,MH,,2023-02-23,
,Store_6858,NORTH,Mumbai,WB,India,2021-06-05,
S6859,Store_6859,EAST,Bengaluru,TS,,,CLOSED
,,EAST,Pune,MP,India,2024-02-17,OPEN
S6861,,EAST,Hyderabad,TS,India,2023-12-27,
S6862,Store_6862,,Chennai,WB,,2025-03-30,OPEN
,,CENTRAL,Pune,DL,India,2021-08-10,RENOVATION
S6864,Store_6864,NORTH,,KA,,2024-08-22,OPEN
S6865,,NORTH,Bengaluru,MP,India,,OPEN
,Store_6866,SOUTH,Kochi,,India,2026-01-02,OPEN
,Store_6867,EAST,Indore,RJ,India,2021-11-13,
S6868,,SOUTH,,TS,India,2021-03-04,OPEN
S6869,,EAST,,TN,India,2024-01-31,OPEN
S6870,Store_6870,EAST,Chennai,WB,,,RENOVATION
,Store_6871,,Jaipur,TS,India,2023-09-16,CLOSED
S6872,,EAST,Jaipur,MP,India,,CLOSED
S6873,Store_6873,,Bengaluru,RJ,India,2022-07-06,
S6874,,EAST,,KL,India,2023-12-14,CLOSED
,Store_6875,CENTRAL,Chennai,KL,India,,RENOVATION
S6876,,SOUTH,Bengaluru,MP,India,,RENOVATION
,Store_6877,,Kochi,TN,India,2022-01-23,CLOSED
S6878,Store_6878,WEST,Hyderabad,,India,2025-06-19,
S6879,Store_6879,SOUTH,,RJ,India,2021-04-18,
,Store_6880,CENTRAL,Chennai,WB,India,2022-06-28,
,,EAST,Kochi,DL,India,2024-10-23,OPEN
,Store_6882,EAST,,MP,India,2022-02-02,CLOSED
,Store_6883,SOUTH,Bengaluru,MH,India,2022-10-13,
,Store_6884,CENTRAL,Bengaluru,MP,India,,OPEN
S6885,Store_6885,,Chennai,RJ,India,,OPEN
,Store_6886,CENTRAL,Indore,WB,India,,CLOSED
,Store_6887,WEST,Hyderabad,KA,India,2022-10-21,
S6888,Store_6888,EAST,Indore,,India,2023-02-19,
S6889,Store_6889,NORTH,,TS,,2023-11-08,CLOSED
S6890,,NORTH,,KA,India,2025-09-14,OPEN
S6891,Store_6891,CENTRAL,,TS,India,2024-10-13,
,Store_6892,,Bengaluru,WB,India,2024-03-27,CLOSED
S6893,Store_6893,CENTRAL,Pune,KL,,2025-05-28,
S6894,Store_6894,EAST,Mumbai,,India,2023-12-24,
S6895,Store_6895,,Bengaluru,RJ,India,2021-07-08,
S6896,Store_6896,NORTH,,KL,,2023-02-28,OPEN
S6897,,WEST,Pune,MH,,2024-06-14,CLOSED
,Store_6898,EAST,,KA,India,2025-11-09,CLOSED
S6899,Store_6899,,Indore,TS,,2024-10-23,CLOSED
,Store_6900,EAST,Hyderabad,TS,India,,RENOVATION
S6901,Store_6901,,Kolkata,DL,India,2024-05-08,
,Store_6902,SOUTH,,WB,India,2022-06-05,CLOSED
S6903,Store_6903,EAST,,,India,2024-11-14,RENOVATION
S6904,Store_6904,SOUTH,,KA,India,2025-10-04,
S6905,,CENTRAL,,MP,India,2025-10-12,OPEN
,Store_6906,,Mumbai,TN,India,2023-05-25,RENOVATION
S6907,,NORTH,Mumbai,MP,India,2024-11-19,
S6908,,CENTRAL,Jaipur,KL,India,2022-08-04,
,,NORTH,Mumbai,KL,India,2024-04-26,CLOSED
S6910,Store_6910,EAST,Bengaluru,,,2021-07-11,CLOSED
S6911,Store_6911,,Indore,DL,India,2025-03-09,
S6912,Store_6912,CENTRAL,,KA,India,2024-08-06,
S6913,Store_6913,,Mumbai,,India,2022-06-09,CLOSED
S6914,Store_6914,EAST,Mumbai,TN,,2024-06-13,
,Store_6915,NORTH,Bengaluru,KA,India,,CLOSED
,Store_6916,SOUTH,,MP,India,2021-09-05,OPEN
,Store_6917,CENTRAL,,KA,India,2025-08-15,OPEN
S6918,,NORTH,Indore,WB,,2025-06-20,RENOVATION
S6919,Store_6919,WEST,Delhi,,India,,RENOVATION
,Store_6920,SOUTH,Kochi,DL,India,2025-11-08,
S6921,,,Kolkata,KA,India,2021-04-30,OPEN
S6922,Store_6922,EAST,,DL,India,2025-03-07,
S6923,,EAST,,WB,India,2025-04-02,OPEN
,Store_6924,SOUTH,Mumbai,TS,,2022-05-04,RENOVATION
,Store_6925,,Delhi,RJ,India,2022-03-14,OPEN
S6926,Store_6926,EAST,,KL,India,,RENOVATION
S6927,,WEST,Kolkata,MP,India,2022-04-08,
S6928,Store_6928,WEST,Delhi,,India,,CLOSED
S6929,Store_6929,,Kolkata,MH,,2024-12-14,OPEN
S6930,,WEST,Bengaluru,MH,India,2025-09-27,
S6931,,,Pune,RJ,India,2022-04-24,OPEN
,,EAST,Mumbai,MH,India,2022-03-18,CLOSED
S6933,Store_6933,SOUTH,Delhi,MH,India,,
S6934,,NORTH,,RJ,India,2021-11-30,CLOSED
S6935,Store_6935,NORTH,,WB,India,,OPEN
S6936,Store_6936,WEST,,,India,2026-01-12,OPEN
S6937,Store_6937,NORTH,,RJ,India,,CLOSED
S6938,,CENTRAL,Pune,RJ,India,2021-07-30,
,Store_6939,CENTRAL,,RJ,India,2023-01-04,CLOSED
S6940,Store_6940,NORTH,,RJ,India,2021-04-05,
S6941,Store_6941,NORTH,Delhi,MH,,,OPEN
S6942,Store_6942,,Kolkata,,India,2022-03-18,CLOSED
,Store_6943,EAST,Pune,,India,2023-07-06,CLOSED
,,EAST,Pune,DL,India,2022-06-18,RENOVATION
S6945,Store_6945,SOUTH,,KL,India,,OPEN
,Store_6946,WEST,Hyderabad,RJ,India,2023-02-22,
S6947,Store_6947,CENTRAL,Kochi,KL,,2023-12-05,
S6948,Store_6948,CENTRAL,,MH,,2025-01-08,RENOVATION
,Store_6949,SOUTH,Jaipur,RJ,,2026-01-01,RENOVATION
S6950,,,Chennai,WB,India,2023-07-31,RENOVATION
S6951,Store_6951,,Hyderabad,TN,India,,RENOVATION
S6952,Store_6952,,Indore,,India,2025-02-02,OPEN
S6953,Store_6953,SOUTH,Chennai,,,2023-11-15,OPEN
S6954,,CENTRAL,Kolkata,RJ,,2024-09-10,RENOVATION
,Store_6955,,Chennai,DL,India,2022-02-10,CLOSED
S6956,Store_6956,EAST,Hyderabad,MP,India,,
S6957,Store_6957,NORTH,Kochi,,India,,OPEN
S6958,Store_6958,,Delhi,,India,2021-08-16,RENOVATION
S6959,Store_6959,,Bengaluru,TS,,2022-02-27,RENOVATION
,Store_6960,SOUTH,Jaipur,,India,2024-08-22,RENOVATION
S6961,Store_6961,CENTRAL,,WB,India,2025-06-01,
,Store_6962,,Indore,RJ,India,2024-08-22,RENOVATION
S6963,Store_6963,NORTH,,MH,,2021-11-11,CLOSED
S6964,Store_6964,NORTH,,DL,India,2021-12-25,
S6965,,CENTRAL,Kolkata,,India,2021-08-15,OPEN
S6966,Store_6966,,,MP,India,2023-05-05,CLOSED
,Store_6967,CENTRAL,Jaipur,RJ,,2023-01-08,CLOSED
,Store_6968,NORTH,Jaipur,WB,India,,OPEN
S6969,Store_6969,CENTRAL,,,India,2024-05-27,CLOSED
,Store_6970,CENTRAL,Jaipur,KA,,2023-09-08,CLOSED
,Store_6971,,Kochi,KL,India,2023-12-27,OPEN
S6972,Store_6972,SOUTH,Pune,WB,India,,
,Store_6973,EAST,,MH,India,2024-09-08,OPEN
S6974,Store_6974,WEST,Hyderabad,DL,,2024-01-27,
S6975,Store_6975,WEST,Pune,WB,,,RENOVATION
S6976,Store_6976,SOUTH,,KL,,2021-06-06,CLOSED
S6977,Store_6977,,Chennai,TN,India,2023-12-04,
S6978,Store_6978,,Indore,RJ,,2023-09-02,OPEN
S6979,,SOUTH,Jaipur,MP,India,,RENOVATION
S6980,Store_6980,,Pune,,India,2025-06-16,CLOSED
S6981,,WEST,Mumbai,KL,,2023-12-04,OPEN
S6982,Store_6982,CENTRAL,,KL,India,,RENOVATION
S6983,Store_6983,SOUTH,Mumbai,RJ,,,RENOVATION
S6984,Store_6984,EAST,Mumbai,,India,,OPEN
S6985,,SOUTH,Indore,TN,India,,CLOSED
S6986,Store_6986,EAST,Delhi,,India,,OPEN
S6987,Store_6987,SOUTH,,,India,2024-06-05,RENOVATION
,Store_6988,NORTH,,KA,India,2025-05-10,CLOSED
S6989,Store_6989,EAST,Hyderabad,,,2021-11-30,OPEN
S6990,Store_6990,EAST,,DL,India,2022-02-05,
S6991,Store_6991,CENTRAL,,TN,,2022-06-23,CLOSED
S6992,Store_6992,NORTH,Delhi,KL,,,RENOVATION
,Store_6993,CENTRAL,Kochi,KA,India,,CLOSED
S6994,Store_6994,,,KA,India,2024-06-22,CLOSED
S6995,Store_6995,SOUTH,,TN,India,2024-08-01,
S6996,Store_6996,SOUTH,Mumbai,,India,2021-03-27,
S6997,Store_6997,NORTH,Kolkata,,,2021-04-22,RENOVATION
S6998,Store_6998,CENTRAL,Kolkata,,,2022-07-30,RENOVATION
S6999,,,Mumbai,KL,India,2024-01-11,CLOSED
,Store_7000,NORTH,,MH,India,2024-02-11,RENOVATION
S7001,Store_7001,,Bengaluru,,India,2024-02-28,CLOSED
S7002,,SOUTH,,KA,India,2021-05-14,OPEN
S7003,Store_7003,WEST,,MP,India,,CLOSED
S7004,Store_7004,EAST,,,India,2021-06-25,OPEN
S7005,Store_7005,WEST,,TS,,2022-11-02,CLOSED
S7006,Store_7006,,Delhi,DL,,2021-10-23,CLOSED
S7007,Store_7007,EAST,Kochi,KL,,2025-07-30,
S7008,Store_7008,,Delhi,KL,India,,CLOSED
,Store_7009,,Mumbai,TN,India,2026-01-17,CLOSED
S7010,Store_7010,EAST,Indore,WB,,2021-07-21,
,Store_7011,SOUTH,Chennai,TS,India,,OPEN
S7012,Store_7012,,Indore,,India,2025-11-21,OPEN
S7013,Store_7013,,,MH,India,2021-07-02,RENOVATION
,Store_7014,SOUTH,,KA,India,2023-09-09,RENOVATION
,Store_7015,CENTRAL,Pune,KL,India,2024-02-17,
S7016,Store_7016,,Delhi,TS,India,2023-10-22,
S7017,,WEST,Hyderabad,DL,,2025-12-18,RENOVATION
S7018,Store_7018,WEST,Kolkata,MP,India,,
S7019,,WEST,Chennai,MP,India,2022-08-13,
S7020,Store_7020,WEST,Indore,KA,,,RENOVATION
S7021,,SOUTH,,KL,India,2023-09-09,CLOSED
S7022,Store_7022,CENTRAL,,RJ,India,2022-11-02,
S7023,,WEST,,RJ,India,2023-10-11,OPEN
S7024,Store_7024,NORTH,Chennai,,India,2021-12-29,
S7025,Store_7025,CENTRAL,Indore,,India,,RENOVATION
S7026,Store_7026,,,RJ,India,2022-06-26,CLOSED
S7027,Store_7027,WEST,,,India,2021-04-22,CLOSED
S7028,Store_7028,WEST,Kochi,,India,,RENOVATION
S7029,Store_7029,CENTRAL,,KL,India,,OPEN
S7030,,EAST,Pune,WB,India,,OPEN
,Store_7031,SOUTH,Delhi,,India,2021-05-06,OPEN
S7032,Store_7032,,,MP,India,2022-09-17,RENOVATION
S7033,,NORTH,Indore,WB,India,,OPEN
S7034,,CENTRAL,Chennai,MP,India,2022-04-13,
S7035,Store_7035,CENTRAL,Jaipur,,India,2024-10-01,
S7036,,CENTRAL,Indore,MH,India,,RENOVATION
S7037,Store_7037,NORTH,,,India,2022-05-11,CLOSED
S7038,Store_7038,,,KA,India,2024-05-06,CLOSED
S7039,Store_7039,,Jaipur,TS,India,2023-02-28,
S7040,,SOUTH,Hyderabad,DL,India,2022-07-15,
,Store_7041,EAST,Chennai,TN,India,2022-12-27,
S7042,,SOUTH,Indore,MP,India,,OPEN
S7043,,SOUTH,Jaipur,,India,2023-03-13,RENOVATION
S7044,Store_7044,SOUTH,Pune,,India,2022-11-30,
S7045,,,Kochi,RJ,India,2024-10-05,CLOSED
S7046,,,Chennai,MP,India,2021-06-28,RENOVATION
S7047,,NORTH,Delhi,DL,India,,OPEN
,,EAST,Chennai,RJ,India,2025-11-11,RENOVATION
,Store_7049,,Hyderabad,KL,India,2022-09-10,CLOSED
S7050,Store_7050,SOUTH,Indore,RJ,,2022-07-18,
S7051,Store_7051,CENTRAL,,MH,,2024-06-07,CLOSED
S7052,Store_7052,NORTH,Chennai,KL,,2025-11-09,
S7053,Store_7053,SOUTH,,TN,,2024-02-13,OPEN
S7054,Store_7054,,Chennai,MP,,2025-12-26,CLOSED
S7055,Store_7055,NORTH,Hyderabad,TS,India,,
S7056,,NORTH,Hyderabad,,India,2024-12-18,OPEN
S7057,,NORTH,,MH,India,2021-02-26,OPEN
S7058,Store_7058,NORTH,,KL,,2024-12-18,CLOSED
S7059,,SOUTH,Indore,,India,2021-12-14,RENOVATION
,Store_7060,WEST,Mumbai,,India,2021-02-08,OPEN
,Store_7061,SOUTH,Delhi,MP,India,,RENOVATION
S7062,,EAST,Delhi,MH,India,2024-09-22,
S7063,,WEST,Chennai,MP,India,,RENOVATION
,Store_7064,SOUTH,,TS,India,2025-01-26,CLOSED
S7065,Store_7065,,Bengaluru,MH,India,,RENOVATION
S7066,Store_7066,,Pune,,India,2023-01-21,OPEN
S7067,Store_7067,CENTRAL,,DL,India,,CLOSED
S7068,,EAST,Indore,,India,2024-11-27,RENOVATION
S7069,Store_7069,,Indore,KA,,2024-11-09,CLOSED
S7070,Store_7070,WEST,,MP,India,,OPEN
S7071,,CENTRAL,,TS,India,2024-11-10,RENOVATION
S7072,,SOUTH,Jaipur,MP,,2023-05-05,OPEN
S7073,Store_7073,WEST,Kolkata,KL,India,,
S7074,Store_7074,NORTH,,,India,2023-02-22,CLOSED
S7075,Store_7075,CENTRAL,Chennai,,,2023-08-04,CLOSED
S7076,,SOUTH,Chennai,KA,,2022-05-03,CLOSED
S7077,,,Bengaluru,KA,India,2025-06-25,CLOSED
S7078,,SOUTH,Pune,WB,India,2024-11-29,
,Store_7079,CENTRAL,Delhi,RJ,India,2025-05-17,
S7080,Store_7080,,Kolkata,DL,India,2021-03-13,
S7081,Store_7081,EAST,Delhi,DL,,2022-01-07,
S7082,Store_7082,,Jaipur,MP,,2021-03-07,CLOSED
,Store_7083,WEST,Jaipur,RJ,,2024-10-22,RENOVATION
S7084,Store_7084,NORTH,Pune,,,2024-07-15,CLOSED
,Store_7085,NORTH,Pune,KL,India,2022-03-05,
S7086,,EAST,Pune,,India,2025-05-04,RENOVATION
,,NORTH,Indore,TS,India,2025-10-31,RENOVATION
,,WEST,Mumbai,DL,India,2024-07-02,RENOVATION
S7089,,NORTH,Jaipur,,India,2023-12-26,RENOVATION
S7090,,,Mumbai,WB,India,2023-09-23,CLOSED
S7091,Store_7091,WEST,,MH,India,2025-12-12,
S7092,Store_7092,NORTH,,,India,2021-08-04,RENOVATION
,Store_7093,WEST,Mumbai,,India,2024-12-07,CLOSED
,Store_7094,EAST,Delhi,,India,2022-05-30,OPEN
S7095,,NORTH,Kochi,,India,2025-12-30,RENOVATION
S7096,Store_7096,EAST,Kochi,KL,,,OPEN
S7097,Store_7097,,Bengaluru,,India,2024-03-18,OPEN
S7098,Store_7098,WEST,Bengaluru,MP,India,,
S7099,,EAST,Kolkata,TN,India,,OPEN
S7100,Store_7100,EAST,,WB,India,2024-12-29,
,Store_7101,WEST,Hyderabad,TS,India,2021-03-25,
S7102,Store_7102,EAST,Mumbai,,India,,CLOSED
S7103,Store_7103,WEST,,WB,India,2021-02-03,
S7104,Store_7104,CENTRAL,Pune,,,2021-11-16,OPEN
S7105,,,Jaipur,MP,India,2025-05-03,RENOVATION
S7106,Store_7106,WEST,Pune,TS,India,,
,Store_7107,WEST,Chennai,,India,2024-03-14,CLOSED
S7108,Store_7108,WEST,,KL,India,2021-08-29,
S7109,Store_7109,NORTH,,,India,2021-05-25,CLOSED
S7110,Store_7110,NORTH,Kolkata,DL,,,OPEN
S7111,,SOUTH,Kolkata,MP,,2022-08-28,OPEN
S7112,Store_7112,,Kolkata,,India,2025-05-11,OPEN
S7113,Store_7113,SOUTH,Kolkata,,,2024-07-15,CLOSED
S7114,Store_7114,SOUTH,Jaipur,,,2022-11-30,CLOSED
S7115,,NORTH,,DL,India,2024-11-12,RENOVATION
S7116,Store_7116,EAST,Jaipur,,India,2022-06-22,
,,WEST,Mumbai,TS,India,2023-07-16,OPEN
,Store_7118,EAST,Pune,RJ,India,2025-03-30,
,Store_7119,NORTH,Mumbai,TS,,2021-07-30,RENOVATION
S7120,Store_7120,,Indore,TN,,2022-09-20,CLOSED
S7121,Store_7121,NORTH,Hyderabad,KL,,,CLOSED
,Store_7122,,Bengaluru,DL,India,2025-03-01,CLOSED
S7123,Store_7123,SOUTH,Jaipur,KL,India,,
S7124,,NORTH,Kochi,,India,2025-09-27,OPEN
S7125,,CENTRAL,,TN,India,2022-03-16,OPEN
S7126,Store_7126,WEST,Kolkata,,India,2021-04-25,
,,EAST,Hyderabad,MP,India,2022-01-11,OPEN
S7128,Store_7128,WEST,,TS,India,,CLOSED
,,EAST,Mumbai,MH,India,2021-11-17,RENOVATION
S7130,Store_7130,NORTH,Bengaluru,DL,,,OPEN
S7131,Store_7131,CENTRAL,Indore,TS,India,,
S7132,Store_7132,NORTH,Pune,,India,2023-08-14,
,Store_7133,WEST,,TN,India,2022-03-30,OPEN
S7134,Store_7134,CENTRAL,Jaipur,KA,,,RENOVATION
,,NORTH,Kochi,KA,India,2024-05-13,CLOSED
S7136,,SOUTH,Mumbai,,India,2024-08-23,CLOSED
S7137,Store_7137,EAST,,,India,2021-02-15,RENOVATION
S7138,,NORTH,Kolkata,,India,2022-08-28,RENOVATION
,Store_7139,EAST,,KA,India,2022-06-08,OPEN
S7140,Store_7140,NORTH,Kolkata,,India,2023-11-11,
,Store_7141,,Indore,MP,India,2025-03-24,OPEN
S7142,Store_7142,WEST,Kochi,,India,,CLOSED
,Store_7143,SOUTH,Hyderabad,MP,India,,RENOVATION
S7144,Store_7144,,Mumbai,DL,,2022-06-17,RENOVATION
S7145,Store_7145,,Chennai,,India,2022-10-19,OPEN
,Store_7146,CENTRAL,Pune,,India,2022-11-13,RENOVATION
S7147,,WEST,Jaipur,RJ,India,2024-05-07,
S7148,Store_7148,EAST,Kochi,WB,,,OPEN
S7149,Store_7149,CENTRAL,Delhi,,,2023-04-09,OPEN
,Store_7150,,Jaipur,DL,India,2025-05-14,CLOSED
S7151,,CENTRAL,Hyderabad,MH,India,2021-09-04,
,Store_7152,WEST,Hyderabad,,India,2024-06-27,CLOSED
S7153,Store_7153,WEST,Chennai,,India,2024-11-14,
S7154,Store_7154,SOUTH,Pune,,India,,RENOVATION
S7155,,SOUTH,,KA,India,2022-03-18,OPEN
S7156,,NORTH,Pune,TN,India,,RENOVATION
S7157,Store_7157,,Bengaluru,,India,2023-12-07,OPEN
S7158,Store_7158,CENTRAL,,DL,India,2021-03-25,
,Store_7159,SOUTH,,RJ,India,2022-11-06,RENOVATION
S7160,Store_7160,,Kolkata,MP,,2025-08-28,OPEN
S7161,Store_7161,SOUTH,Kolkata,,,2026-01-22,OPEN
S7162,Store_7162,CENTRAL,,MP,,2022-02-09,RENOVATION
,Store_7163,,Bengaluru,TS,India,2023-02-06,RENOVATION
S7164,Store_7164,SOUTH,Bengaluru,MP,,2025-01-06,
,Store_7165,CENTRAL,Bengaluru,DL,India,2022-10-02,
S7166,Store_7166,,Jaipur,,India,2023-11-06,RENOVATION
S7167,Store_7167,SOUTH,Kolkata,DL,,,CLOSED
,Store_7168,SOUTH,Kochi,DL,India,2022-05-24,
S7169,Store_7169,WEST,Kochi,DL,,2023-05-19,
S7170,Store_7170,SOUTH,Indore,,India,,RENOVATION
,Store_7171,,Chennai,WB,India,2023-03-23,OPEN
S7172,Store_7172,NORTH,,,India,2025-03-09,CLOSED
S7173,Store_7173,,Hyderabad,MH,,2021-09-29,CLOSED
S7174,Store_7174,,Delhi,MH,India,,RENOVATION
S7175,,WEST,,TS,India,2025-03-26,RENOVATION
,Store_7176,NORTH,Chennai,TN,India,,OPEN
S7177,,SOUTH,Hyderabad,MP,,2023-05-27,OPEN
S7178,,NORTH,Kochi,MP,India,,RENOVATION
S7179,Store_7179,WEST,,MH,India,2025-01-12,
,Store_7180,CENTRAL,Delhi,WB,,2024-08-31,CLOSED
S7181,,,Chennai,DL,India,2022-03-11,RENOVATION
S7182,Store_7182,WEST,Kolkata,KA,India,,
,Store_7183,WEST,Hyderabad,KA,India,,RENOVATION
S7184,Store_7184,EAST,Hyderabad,,India,,RENOVATION
S7185,Store_7185,CENTRAL,,KL,,2022-09-25,RENOVATION
S7186,Store_7186,NORTH,Kolkata,DL,,,RENOVATION
S7187,,EAST,Hyderabad,TN,India,,RENOVATION
S7188,,EAST,Jaipur,KL,India,2025-09-02,
S7189,Store_7189,EAST,,,India,2023-04-24,CLOSED
S7190,Store_7190,,,KA,India,2024-08-04,RENOVATION
S7191,Store_7191,SOUTH,Pune,KA,,2023-07-06,
S7192,Store_7192,NORTH,Kolkata,,India,,CLOSED
S7193,,CENTRAL,Delhi,TS,India,2022-05-03,
S7194,Store_7194,CENTRAL,Hyderabad,KA,,2021-07-09,
S7195,Store_7195,CENTRAL,Indore,MH,India,,
S7196,Store_7196,CENTRAL,,,India,2021-08-23,OPEN
,Store_7197,,Mumbai,DL,India,2025-01-08,OPEN
S7198,Store_7198,NORTH,Bengaluru,,India,,CLOSED
S7199,Store_7199,CENTRAL,Hyderabad,,India,,CLOSED
,Store_7200,NORTH,Delhi,MP,India,,RENOVATION
S7201,Store_7201,EAST,,MP,India,2025-10-21,
S7202,,,Chennai,TS,India,2023-03-31,RENOVATION
S7203,,CENTRAL,Hyderabad,TS,India,,RENOVATION
S7204,Store_7204,,Jaipur,,India,2021-12-06,CLOSED
,Store_7205,EAST,Kochi,,India,2025-10-17,RENOVATION
S7206,,EAST,Chennai,KA,,2024-03-03,CLOSED
S7207,Store_7207,,,RJ,India,2021-05-29,CLOSED
S7208,Store_7208,,,KA,India,2023-05-01,RENOVATION
S7209,,,Jaipur,TN,India,2024-04-14,RENOVATION
S7210,Store_7210,SOUTH,Delhi,MP,,,OPEN
,Store_7211,WEST,,MH,India,2025-08-11,OPEN
S7212,Store_7212,EAST,Bengaluru,,,2023-02-07,RENOVATION
S7213,,NORTH,Jaipur,,India,2022-07-21,OPEN
S7214,,SOUTH,Pune,TN,India,2025-10-07,
,Store_7215,SOUTH,Delhi,,India,2021-08-03,CLOSED
S7216,,SOUTH,Kolkata,KA,India,,OPEN
S7217,Store_7217,WEST,Jaipur,KL,,2021-09-01,
S7218,Store_7218,,Jaipur,,India,2022-11-22,CLOSED
S7219,Store_7219,EAST,Kolkata,,India,,RENOVATION
,Store_7220,SOUTH,Jaipur,MH,,2024-12-20,OPEN
S7221,Store_7221,CENTRAL,,,India,2024-08-28,OPEN
S7222,Store_7222,CENTRAL,Jaipur,,India,2025-07-09,
,Store_7223,SOUTH,Chennai,MP,,2024-08-05,OPEN
S7224,,EAST,,WB,India,2023-12-15,CLOSED
S7225,,NORTH,Kolkata,WB,India,2024-03-31,
S7226,Store_7226,WEST,,KL,India,,CLOSED
S7227,Store_7227,CENTRAL,,WB,,2023-05-06,CLOSED
,Store_7228,,Indore,MP,India,2024-02-05,OPEN
S7229,Store_7229,NORTH,,,India,2025-09-14,OPEN
S7230,Store_7230,EAST,Kolkata,,India,,RENOVATION
S7231,,SOUTH,,MP,India,2023-05-05,OPEN
S7232,Store_7232,SOUTH,Indore,,,2025-03-24,RENOVATION
S7233,,EAST,Pune,MP,India,,RENOVATION
S7234,,NORTH,Hyderabad,TS,,2022-02-02,RENOVATION
S7235,Store_7235,,Hyderabad,DL,India,2024-05-01,
S7236,Store_7236,CENTRAL,,RJ,India,2021-02-22,
S7237,Store_7237,,Kolkata,MP,,2023-01-01,RENOVATION
S7238,Store_7238,NORTH,,,India,2026-01-16,CLOSED
S7239,Store_7239,,Jaipur,TS,India,,CLOSED
,Store_7240,,Kolkata,MH,India,2021-12-24,RENOVATION
,Store_7241,NORTH,Indore,RJ,,2021-09-23,OPEN
S7242,Store_7242,,Kochi,DL,,2024-12-18,CLOSED
S7243,Store_7243,WEST,,KL,,2022-04-11,CLOSED
,Store_7244,NORTH,Mumbai,KA,India,2025-06-05,
S7245,Store_7245,,,DL,India,2025-02-02,OPEN
S7246,,SOUTH,Delhi,MH,India,,RENOVATION
,Store_7247,SOUTH,Jaipur,,India,2023-07-04,OPEN
,Store_7248,NORTH,Jaipur,KA,India,,RENOVATION
S7249,,SOUTH,,MP,India,2021-04-02,RENOVATION
,Store_7250,CENTRAL,,WB,India,2025-08-11,OPEN
S7251,,WEST,Mumbai,KA,,2023-10-10,OPEN
S7252,Store_7252,EAST,Chennai,,India,,RENOVATION
S7253,Store_7253,,Chennai,,India,2023-04-27,CLOSED
S7254,,,Indore,DL,India,2025-02-11,CLOSED
S7255,Store_7255,SOUTH,,DL,India,,CLOSED
,Store_7256,WEST,Indore,KA,,2024-10-19,CLOSED
S7257,Store_7257,,Kolkata,MH,India,2025-08-05,
S7258,,WEST,Bengaluru,MH,,2025-09-22,CLOSED
S7259,Store_7259,CENTRAL,Pune,MP,India,,
,Store_7260,,Mumbai,KL,India,2022-06-28,OPEN
S7261,Store_7261,CENTRAL,Delhi,,,2022-05-07,RENOVATION
S7262,,,Delhi,TN,India,2025-04-02,CLOSED
S7263,Store_7263,EAST,,MP,India,,CLOSED
,Store_7264,WEST,Chennai,DL,India,,OPEN
,Store_7265,SOUTH,,RJ,India,2022-01-10,CLOSED
S7266,Store_7266,,,TS,India,2023-08-26,RENOVATION
,Store_7267,SOUTH,Delhi,KL,India,,OPEN
,Store_7268,CENTRAL,Jaipur,MP,India,2022-09-01,
S7269,Store_7269,,Delhi,TS,India,,CLOSED
S7270,Store_7270,NORTH,Kochi,,India,,CLOSED
,Store_7271,EAST,Indore,MH,India,2024-04-20,
,Store_7272,WEST,Kolkata,KA,India,,OPEN
S7273,Store_7273,,Kochi,,India,2021-05-02,CLOSED
S7274,Store_7274,NORTH,,KA,India,2025-09-10,
S7275,,EAST,Mumbai,TN,India,2022-11-13,
S7276,Store_7276,SOUTH,Jaipur,,India,,CLOSED
S7277,Store_7277,EAST,Kochi,,India,,OPEN
S7278,Store_7278,CENTRAL,,,India,2023-02-07,OPEN
S7279,Store_7279,,Bengaluru,MH,India,,CLOSED
S7280,Store_7280,,Bengaluru,,India,2021-07-07,CLOSED
S7281,,,Kochi,DL,India,2023-08-02,OPEN
S7282,Store_7282,NORTH,Mumbai,DL,,,RENOVATION
,Store_7283,CENTRAL,Bengaluru,KL,India,,CLOSED
,,NORTH,Mumbai,RJ,India,2023-04-07,CLOSED
S7285,Store_7285,EAST,Kolkata,DL,,,RENOVATION
S7286,Store_7286,EAST,Chennai,MH,,,CLOSED
,,CENTRAL,Jaipur,MP,India,2022-07-19,OPEN
S7288,Store_7288,,Mumbai,,India,2021-04-07,CLOSED
,Store_7289,NORTH,Kolkata,KA,,2021-08-12,CLOSED
S7290,Store_7290,EAST,Kochi,MH,,,RENOVATION
S7291,Store_7291,WEST,Hyderabad,TS,,,RENOVATION
S7292,,WEST,Chennai,TN,India,2022-06-07,
,,WEST,Kolkata,MH,India,2021-08-31,CLOSED
S7294,Store_7294,EAST,,KL,India,2024-05-27,
S7295,,NORTH,Kochi,,India,2023-09-04,CLOSED
,Store_7296,WEST,Jaipur,KL,India,2023-05-17,
S7297,Store_7297,WEST,Chennai,KA,,,RENOVATION
S7298,Store_7298,CENTRAL,,WB,India,,RENOVATION
S7299,Store_7299,,Kolkata,KL,India,,OPEN
S7300,Store_7300,NORTH,Bengaluru,,India,,CLOSED
S7301,Store_7301,,,MP,India,2021-09-22,OPEN
S7302,Store_7302,,Bengaluru,TS,India,2021-06-05,
S7303,Store_7303,EAST,,,India,2023-09-28,RENOVATION
S7304,,CENTRAL,Indore,WB,India,2023-02-28,
S7305,Store_7305,WEST,Mumbai,WB,India,,
S7306,Store_7306,,Kochi,,India,2025-03-07,CLOSED
S7307,,,Kolkata,WB,India,2022-06-12,RENOVATION
,Store_7308,,Bengaluru,TN,India,2025-01-02,CLOSED
S7309,,,Delhi,KA,India,2023-07-05,RENOVATION
S7310,Store_7310,NORTH,Chennai,MH,,,CLOSED
S7311,,CENTRAL,Delhi,DL,,2022-08-19,RENOVATION
S7312,Store_7312,SOUTH,,KL,,2025-12-17,RENOVATION
S7313,Store_7313,EAST,Bengaluru,,India,2023-03-31,
,Store_7314,EAST,Mumbai,WB,India,,OPEN
S7315,,WEST,Kolkata,,India,2021-11-09,RENOVATION
S7316,Store_7316,,Indore,RJ,India,2021-04-22,
,Store_7317,SOUTH,,DL,India,2025-07-17,OPEN
S7318,,EAST,Jaipur,,India,2023-08-03,OPEN
S7319,Store_7319,WEST,Chennai,,,2022-07-05,CLOSED
S7320,Store_7320,CENTRAL,Jaipur,MH,India,,
S7321,Store_7321,WEST,,KA,India,,RENOVATION
S7322,Store_7322,,Chennai,KL,India,2025-12-13,
,Store_7323,SOUTH,,TN,India,2025-09-07,RENOVATION
S7324,Store_7324,NORTH,Kochi,,India,,CLOSED
S7325,Store_7325,,,KL,India,2021-07-27,RENOVATION
,Store_7326,SOUTH,Pune,RJ,,2025-05-03,RENOVATION
,Store_7327,,Pune,RJ,India,2025-08-08,OPEN
S7328,Store_7328,,Hyderabad,KL,India,2024-09-30,
S7329,Store_7329,NORTH,,KA,India,,OPEN
S7330,,NORTH,Bengaluru,MH,India,,CLOSED
S7331,Store_7331,SOUTH,Pune,,India,2025-09-16,
S7332,,,Indore,TN,India,2024-05-05,CLOSED
,Store_7333,CENTRAL,,KL,India,2024-12-21,RENOVATION
S7334,,EAST,,TN,India,2025-02-27,CLOSED
S7335,Store_7335,,Indore,,India,2023-04-17,OPEN
S7336,,NORTH,Delhi,,India,2022-06-13,CLOSED
S7337,,EAST,Mumbai,,India,2023-01-20,OPEN
,Store_7338,CENTRAL,Indore,,India,2022-09-30,OPEN
S7339,Store_7339,EAST,,,India,2024-12-17,RENOVATION
S7340,Store_7340,EAST,Pune,WB,,2024-01-30,
,Store_7341,NORTH,Kochi,MH,India,2022-06-07,
,Store_7342,EAST,Bengaluru,MH,India,2024-04-29,
S7343,Store_7343,SOUTH,Chennai,KL,,,RENOVATION
S7344,,EAST,Chennai,KL,India,2023-08-07,
,Store_7345,WEST,,MH,India,2023-08-21,CLOSED
,Store_7346,NORTH,,MP,India,2022-06-27,CLOSED
S7347,Store_7347,NORTH,Kolkata,,India,,OPEN
S7348,Store_7348,EAST,,TS,India,2023-07-24,
S7349,Store_7349,,Mumbai,,India,2021-04-04,OPEN
S7350,Store_7350,,Indore,MP,India,2023-12-17,
S7351,Store_7351,,Mumbai,KL,India,,CLOSED
S7352,Store_7352,CENTRAL,,TS,,2025-04-16,RENOVATION
,Store_7353,EAST,Jaipur,WB,India,2022-04-26,
S7354,Store_7354,CENTRAL,Pune,KA,,,OPEN
S7355,,SOUTH,Chennai,,India,2021-11-01,RENOVATION
S7356,,WEST,,TS,India,2021-05-29,CLOSED
,Store_7357,WEST,Mumbai,MP,,2024-07-18,CLOSED
,Store_7358,EAST,Bengaluru,KA,,2024-08-20,OPEN
S7359,,EAST,Pune,TN,India,2024-02-08,
S7360,Store_7360,SOUTH,Kolkata,DL,,,CLOSED
S7361,Store_7361,NORTH,Delhi,MH,,2022-01-19,
S7362,,WEST,Kochi,KA,,2024-03-17,RENOVATION
,Store_7363,EAST,,KA,India,2024-01-16,CLOSED
S7364,Store_7364,EAST,,DL,India,2023-12-20,
S7365,,,Kolkata,TN,India,2025-10-20,OPEN
S7366,Store_7366,CENTRAL,,TS,India,,OPEN
S7367,Store_7367,NORTH,,,India,2022-08-10,CLOSED
S7368,Store_7368,WEST,Hyderabad,,India,2025-01-16,
S7369,Store_7369,,Bengaluru,DL,,2024-09-21,CLOSED
S7370,Store_7370,,,RJ,India,2024-05-06,OPEN
,,WEST,Kochi,TN,India,2024-03-25,OPEN
,Store_7372,CENTRAL,,KL,India,2021-12-27,OPEN
S7373,,EAST,Hyderabad,KL,,2023-01-27,OPEN
S7374,Store_7374,NORTH,Hyderabad,,,2025-05-13,OPEN
S7375,Store_7375,,,KL,India,2023-07-27,OPEN
,Store_7376,,Hyderabad,RJ,India,2022-05-27,CLOSED
,Store_7377,WEST,Jaipur,TN,,2022-10-01,CLOSED
S7378,Store_7378,SOUTH,,MP,India,,RENOVATION
S7379,Store_7379,EAST,,,India,2023-11-19,CLOSED
S7380,Store_7380,,,DL,India,2021-06-02,OPEN
S7381,,SOUTH,,MP,India,2021-08-29,OPEN
S7382,Store_7382,EAST,Kochi,TS,,,OPEN
S7383,Store_7383,SOUTH,Kolkata,,,2022-05-20,RENOVATION
S7384,Store_7384,NORTH,Delhi,TS,,,OPEN
S7385,,SOUTH,Mumbai,MH,,2023-03-01,OPEN
S7386,Store_7386,CENTRAL,,,India,2022-02-02,RENOVATION
,Store_7387,SOUTH,Mumbai,TN,,2023-12-06,OPEN
,Store_7388,NORTH,Pune,DL,India,,OPEN
S7389,Store_7389,EAST,Bengaluru,,,2023-08-12,CLOSED
S7390,,WEST,,KL,India,2023-09-04,RENOVATION
S7391,Store_7391,SOUTH,Chennai,KA,,,RENOVATION
,Store_7392,WEST,,TN,India,2021-04-22,RENOVATION
,,SOUTH,Kolkata,KA,India,2021-04-12,RENOVATION
,Store_7394,EAST,Indore,MP,India,2025-11-12,
,Store_7395,SOUTH,,KA,India,2024-06-13,CLOSED
S7396,,,Bengaluru,MH,India,2023-07-16,OPEN
S7397,Store_7397,,Indore,DL,,2021-03-17,OPEN
S7398,,SOUTH,Kolkata,TS,India,2024-02-27,
S7399,Store_7399,,Chennai,TS,India,2026-01-15,
S7400,Store_7400,CENTRAL,Kochi,MH,,2024-09-10,
S7401,Store_7401,CENTRAL,,,India,2022-05-05,OPEN
S7402,Store_7402,,Kolkata,DL,India,2024-12-22,
,Store_7403,,Mumbai,KL,India,2021-12-07,RENOVATION
S7404,Store_7404,,,WB,India,2023-01-27,CLOSED
S7405,Store_7405,,,DL,India,2024-10-01,RENOVATION
S7406,,NORTH,,KL,India,2022-10-17,OPEN
,Store_7407,NORTH,Chennai,MP,India,,CLOSED
S7408,Store_7408,NORTH,,MP,India,,CLOSED
S7409,Store_7409,,,TS,India,2025-01-30,RENOVATION
S7410,Store_7410,,Indore,KL,,2023-12-04,CLOSED
S7411,Store_7411,CENTRAL,,KL,,2025-02-25,RENOVATION
,Store_7412,EAST,Bengaluru,KL,,2023-09-23,RENOVATION
S7413,,CENTRAL,Delhi,KL,,2022-02-13,CLOSED
S7414,Store_7414,SOUTH,,TS,India,,OPEN
S7415,Store_7415,NORTH,Kolkata,KA,,2023-04-19,
S7416,,,Delhi,DL,India,2021-06-24,OPEN
S7417,Store_7417,CENTRAL,Kochi,KL,,,CLOSED
,Store_7418,EAST,Delhi,RJ,India,2024-11-19,
S7419,,WEST,,RJ,India,2021-09-20,CLOSED
S7420,,WEST,Kochi,DL,India,2024-05-06,
S7421,Store_7421,WEST,Hyderabad,KA,,2025-07-10,
,Store_7422,WEST,,KA,India,2023-10-17,RENOVATION
S7423,Store_7423,NORTH,Pune,,India,2021-03-04,
,Store_7424,NORTH,Mumbai,KA,,2022-04-27,RENOVATION
S7425,Store_7425,CENTRAL,Hyderabad,,India,,RENOVATION
,Store_7426,EAST,Chennai,KL,,2025-05-16,RENOVATION
,,EAST,Bengaluru,KL,India,2022-02-05,RENOVATION
,Store_7428,CENTRAL,Kochi,KA,India,2021-04-27,
S7429,Store_7429,EAST,Bengaluru,,,2021-06-02,RENOVATION
S7430,Store_7430,,Pune,TN,India,2021-07-26,
S7431,Store_7431,EAST,Mumbai,KL,,2021-02-26,
,Store_7432,CENTRAL,Bengaluru,,India,2021-06-08,CLOSED
S7433,Store_7433,WEST,Jaipur,MH,India,,
S7434,,EAST,Jaipur,,India,2025-01-16,OPEN
,Store_7435,WEST,,KA,India,2022-06-04,RENOVATION
S7436,Store_7436,CENTRAL,Kochi,DL,India,,
,,CENTRAL,Indore,DL,India,2024-02-15,RENOVATION
,Store_7438,NORTH,,WB,India,2025-03-02,CLOSED
S7439,Store_7439,,Pune,,India,2023-04-14,OPEN
S7440,,SOUTH,,KA,India,2022-07-30,OPEN
,Store_7441,CENTRAL,Hyderabad,DL,India,,OPEN
S7442,Store_7442,,Kolkata,,India,2023-08-08,CLOSED
S7443,Store_7443,WEST,Jaipur,,India,2024-01-21,
S7444,,,Kolkata,WB,India,2025-01-13,RENOVATION
S7445,Store_7445,EAST,Indore,WB,,2021-11-29,
S7446,Store_7446,NORTH,,MP,India,2025-01-22,
S7447,Store_7447,,Bengaluru,,India,2025-06-01,CLOSED
S7448,,CENTRAL,Delhi,,India,2021-03-28,CLOSED
S7449,Store_7449,,Chennai,DL,India,,CLOSED
S7450,,NORTH,Delhi,WB,India,,OPEN
S7451,Store_7451,,Jaipur,KA,India,2023-12-05,
S7452,,SOUTH,Indore,TN,India,,CLOSED
S7453,Store_7453,WEST,Chennai,RJ,,2024-04-20,
S7454,Store_7454,,Mumbai,KL,India,2023-02-27,
S7455,Store_7455,,Chennai,KL,India,2022-10-23,
S7456,Store_7456,CENTRAL,Pune,,India,2024-08-17,
S7457,Store_7457,CENTRAL,,TS,India,,OPEN
S7458,Store_7458,WEST,,DL,,2023-04-01,CLOSED
S7459,Store_7459,,Indore,,India,2023-02-01,RENOVATION
S7460,,WEST,Bengaluru,KA,India,,RENOVATION
S7461,,SOUTH,Jaipur,MH,India,2023-03-25,
,Store_7462,,Hyderabad,KL,India,2021-10-02,CLOSED
S7463,,EAST,Kolkata,TN,,2021-05-07,CLOSED
S7464,Store_7464,CENTRAL,,MP,India,2024-07-30,
S7465,Store_7465,,Bengaluru,KA,India,2023-11-03,
S7466,Store_7466,NORTH,Mumbai,,,2023-07-26,CLOSED
,Store_7467,EAST,Kolkata,,India,2024-03-16,RENOVATION
,Store_7468,SOUTH,,MH,India,2022-11-26,OPEN
,Store_7469,EAST,Pune,TS,,2022-10-14,OPEN
S7470,Store_7470,SOUTH,Delhi,RJ,,2023-02-04,
S7471,Store_7471,SOUTH,,,India,2025-01-09,CLOSED
,Store_7472,NORTH,,DL,India,2023-02-22,RENOVATION
S7473,Store_7473,SOUTH,,,India,2021-04-28,OPEN
S7474,Store_7474,,Indore,,India,2022-05-13,RENOVATION
S7475,Store_7475,,Kolkata,,India,2025-11-08,OPEN
S7476,,NORTH,,TN,India,2021-06-13,OPEN
S7477,,NORTH,Kolkata,RJ,,2024-11-11,CLOSED
,Store_7478,SOUTH,,KL,India,2022-08-01,OPEN
S7479,,CENTRAL,Pune,KA,India,2021-06-16,
S7480,Store_7480,WEST,Chennai,MH,India,,
S7481,Store_7481,,,DL,India,2024-05-09,CLOSED
S7482,,WEST,,TS,India,2024-11-04,CLOSED
,Store_7483,,Kochi,KL,India,2025-12-10,OPEN
S7484,,EAST,,MP,India,2026-01-05,CLOSED
,,EAST,Jaipur,TN,India,2023-01-14,RENOVATION
S7486,Store_7486,SOUTH,Delhi,,,2023-04-27,CLOSED
S7487,Store_7487,WEST,,WB,,2022-12-06,RENOVATION
,Store_7488,WEST,Mumbai,KA,India,2022-08-04,
S7489,Store_7489,NORTH,,KA,India,,OPEN
S7490,,CENTRAL,Kochi,MH,,2023-09-09,RENOVATION
S7491,Store_7491,SOUTH,Bengaluru,WB,India,,
,Store_7492,SOUTH,Hyderabad,,India,2024-03-23,RENOVATION
S7493,Store_7493,,Kolkata,MP,India,2025-08-26,
S7494,Store_7494,SOUTH,Kochi,,,2022-02-25,RENOVATION
,,CENTRAL,Mumbai,KA,India,2025-05-19,OPEN
,,CENTRAL,Mumbai,RJ,India,2021-11-16,OPEN
S7497,,WEST,,KA,India,2025-02-03,CLOSED
S7498,Store_7498,,Kolkata,KA,India,,CLOSED
S7499,,,Bengaluru,MP,India,2023-03-09,RENOVATION
,Store_7500,WEST,,RJ,India,2021-12-04,RENOVATION
S7501,Store_7501,EAST,Mumbai,,,2025-01-02,RENOVATION
S7502,,,Jaipur,TN,India,2023-07-09,RENOVATION
S7503,Store_7503,,Mumbai,TN,,2022-09-13,CLOSED
S7504,Store_7504,WEST,Delhi,,India,,RENOVATION
S7505,Store_7505,NORTH,,KL,,2024-03-27,RENOVATION
,Store_7506,WEST,Pune,,India,2023-01-20,CLOSED
,Store_7507,SOUTH,Indore,TN,,2022-01-21,CLOSED
S7508,Store_7508,NORTH,Kolkata,MH,,2021-03-03,
,Store_7509,NORTH,,TS,India,2022-04-02,RENOVATION
S7510,,NORTH,Hyderabad,KA,India,2021-04-10,
S7511,Store_7511,CENTRAL,,,India,2023-09-20,OPEN
S7512,Store_7512,,Chennai,,India,2022-02-25,OPEN
S7513,Store_7513,NORTH,Hyderabad,,,2021-03-08,RENOVATION
,Store_7514,NORTH,,KL,India,2024-03-16,CLOSED
,Store_7515,CENTRAL,Hyderabad,TS,India,2024-01-15,
S7516,Store_7516,CENTRAL,,,India,2021-08-19,RENOVATION
S7517,Store_7517,CENTRAL,,DL,India,,CLOSED
S7518,Store_7518,,Kolkata,MP,,2025-03-25,OPEN
S7519,,SOUTH,,RJ,India,2023-12-13,CLOSED
S7520,,NORTH,Kolkata,MP,,2024-09-17,OPEN
,Store_7521,SOUTH,Indore,,India,2021-08-17,CLOSED
S7522,Store_7522,NORTH,Jaipur,TN,,,OPEN
S7523,Store_7523,EAST,,KA,India,2023-04-09,
,Store_7524,SOUTH,,DL,India,2023-12-28,OPEN
S7525,Store_7525,,Delhi,TS,India,,CLOSED
S7526,Store_7526,CENTRAL,Pune,,India,,OPEN
S7527,Store_7527,SOUTH,Kochi,TN,,2021-12-18,
S7528,Store_7528,SOUTH,Mumbai,KL,,,RENOVATION
,Store_7529,NORTH,Chennai,DL,,2025-12-08,CLOSED
S7530,Store_7530,,Kochi,MP,India,2023-06-11,
S7531,Store_7531,,Bengaluru,KL,India,,RENOVATION
S7532,,EAST,Chennai,MP,India,2025-06-07,
S7533,Store_7533,SOUTH,,,India,2023-02-09,CLOSED
S7534,Store_7534,,Hyderabad,DL,,2022-05-14,OPEN
S7535,Store_7535,WEST,Chennai,,India,2023-04-10,
S7536,,EAST,,KA,India,2023-11-10,OPEN
S7537,,,Indore,KA,India,2024-06-29,CLOSED
S7538,Store_7538,SOUTH,Jaipur,,,2021-04-30,CLOSED
S7539,Store_7539,WEST,Kochi,,,2021-10-26,OPEN
S7540,Store_7540,EAST,Jaipur,,India,,OPEN
S7541,Store_7541,EAST,,KA,India,,OPEN
S7542,,SOUTH,,TN,India,2025-04-27,OPEN
,Store_7543,SOUTH,Jaipur,TN,,2021-04-24,OPEN
S7544,Store_7544,NORTH,Jaipur,WB,,,CLOSED
S7545,Store_7545,SOUTH,Chennai,,,2024-04-19,RENOVATION
S7546,Store_7546,,Kolkata,,India,2023-07-01,RENOVATION
,Store_7547,EAST,Chennai,KL,India,2023-07-22,
,Store_7548,EAST,Pune,,India,2025-01-10,CLOSED
,,WEST,Kochi,DL,India,2022-03-26,OPEN
S7550,Store_7550,SOUTH,Indore,,India,2024-10-14,
,Store_7551,NORTH,Pune,WB,,2024-12-30,OPEN
,Store_7552,CENTRAL,,TS,India,2021-03-02,CLOSED
S7553,Store_7553,,Delhi,TS,India,,OPEN
S7554,,WEST,Pune,WB,India,2025-01-31,
S7555,,SOUTH,,MP,India,2023-06-13,OPEN
S7556,Store_7556,WEST,Kochi,,,2021-08-23,CLOSED
S7557,,WEST,,RJ,India,2024-07-28,OPEN
S7558,Store_7558,NORTH,Chennai,TN,,,OPEN
,Store_7559,EAST,Kochi,MP,,2025-04-02,RENOVATION
S7560,,SOUTH,Kolkata,,India,2022-11-15,CLOSED
S7561,Store_7561,,Chennai,,India,2022-04-29,RENOVATION
S7562,Store_7562,SOUTH,Chennai,,India,,CLOSED
S7563,Store_7563,,,DL,India,2023-11-17,CLOSED
S7564,,WEST,Jaipur,MH,,2023-10-08,OPEN
S7565,Store_7565,,,DL,India,2025-11-02,RENOVATION
S7566,Store_7566,WEST,,MH,India,,CLOSED
S7567,Store_7567,SOUTH,Delhi,,,2023-01-12,OPEN
S7568,Store_7568,NORTH,,RJ,India,2024-10-18,
S7569,Store_7569,WEST,Chennai,,India,,RENOVATION
S7570,Store_7570,EAST,Mumbai,KL,,,OPEN
S7571,Store_7571,EAST,Bengaluru,,India,2025-02-27,
,,CENTRAL,Indore,MP,India,2025-12-11,OPEN
S7573,Store_7573,WEST,Delhi,,India,2024-12-19,
S7574,Store_7574,SOUTH,Kolkata,RJ,India,,
,Store_7575,SOUTH,Delhi,MP,,2024-05-25,CLOSED
,Store_7576,NORTH,Jaipur,KL,,2024-09-22,OPEN
,Store_7577,EAST,,RJ,India,2022-11-21,CLOSED
S7578,Store_7578,EAST,,,India,2021-02-15,CLOSED
S7579,,SOUTH,,KA,India,2023-08-07,OPEN
S7580,Store_7580,,Mumbai,,India,2025-09-14,OPEN
S7581,Store_7581,CENTRAL,,DL,India,,CLOSED
S7582,Store_7582,CENTRAL,Jaipur,KL,India,,
S7583,Store_7583,,Mumbai,TN,,2023-01-03,OPEN
S7584,Store_7584,WEST,Kochi,,India,2023-03-20,
S7585,Store_7585,CENTRAL,Indore,,India,2024-01-26,
S7586,,EAST,,KA,India,2025-02-13,CLOSED
S7587,Store_7587,NORTH,Jaipur,,India,2024-12-15,
S7588,Store_7588,CENTRAL,Indore,MP,,,CLOSED
,,NORTH,Pune,KA,India,2024-03-18,RENOVATION
S7590,,SOUTH,,RJ,India,2023-11-25,RENOVATION
S7591,Store_7591,CENTRAL,Hyderabad,,,2024-04-06,OPEN
S7592,Store_7592,EAST,,TN,India,,OPEN
S7593,Store_7593,,,TN,India,2024-04-17,OPEN
S7594,Store_7594,EAST,,DL,India,2024-05-12,
,Store_7595,WEST,Mumbai,,India,2024-06-19,CLOSED
S7596,Store_7596,,Bengaluru,MH,India,2021-02-05,
S7597,Store_7597,EAST,Chennai,KL,India,,
S7598,Store_7598,EAST,Chennai,KL,,,OPEN
S7599,,SOUTH,Chennai,MH,India,,RENOVATION
S7600,Store_7600,WEST,,WB,India,2023-12-19,
S7601,Store_7601,SOUTH,Chennai,WB,India,,
S7602,,EAST,Jaipur,MH,India,,RENOVATION
S7603,Store_7603,CENTRAL,Indore,WB,,2023-05-02,
,Store_7604,WEST,Kolkata,MP,India,,RENOVATION
,Store_7605,WEST,Bengaluru,MH,India,,RENOVATION
S7606,Store_7606,,Indore,KA,India,2021-03-15,
S7607,Store_7607,CENTRAL,,KL,India,,OPEN
,Store_7608,EAST,Chennai,,India,2023-03-01,CLOSED
S7609,,SOUTH,Kolkata,DL,,2023-08-23,CLOSED
S7610,,NORTH,Jaipur,MP,India,2025-03-14,
S7611,Store_7611,CENTRAL,Mumbai,TN,,2021-03-03,
S7612,Store_7612,CENTRAL,Jaipur,,India,2022-10-24,
S7613,Store_7613,SOUTH,Pune,KA,,2022-06-11,
,Store_7614,CENTRAL,,RJ,India,2025-07-11,CLOSED
S7615,,NORTH,Hyderabad,TN,India,,RENOVATION
,,NORTH,Pune,WB,India,2024-02-20,OPEN
,,SOUTH,Hyderabad,MH,India,2023-03-03,OPEN
S7618,Store_7618,,Jaipur,WB,India,,RENOVATION
,Store_7619,EAST,Mumbai,MP,,2025-12-09,OPEN
S7620,Store_7620,NORTH,,KL,,2023-06-25,RENOVATION
S7621,Store_7621,WEST,Jaipur,TS,India,,
S7622,,WEST,Kochi,,India,2025-01-15,CLOSED
S7623,Store_7623,NORTH,Pune,RJ,,,RENOVATION
,Store_7624,EAST,Kochi,,India,2022-04-02,RENOVATION
S7625,Store_7625,CENTRAL,Kolkata,,India,,OPEN
S7626,Store_7626,CENTRAL,Pune,TN,India,,
S7627,Store_7627,,Jaipur,DL,India,,RENOVATION
S7628,Store_7628,SOUTH,,WB,India,2025-08-02,
,Store_7629,CENTRAL,Delhi,MH,,2021-12-02,CLOSED
S7630,Store_7630,NORTH,,MP,India,2025-09-04,
,Store_7631,WEST,Bengaluru,WB,India,2022-11-16,
,Store_7632,CENTRAL,Mumbai,,India,2024-06-08,CLOSED
,,SOUTH,Indore,KL,India,2023-02-15,CLOSED
S7634,Store_7634,,,DL,India,2023-07-14,RENOVATION
S7635,,CENTRAL,Kochi,MH,India,,RENOVATION
S7636,Store_7636,EAST,,,India,2025-06-05,OPEN
,Store_7637,CENTRAL,Pune,TS,,2024-05-12,OPEN
S7638,Store_7638,CENTRAL,Kolkata,,India,2024-04-14,
S7639,Store_7639,,Jaipur,KL,India,2022-11-12,
S7640,Store_7640,,Indore,KA,India,2024-03-15,
S7641,Store_7641,EAST,Jaipur,,,2022-04-19,CLOSED
,Store_7642,,Mumbai,WB,India,2022-03-31,OPEN
S7643,Store_7643,,Kolkata,,India,2023-06-29,OPEN
S7644,Store_7644,NORTH,,TN,India,2026-01-24,
S7645,Store_7645,,Hyderabad,MP,India,2023-06-18,
S7646,Store_7646,SOUTH,Pune,,India,2021-02-10,
,Store_7647,,Mumbai,MP,India,2025-09-09,OPEN
,Store_7648,SOUTH,Indore,TN,India,,CLOSED
S7649,Store_7649,,Bengaluru,,India,2025-08-04,RENOVATION
,Store_7650,SOUTH,Bengaluru,DL,India,2024-03-03,
S7651,Store_7651,NORTH,,KA,India,,OPEN
,Store_7652,CENTRAL,Kolkata,RJ,India,2022-07-30,
S7653,Store_7653,NORTH,Indore,,India,,RENOVATION
S7654,Store_7654,NORTH,Bengaluru,,,2025-02-08,CLOSED
,,SOUTH,Mumbai,MH,India,2021-10-30,RENOVATION
S7656,Store_7656,CENTRAL,Chennai,,,2025-02-16,RENOVATION
S7657,Store_7657,EAST,Hyderabad,WB,,2021-10-30,
S7658,,,Pune,MP,India,2025-12-23,CLOSED
S7659,Store_7659,,Delhi,,India,2022-12-24,CLOSED
S7660,Store_7660,EAST,,DL,India,,CLOSED
S7661,,CENTRAL,Kolkata,TS,India,2022-05-31,
S7662,Store_7662,,Jaipur,WB,India,2022-03-19,
S7663,Store_7663,SOUTH,,DL,,2023-08-16,RENOVATION
,Store_7664,SOUTH,Mumbai,,India,2024-02-26,OPEN
,,CENTRAL,Kolkata,TN,India,2025-07-17,RENOVATION
S7666,Store_7666,NORTH,Kochi,DL,India,,
S7667,,,Kolkata,KA,India,2023-06-02,RENOVATION
S7668,Store_7668,EAST,Bengaluru,DL,,2024-07-06,
S7669,,EAST,Kolkata,KL,India,,CLOSED
,Store_7670,WEST,Jaipur,KA,,2025-01-13,RENOVATION
S7671,Store_7671,,,MH,India,2025-01-31,RENOVATION
S7672,Store_7672,,Indore,MP,India,,CLOSED
,Store_7673,NORTH,Jaipur,WB,India,2024-04-23,
S7674,,CENTRAL,Jaipur,,India,2022-06-24,OPEN
S7675,Store_7675,,Pune,WB,India,,RENOVATION
S7676,,CENTRAL,Hyderabad,RJ,India,,CLOSED
S7677,,WEST,Chennai,WB,India,,OPEN
S7678,Store_7678,NORTH,Pune,MH,,,OPEN
S7679,,EAST,,WB,India,2024-05-12,RENOVATION
S7680,Store_7680,,,TS,India,2025-02-16,CLOSED
S7681,Store_7681,WEST,Pune,,,2024-11-25,CLOSED
S7682,,EAST,Bengaluru,WB,,2021-07-31,CLOSED
S7683,Store_7683,,Hyderabad,WB,India,,CLOSED
S7684,Store_7684,NORTH,,KA,,2025-02-24,RENOVATION
,Store_7685,WEST,Jaipur,,India,2024-05-09,CLOSED
,Store_7686,WEST,Bengaluru,TN,India,2025-03-10,
S7687,,CENTRAL,Hyderabad,KL,,2023-05-19,CLOSED
S7688,Store_7688,,,WB,India,2022-04-30,OPEN
S7689,Store_7689,,Bengaluru,,India,2022-06-16,RENOVATION
S7690,Store_7690,CENTRAL,Hyderabad,MH,,2021-04-18,
S7691,,CENTRAL,Mumbai,,India,2021-09-01,CLOSED
S7692,Store_7692,NORTH,,KA,,2023-01-25,OPEN
S7693,Store_7693,EAST,Hyderabad,,,2023-09-26,CLOSED
S7694,Store_7694,EAST,Indore,WB,India,,
S7695,Store_7695,,,WB,India,2024-02-22,OPEN
,Store_7696,SOUTH,Indore,MH,India,2021-11-03,
S7697,,,Kochi,KL,India,2021-08-02,RENOVATION
S7698,Store_7698,EAST,,,India,2023-02-16,RENOVATION
S7699,Store_7699,WEST,,KA,India,2022-10-14,
S7700,Store_7700,,Delhi,,India,2023-03-13,CLOSED
S7701,Store_7701,,Bengaluru,WB,India,2024-04-29,
S7702,Store_7702,WEST,,,India,2022-09-17,RENOVATION
S7703,,,Kolkata,MH,India,2025-04-27,CLOSED
S7704,Store_7704,NORTH,,,India,2025-03-09,RENOVATION
,,SOUTH,Kolkata,DL,India,2022-08-26,CLOSED
,Store_7706,SOUTH,Bengaluru,RJ,India,,OPEN
S7707,Store_7707,WEST,Mumbai,,India,,OPEN
S7708,Store_7708,,Kolkata,WB,India,,CLOSED
S7709,Store_7709,WEST,Kolkata,KA,,2021-09-13,
,Store_7710,EAST,,RJ,India,2024-04-07,RENOVATION
S7711,,EAST,Chennai,DL,India,,RENOVATION
S7712,,,Chennai,MH,India,2023-12-15,OPEN
,Store_7713,CENTRAL,,WB,India,2025-05-24,CLOSED
S7714,Store_7714,,,RJ,India,2024-04-01,CLOSED
,Store_7715,EAST,Chennai,,India,2024-04-29,CLOSED
S7716,Store_7716,SOUTH,,,India,2024-06-02,CLOSED
S7717,Store_7717,CENTRAL,,TN,India,,OPEN
S7718,Store_7718,SOUTH,Jaipur,,India,,CLOSED
S7719,Store_7719,CENTRAL,Kolkata,,,2026-01-10,CLOSED
S7720,,NORTH,Chennai,,India,2022-09-09,CLOSED
S7721,Store_7721,,Mumbai,KL,India,2021-12-06,
,Store_7722,WEST,Bengaluru,,India,2025-09-12,CLOSED
,,WEST,Delhi,MH,India,2021-09-30,RENOVATION
S7724,Store_7724,NORTH,Bengaluru,KL,,,RENOVATION
S7725,Store_7725,CENTRAL,,TS,India,2023-06-28,
S7726,Store_7726,NORTH,Hyderabad,,India,2021-05-11,
S7727,Store_7727,WEST,,TS,India,2024-04-03,
S7728,Store_7728,,,DL,India,2023-09-01,OPEN
S7729,,NORTH,Hyderabad,MP,India,2021-06-15,
S7730,Store_7730,,Delhi,,India,2022-07-08,RENOVATION
,Store_7731,EAST,Chennai,TS,India,2023-06-02,
S7732,,SOUTH,Hyderabad,KL,India,,RENOVATION
S7733,Store_7733,,Indore,KL,,2023-09-24,RENOVATION
S7734,Store_7734,,Indore,WB,India,2023-05-04,
S7735,Store_7735,WEST,Delhi,TN,,,OPEN
S7736,Store_7736,SOUTH,Delhi,KL,,2023-10-25,
S7737,,CENTRAL,,TS,India,2021-06-27,OPEN
S7738,,NORTH,Jaipur,TN,,2021-07-09,RENOVATION
,Store_7739,SOUTH,Indore,,India,2022-03-01,CLOSED
,Store_7740,NORTH,Delhi,,India,2024-11-04,CLOSED
S7741,Store_7741,,Indore,WB,India,,CLOSED
S7742,Store_7742,,Jaipur,,India,2023-09-25,OPEN
S7743,,CENTRAL,Mumbai,DL,,2025-11-04,OPEN
S7744,Store_7744,,Chennai,MP,India,,CLOSED
,Store_7745,CENTRAL,Kochi,TN,India,,OPEN
S7746,Store_7746,CENTRAL,,DL,,2021-03-31,RENOVATION
S7747,Store_7747,,Indore,,India,2025-12-24,RENOVATION
S7748,Store_7748,WEST,Jaipur,TN,India,,
S7749,Store_7749,,Delhi,DL,India,2024-04-08,
S7750,Store_7750,,Indore,KA,,2024-08-12,OPEN
,,NORTH,Indore,DL,India,2025-02-27,OPEN
,Store_7752,WEST,Pune,MP,,2022-10-12,OPEN
S7753,Store_7753,,,MH,India,2023-03-26,CLOSED
S7754,Store_7754,,Jaipur,RJ,,2022-12-11,OPEN
,Store_7755,SOUTH,Chennai,MP,,2023-12-23,RENOVATION
S7756,Store_7756,SOUTH,Hyderabad,DL,,,RENOVATION
,Store_7757,WEST,Delhi,,India,2021-07-29,CLOSED
S7758,,CENTRAL,Kochi,MH,India,2024-03-15,
S7759,Store_7759,CENTRAL,Indore,WB,India,,
S7760,,SOUTH,,TN,India,2023-05-09,OPEN
S7761,Store_7761,,Mumbai,,India,2024-03-06,RENOVATION
,,SOUTH,Mumbai,DL,India,2021-12-05,OPEN
S7763,,CENTRAL,,DL,India,2021-09-24,RENOVATION
,Store_7764,WEST,Mumbai,RJ,India,2025-05-17,
S7765,Store_7765,SOUTH,,WB,,2021-05-07,RENOVATION
S7766,,EAST,,WB,India,2025-10-15,OPEN
S7767,Store_7767,,Jaipur,TN,India,2025-06-17,
S7768,,SOUTH,Delhi,RJ,India,,CLOSED
S7769,,CENTRAL,,KL,India,2025-03-16,RENOVATION
S7770,Store_7770,EAST,Hyderabad,,India,,CLOSED
S7771,,EAST,Indore,KA,,2024-01-10,OPEN
,Store_7772,SOUTH,Indore,,India,2022-03-31,OPEN
S7773,Store_7773,SOUTH,Kochi,,India,,RENOVATION
,Store_7774,CENTRAL,,MP,India,2024-12-27,OPEN
S7775,Store_7775,SOUTH,,,India,2022-12-18,CLOSED
,Store_7776,CENTRAL,Delhi,WB,,2023-10-29,CLOSED
,Store_7777,SOUTH,Bengaluru,DL,,2026-01-07,OPEN
S7778,Store_7778,NORTH,Delhi,MP,India,,
,Store_7779,,Mumbai,TS,India,2025-07-19,OPEN
S7780,Store_7780,,Delhi,RJ,India,2025-03-16,
S7781,Store_7781,,Mumbai,DL,,2025-05-26,OPEN
,Store_7782,CENTRAL,,MP,India,2022-08-06,OPEN
S7783,,WEST,,MH,India,2021-06-14,CLOSED
S7784,,WEST,Pune,KL,,2021-12-26,OPEN
S7785,,NORTH,,DL,India,2026-01-09,CLOSED
S7786,Store_7786,WEST,,KL,India,,OPEN
,Store_7787,NORTH,Kochi,DL,India,2025-07-16,
S7788,,EAST,Kochi,,India,2021-04-04,CLOSED
,Store_7789,CENTRAL,Delhi,RJ,,2022-09-21,RENOVATION
S7790,Store_7790,,Indore,KA,India,,RENOVATION
S7791,Store_7791,SOUTH,,DL,India,2023-10-14,
S7792,,EAST,,TS,India,2022-08-27,OPEN
S7793,Store_7793,,Hyderabad,WB,,2022-11-29,OPEN
S7794,,CENTRAL,Kolkata,RJ,India,2022-05-22,
S7795,Store_7795,NORTH,Jaipur,,India,2021-05-13,
S7796,Store_7796,,Kochi,MP,,2025-12-09,OPEN
S7797,Store_7797,WEST,Kochi,MP,,2021-11-10,
S7798,Store_7798,CENTRAL,,WB,India,,CLOSED
S7799,Store_7799,EAST,,,India,2023-08-24,CLOSED
S7800,Store_7800,EAST,,DL,India,2025-11-25,
S7801,Store_7801,CENTRAL,,WB,,2025-11-11,RENOVATION
,Store_7802,SOUTH,Mumbai,RJ,India,2025-06-13,
S7803,Store_7803,SOUTH,,WB,India,2024-02-22,
S7804,Store_7804,EAST,Bengaluru,KA,,,RENOVATION
S7805,Store_7805,,Mumbai,KL,India,,RENOVATION
S7806,,CENTRAL,Hyderabad,TS,India,2023-07-15,
S7807,,,Kolkata,TS,India,2023-12-04,OPEN
S7808,Store_7808,,Chennai,MP,India,2022-06-24,
,Store_7809,SOUTH,Mumbai,WB,,2023-04-16,OPEN
,Store_7810,NORTH,Chennai,DL,India,,CLOSED
S7811,,EAST,Bengaluru,,India,2022-01-19,OPEN
S7812,Store_7812,CENTRAL,Pune,RJ,,,RENOVATION
,Store_7813,SOUTH,Kochi,TS,,2024-10-07,OPEN
S7814,Store_7814,WEST,,WB,,2025-01-19,OPEN
S7815,Store_7815,CENTRAL,,DL,,2023-12-16,RENOVATION
,Store_7816,NORTH,Pune,MP,India,,CLOSED
S7817,,SOUTH,,TS,India,2021-10-14,RENOVATION
S7818,Store_7818,,Kochi,,India,2022-12-11,OPEN
S7819,Store_7819,,Indore,MP,,2025-12-10,RENOVATION
S7820,Store_7820,NORTH,Chennai,,India,,RENOVATION
,Store_7821,EAST,Kolkata,KL,India,2024-01-25,
,Store_7822,NORTH,Delhi,,India,2021-12-20,CLOSED
S7823,,WEST,Delhi,,India,2025-11-04,RENOVATION
,Store_7824,CENTRAL,Kolkata,,India,2023-01-13,CLOSED
S7825,Store_7825,,Indore,MP,India,,OPEN
S7826,,EAST,Hyderabad,,India,2022-12-20,CLOSED
S7827,Store_7827,NORTH,Delhi,,India,2024-02-22,
S7828,Store_7828,,Kochi,MP,India,2024-11-06,
S7829,,CENTRAL,Chennai,WB,,2025-04-26,RENOVATION
S7830,Store_7830,,Delhi,MP,,2022-09-24,OPEN
S7831,Store_7831,,Jaipur,MP,India,,CLOSED
,,WEST,Kolkata,WB,India,2024-06-20,RENOVATION
S7833,Store_7833,,Hyderabad,DL,,2024-09-22,RENOVATION
S7834,Store_7834,,Delhi,KA,India,2021-09-06,
S7835,Store_7835,SOUTH,,,India,2022-10-24,RENOVATION
S7836,Store_7836,NORTH,,,India,2025-08-05,RENOVATION
S7837,Store_7837,,Chennai,DL,India,2024-07-30,
S7838,Store_7838,NORTH,Indore,,India,,CLOSED
S7839,Store_7839,SOUTH,Kolkata,KL,India,,
S7840,Store_7840,,Indore,DL,India,2024-02-25,
S7841,Store_7841,NORTH,Kochi,WB,India,,
S7842,Store_7842,SOUTH,,,India,2023-06-10,CLOSED
S7843,Store_7843,SOUTH,,KL,India,,CLOSED
S7844,Store_7844,CENTRAL,,DL,India,2025-09-11,
S7845,Store_7845,CENTRAL,Mumbai,RJ,,2024-08-28,
S7846,,EAST,Mumbai,MH,India,,CLOSED
S7847,Store_7847,CENTRAL,,WB,India,,OPEN
S7848,Store_7848,,,DL,India,2024-11-19,OPEN
S7849,,EAST,Chennai,,India,2026-01-23,OPEN
S7850,Store_7850,,Chennai,KA,India,,OPEN
,Store_7851,,Delhi,WB,India,2021-10-10,OPEN
S7852,Store_7852,,,DL,India,2024-11-05,OPEN
S7853,Store_7853,EAST,Jaipur,,India,,CLOSED
S7854,,EAST,Chennai,WB,India,,RENOVATION
S7855,,CENTRAL,Kolkata,WB,India,2022-09-10,
S7856,,EAST,,TN,India,2025-04-12,OPEN
S7857,,CENTRAL,,KL,India,2022-05-19,RENOVATION
S7858,Store_7858,,Pune,WB,India,,RENOVATION
S7859,Store_7859,EAST,,,India,2024-12-08,OPEN
S7860,Store_7860,CENTRAL,,TN,India,2022-08-09,
S7861,Store_7861,WEST,,RJ,India,,OPEN
S7862,,NORTH,,WB,India,2023-10-25,OPEN
S7863,Store_7863,NORTH,Mumbai,,India,2024-10-19,
S7864,Store_7864,,Mumbai,,India,2022-02-07,OPEN
S7865,Store_7865,WEST,,TN,India,2022-10-03,
,Store_7866,SOUTH,Hyderabad,MH,,2024-02-19,CLOSED
,Store_7867,SOUTH,Mumbai,KA,,2023-07-19,RENOVATION
S7868,Store_7868,WEST,,TS,India,2021-12-09,
S7869,,NORTH,Pune,RJ,,2025-05-23,OPEN
S7870,Store_7870,,Kochi,,India,2021-03-23,CLOSED
S7871,Store_7871,CENTRAL,Chennai,,India,,RENOVATION
S7872,,WEST,Bengaluru,DL,India,2024-12-06,
S7873,Store_7873,CENTRAL,Kolkata,MP,,,OPEN
S7874,Store_7874,EAST,,DL,,2023-02-12,RENOVATION
S7875,Store_7875,NORTH,Kolkata,WB,,,CLOSED
S7876,Store_7876,SOUTH,,RJ,India,,CLOSED
S7877,,SOUTH,Kolkata,MP,India,,OPEN
S7878,Store_7878,,Hyderabad,MH,India,2024-12-21,
S7879,Store_7879,,Delhi,KL,India,2023-11-18,
S7880,Store_7880,WEST,Jaipur,TN,India,,
S7881,Store_7881,,Hyderabad,TN,,2021-06-29,CLOSED
S7882,,CENTRAL,Kolkata,MH,India,,RENOVATION
S7883,,EAST,Jaipur,DL,India,2023-07-23,
S7884,Store_7884,,Mumbai,KA,India,,RENOVATION
S7885,Store_7885,SOUTH,,DL,India,,CLOSED
S7886,Store_7886,,Indore,MH,India,2021-04-24,
S7887,Store_7887,,Bengaluru,WB,,2023-11-17,RENOVATION
S7888,Store_7888,NORTH,,TS,India,,RENOVATION
S7889,Store_7889,WEST,,MH,India,,OPEN
S7890,Store_7890,WEST,,KL,India,,RENOVATION
S7891,Store_7891,EAST,Delhi,,India,,OPEN
S7892,,EAST,Jaipur,RJ,India,,RENOVATION
S7893,Store_7893,,Kochi,WB,,2026-01-01,CLOSED
S7894,Store_7894,EAST,Jaipur,TN,India,,
S7895,Store_7895,EAST,Indore,TS,India,,
S7896,Store_7896,CENTRAL,,DL,India,2025-02-06,
,Store_7897,EAST,Jaipur,,India,2023-10-03,OPEN
,,SOUTH,Hyderabad,MP,India,2024-04-06,RENOVATION
S7899,Store_7899,SOUTH,Jaipur,DL,India,,
S7900,Store_7900,EAST,Indore,,India,2025-07-01,
,Store_7901,WEST,Hyderabad,MP,,2022-04-06,CLOSED
S7902,Store_7902,CENTRAL,Hyderabad,RJ,,,RENOVATION
S7903,Store_7903,WEST,Mumbai,,India,2024-05-06,
S7904,Store_7904,NORTH,,TS,,2022-05-12,RENOVATION
S7905,Store_7905,,Kochi,MH,,2026-01-31,RENOVATION
,,WEST,Kolkata,KA,India,2023-03-12,RENOVATION
S7907,,SOUTH,Pune,DL,,2021-10-21,CLOSED
S7908,Store_7908,CENTRAL,Pune,MH,,,OPEN
S7909,Store_7909,CENTRAL,Pune,MP,,2025-08-26,
S7910,Store_7910,SOUTH,Kolkata,,,2021-03-05,RENOVATION
S7911,Store_7911,,Chennai,MP,India,2021-03-29,
S7912,Store_7912,WEST,Jaipur,,India,,OPEN
S7913,Store_7913,NORTH,,,India,2021-02-18,OPEN
S7914,,CENTRAL,,WB,India,2023-01-13,RENOVATION
S7915,,CENTRAL,,KL,India,2022-10-16,RENOVATION
S7916,Store_7916,,Chennai,KL,,2021-08-14,RENOVATION
S7917,,EAST,Pune,KL,India,2021-11-16,
S7918,Store_7918,,,RJ,India,2023-10-03,OPEN
S7919,Store_7919,EAST,,KL,India,2022-09-13,
S7920,,SOUTH,Pune,RJ,,2025-01-31,CLOSED
S7921,Store_7921,NORTH,Kolkata,,,2025-11-09,CLOSED
S7922,Store_7922,,,TS,India,2025-01-14,CLOSED
S7923,Store_7923,NORTH,,MH,India,2023-05-31,
,Store_7924,SOUTH,,RJ,India,2022-04-28,RENOVATION
S7925,Store_7925,NORTH,Indore,,India,2024-06-17,
S7926,Store_7926,EAST,,RJ,India,2022-07-11,
S7927,Store_7927,EAST,Delhi,MH,,,OPEN
S7928,,NORTH,Delhi,RJ,,2022-09-10,RENOVATION
S7929,Store_7929,,Indore,DL,,2022-10-23,RENOVATION
,Store_7930,CENTRAL,Delhi,,India,2024-06-06,OPEN
S7931,Store_7931,,Delhi,WB,India,,OPEN
,Store_7932,EAST,Chennai,RJ,,2022-03-26,RENOVATION
,,EAST,Delhi,MH,India,2023-02-25,RENOVATION
S7934,,WEST,Chennai,MH,India,2022-05-02,
S7935,Store_7935,NORTH,,,India,2023-05-06,OPEN
S7936,Store_7936,SOUTH,Indore,MP,,,OPEN
,Store_7937,SOUTH,Kochi,KL,India,,OPEN
S7938,,,Chennai,KA,India,2024-07-10,OPEN
,Store_7939,EAST,Kochi,,India,2023-12-30,OPEN
S7940,Store_7940,,Mumbai,DL,India,2023-09-24,
,Store_7941,SOUTH,,DL,India,2023-01-24,RENOVATION
S7942,Store_7942,,Jaipur,KL,India,2023-09-22,
S7943,,SOUTH,Bengaluru,,India,2024-03-02,CLOSED
S7944,Store_7944,NORTH,Mumbai,,India,,CLOSED
S7945,Store_7945,,Jaipur,,India,2025-03-22,OPEN
,Store_7946,CENTRAL,,MH,India,2022-09-02,RENOVATION
S7947,,NORTH,,TN,India,2022-09-09,RENOVATION
,Store_7948,SOUTH,Mumbai,KL,,2024-10-07,CLOSED
S7949,Store_7949,NORTH,,TN,,2023-08-16,RENOVATION
,Store_7950,NORTH,Bengaluru,MH,India,,OPEN
,Store_7951,CENTRAL,Bengaluru,DL,India,2022-11-05,
,Store_7952,WEST,,KL,India,2023-08-14,RENOVATION
S7953,Store_7953,,Bengaluru,TS,India,,RENOVATION
S7954,Store_7954,EAST,Pune,,India,2024-10-03,
,Store_7955,CENTRAL,Pune,TN,,2023-10-27,CLOSED
S7956,Store_7956,,,RJ,India,2021-12-24,RENOVATION
,Store_7957,WEST,Delhi,MP,,2024-08-03,OPEN
S7958,Store_7958,EAST,Hyderabad,RJ,India,,
S7959,,NORTH,Jaipur,KL,,2023-11-04,OPEN
S7960,Store_7960,EAST,,,India,2023-11-21,CLOSED
S7961,Store_7961,,Bengaluru,,India,2026-01-31,CLOSED
,Store_7962,WEST,Jaipur,DL,,2025-01-31,CLOSED
S7963,Store_7963,SOUTH,Mumbai,KA,,,RENOVATION
S7964,Store_7964,SOUTH,Bengaluru,MH,India,,
S7965,,EAST,Kochi,KL,,2024-01-16,RENOVATION
S7966,,CENTRAL,Bengaluru,KA,,2023-09-23,OPEN
S7967,Store_7967,,Jaipur,WB,India,2021-11-28,
S7968,,CENTRAL,Kochi,MH,India,,CLOSED
S7969,Store_7969,EAST,,KL,,2022-09-12,CLOSED
,,WEST,Indore,MH,India,2022-01-12,RENOVATION
S7971,Store_7971,,,MP,India,2025-04-22,CLOSED
,,NORTH,Indore,DL,India,2021-05-21,OPEN
,Store_7973,NORTH,Kochi,KA,,2021-06-28,OPEN
S7974,Store_7974,WEST,Kochi,TS,,2022-07-06,
S7975,Store_7975,SOUTH,Mumbai,,,2025-02-12,CLOSED
,Store_7976,WEST,,TN,India,2021-04-20,OPEN
S7977,,SOUTH,,KA,India,2022-08-13,CLOSED
S7978,Store_7978,,,KL,India,2025-04-11,CLOSED
S7979,Store_7979,NORTH,Hyderabad,,India,,RENOVATION
S7980,Store_7980,,Indore,,India,2024-09-20,RENOVATION
S7981,Store_7981,SOUTH,Delhi,KL,India,,
S7982,Store_7982,WEST,,KL,India,,OPEN
S7983,Store_7983,,Mumbai,,India,2023-11-04,RENOVATION
S7984,,SOUTH,Bengaluru,KA,India,2026-01-25,
S7985,Store_7985,WEST,Bengaluru,,,2022-01-12,CLOSED
S7986,Store_7986,,Kolkata,,India,2025-01-23,RENOVATION
S7987,Store_7987,,Hyderabad,,India,2024-12-14,CLOSED
,Store_7988,SOUTH,,TN,India,2024-04-07,RENOVATION
S7989,Store_7989,SOUTH,Jaipur,KL,,,CLOSED
S7990,Store_7990,,,KL,India,2022-01-08,OPEN
S7991,Store_7991,WEST,,,India,2025-06-15,CLOSED
S7992,,,Chennai,KL,India,2024-04-12,OPEN
S7993,Store_7993,EAST,Jaipur,KL,,,CLOSED
,,CENTRAL,Pune,TN,India,2024-08-30,RENOVATION
,Store_7995,SOUTH,,DL,India,2024-05-15,CLOSED
S7996,Store_7996,SOUTH,Delhi,MP,,,RENOVATION
S7997,Store_7997,CENTRAL,Delhi,,,2023-04-12,RENOVATION
S7998,Store_7998,CENTRAL,Bengaluru,,,2024-05-10,RENOVATION
S7999,,EAST,,MH,India,2024-04-07,OPEN
S8000,,CENTRAL,Jaipur,,India,2023-02-01,RENOVATION
S8001,Store_8001,SOUTH,,TN,,2024-03-03,OPEN
S8002,Store_8002,,Indore,,India,2025-08-04,RENOVATION
S8003,,WEST,,MP,India,2023-11-24,CLOSED
,Store_8004,WEST,Jaipur,TN,India,,RENOVATION
S8005,Store_8005,,Kolkata,,India,2022-07-08,OPEN
S8006,Store_8006,EAST,Mumbai,TS,,,CLOSED
S8007,Store_8007,SOUTH,,TS,India,2023-11-05,
,Store_8008,NORTH,Delhi,KL,India,,OPEN
S8009,,NORTH,Kochi,,India,2024-03-25,OPEN
S8010,Store_8010,,,MH,India,2023-02-28,RENOVATION
S8011,Store_8011,,,RJ,India,2025-06-03,RENOVATION
S8012,Store_8012,,Delhi,TS,,2025-06-22,RENOVATION
,Store_8013,EAST,,RJ,India,2024-09-16,OPEN
S8014,,NORTH,Jaipur,MP,,2023-07-19,RENOVATION
S8015,Store_8015,,Jaipur,WB,,2024-09-26,OPEN
S8016,,WEST,Bengaluru,,India,2023-06-02,CLOSED
,Store_8017,,Jaipur,KL,India,2021-12-15,RENOVATION
S8018,Store_8018,,Kochi,KA,India,,RENOVATION
S8019,Store_8019,CENTRAL,Indore,TS,,2022-03-25,
S8020,Store_8020,,Bengaluru,,India,2022-06-30,CLOSED
,Store_8021,WEST,,KL,India,2025-05-26,OPEN
S8022,Store_8022,NORTH,Chennai,TN,India,,
S8023,,CENTRAL,Hyderabad,KA,India,,CLOSED
,Store_8024,EAST,,TN,India,2025-02-21,RENOVATION
S8025,Store_8025,CENTRAL,Kolkata,KL,,,CLOSED
S8026,,CENTRAL,Delhi,WB,India,2022-03-17,
,Store_8027,NORTH,Bengaluru,KL,India,2022-10-31,
S8028,Store_8028,CENTRAL,Pune,WB,,2025-11-25,
S8029,Store_8029,NORTH,,RJ,,2023-07-01,RENOVATION
S8030,Store_8030,CENTRAL,Pune,,,2021-10-02,RENOVATION
S8031,Store_8031,SOUTH,Mumbai,KL,,2021-11-21,
,Store_8032,EAST,,TS,India,2024-04-22,CLOSED
S8033,Store_8033,,Kochi,DL,India,,OPEN
S8034,Store_8034,EAST,,,India,2023-07-27,OPEN
S8035,Store_8035,WEST,,MP,India,,OPEN
S8036,Store_8036,,Kochi,,India,2022-02-24,OPEN
S8037,,SOUTH,Hyderabad,MP,India,2025-07-19,
,Store_8038,WEST,,MH,India,2023-11-19,CLOSED
S8039,,EAST,Kolkata,KL,India,2021-09-29,
,,SOUTH,Indore,TS,India,2024-01-22,OPEN
S8041,Store_8041,WEST,Mumbai,,India,2023-05-10,
S8042,Store_8042,SOUTH,Pune,,,2023-01-23,RENOVATION
S8043,Store_8043,SOUTH,Indore,WB,,2026-01-25,
S8044,,SOUTH,,KA,India,2025-03-09,OPEN
S8045,Store_8045,WEST,,,India,2022-07-27,CLOSED
,Store_8046,EAST,Kochi,,India,2023-11-20,RENOVATION
S8047,,SOUTH,Jaipur,WB,India,2022-02-09,
S8048,Store_8048,EAST,Kolkata,,India,2025-03-10,
S8049,Store_8049,NORTH,Pune,KL,India,,
S8050,Store_8050,,Kochi,,India,2025-05-20,CLOSED
,,WEST,Chennai,KL,India,2024-03-02,OPEN
,Store_8052,,Hyderabad,KA,India,2022-02-09,OPEN
S8053,Store_8053,SOUTH,Bengaluru,RJ,,,OPEN
,Store_8054,,Chennai,KA,India,2022-08-13,OPEN
S8055,Store_8055,EAST,Mumbai,,India,2023-01-03,
S8056,,WEST,Pune,KA,India,2022-04-14,
S8057,Store_8057,EAST,,MH,,2022-11-07,OPEN
,Store_8058,NORTH,Bengaluru,KA,India,2022-12-02,
S8059,Store_8059,SOUTH,Kolkata,,India,,CLOSED
S8060,,WEST,,MH,India,2022-02-25,RENOVATION
,,WEST,Kolkata,MP,India,2024-12-04,OPEN
S8062,Store_8062,CENTRAL,Kolkata,KA,India,,
,Store_8063,CENTRAL,Delhi,RJ,India,2025-10-03,
S8064,Store_8064,,Kolkata,TN,India,,CLOSED
,Store_8065,,Jaipur,KL,India,2024-11-25,OPEN
S8066,Store_8066,,Bengaluru,TN,India,2024-04-14,
S8067,Store_8067,,Hyderabad,TN,India,2024-04-10,
S8068,,SOUTH,Jaipur,MP,India,2025-07-24,
S8069,Store_8069,EAST,,WB,India,2023-02-27,
,Store_8070,WEST,Bengaluru,MP,,2021-04-23,RENOVATION
S8071,,NORTH,Kolkata,,India,2023-03-20,CLOSED
S8072,Store_8072,SOUTH,,RJ,India,2022-08-03,
,Store_8073,CENTRAL,,KL,India,2025-11-24,CLOSED
,Store_8074,CENTRAL,Chennai,TS,India,,RENOVATION
,Store_8075,EAST,Mumbai,WB,India,2025-12-28,
S8076,Store_8076,CENTRAL,Hyderabad,RJ,India,,
S8077,,,Pune,DL,India,2021-11-04,RENOVATION
S8078,,,Chennai,MH,India,2021-07-31,OPEN
S8079,Store_8079,,Hyderabad,KA,India,2023-06-27,
S8080,Store_8080,EAST,,TS,India,,OPEN
S8081,Store_8081,SOUTH,Delhi,,India,,CLOSED
S8082,Store_8082,,Bengaluru,,India,2021-07-19,CLOSED
,Store_8083,SOUTH,Delhi,,India,2023-05-25,OPEN
S8084,Store_8084,,Pune,MP,India,,CLOSED
,Store_8085,EAST,Bengaluru,WB,India,2022-01-21,
S8086,Store_8086,EAST,Hyderabad,,,2021-08-15,OPEN
S8087,Store_8087,,Chennai,KA,India,2022-05-01,
,Store_8088,EAST,Pune,TN,India,,OPEN
S8089,Store_8089,NORTH,,TS,India,2024-04-06,
S8090,Store_8090,,Kochi,MP,India,2025-01-24,
S8091,Store_8091,EAST,,MP,India,,RENOVATION
S8092,Store_8092,WEST,Hyderabad,,,2025-01-02,RENOVATION
,Store_8093,SOUTH,Chennai,RJ,India,,OPEN
,Store_8094,NORTH,Mumbai,MP,India,,RENOVATION
S8095,Store_8095,,Chennai,,India,2025-05-30,RENOVATION
S8096,Store_8096,NORTH,Chennai,,,2024-09-14,RENOVATION
S8097,Store_8097,WEST,Pune,,India,2024-02-17,
S8098,Store_8098,,Chennai,RJ,India,,CLOSED
S8099,Store_8099,,Jaipur,MP,India,2026-01-23,
,Store_8100,CENTRAL,Mumbai,,India,2022-09-02,CLOSED
S8101,Store_8101,SOUTH,Delhi,,,2021-02-17,CLOSED
,,SOUTH,Chennai,MP,India,2023-10-13,OPEN
S8103,Store_8103,SOUTH,,MP,,2023-04-01,RENOVATION
S8104,Store_8104,CENTRAL,,KA,India,,RENOVATION
S8105,Store_8105,EAST,Jaipur,,,2022-05-23,OPEN
S8106,Store_8106,,,MH,India,2025-05-28,CLOSED
S8107,Store_8107,CENTRAL,,DL,India,,CLOSED
S8108,,WEST,Kochi,KL,,2025-12-05,CLOSED
S8109,Store_8109,NORTH,Kolkata,MP,,2025-05-11,
S8110,,WEST,,TN,India,2022-05-20,OPEN
S8111,Store_8111,,Jaipur,WB,India,2025-07-04,
S8112,Store_8112,EAST,Jaipur,,,2025-08-16,OPEN
S8113,Store_8113,,Pune,TN,,2022-01-31,OPEN
S8114,,WEST,,KA,India,2021-07-11,OPEN
S8115,Store_8115,NORTH,,TS,India,,CLOSED
S8116,Store_8116,CENTRAL,,WB,India,2025-05-18,
S8117,Store_8117,EAST,,KL,,2023-08-14,OPEN
,Store_8118,EAST,Delhi,WB,India,,CLOSED
,Store_8119,,Kochi,KA,India,2025-06-06,CLOSED
S8120,Store_8120,,Chennai,DL,India,,OPEN
S8121,Store_8121,EAST,,,India,2022-02-19,CLOSED
,Store_8122,,Kolkata,WB,India,2025-05-10,CLOSED
S8123,Store_8123,,Chennai,WB,India,2021-09-15,
S8124,Store_8124,SOUTH,,,India,2025-06-04,OPEN
,Store_8125,EAST,Mumbai,TN,India,2022-12-01,
,Store_8126,,Bengaluru,TS,India,2025-08-09,CLOSED
S8127,,CENTRAL,Kochi,KA,India,,OPEN
S8128,Store_8128,,Mumbai,TN,,2022-07-02,OPEN
S8129,,EAST,Chennai,,India,2025-04-29,CLOSED
,Store_8130,SOUTH,Indore,WB,India,2023-06-01,
S8131,Store_8131,EAST,,,India,2025-12-28,OPEN
S8132,Store_8132,,,DL,India,2022-07-06,CLOSED
S8133,Store_8133,CENTRAL,,WB,India,2022-06-04,
S8134,Store_8134,CENTRAL,,WB,India,2023-05-14,
S8135,,SOUTH,,RJ,India,2021-08-05,RENOVATION
S8136,Store_8136,,Mumbai,MH,India,,OPEN
S8137,,WEST,Hyderabad,TN,,2021-08-31,RENOVATION
S8138,,NORTH,Bengaluru,MH,India,,CLOSED
,Store_8139,NORTH,,WB,India,2022-03-18,OPEN
S8140,Store_8140,NORTH,,TN,,2021-07-04,RENOVATION
S8141,,,Jaipur,TS,India,2022-01-28,RENOVATION
S8142,,,Delhi,MH,India,2023-11-18,CLOSED
S8143,,EAST,Hyderabad,WB,,2021-08-15,CLOSED
S8144,,WEST,Mumbai,DL,India,,OPEN
S8145,Store_8145,,Chennai,TN,India,,CLOSED
,Store_8146,NORTH,Kolkata,TS,,2022-07-21,CLOSED
S8147,Store_8147,,Hyderabad,WB,India,,CLOSED
,Store_8148,,Pune,TN,India,2025-02-17,CLOSED
,Store_8149,NORTH,Jaipur,,India,2024-03-23,RENOVATION
S8150,Store_8150,,Delhi,,India,2025-01-18,CLOSED
S8151,Store_8151,SOUTH,Mumbai,DL,,2021-04-13,
,,NORTH,Pune,TN,India,2025-06-22,RENOVATION
S8153,Store_8153,WEST,Kochi,,,2023-01-30,RENOVATION
S8154,Store_8154,,Jaipur,MP,India,2024-04-09,
,,SOUTH,Delhi,TN,India,2025-12-31,OPEN
,Store_8156,EAST,Kolkata,WB,India,2022-03-12,
S8157,Store_8157,NORTH,,TS,India,,OPEN
,,NORTH,Hyderabad,MH,India,2021-08-25,RENOVATION
,Store_8159,WEST,Pune,,India,2025-12-28,OPEN
S8160,,SOUTH,Delhi,DL,India,2021-10-05,
S8161,Store_8161,SOUTH,,TS,India,,RENOVATION
S8162,Store_8162,NORTH,Chennai,,India,2024-03-15,
S8163,,CENTRAL,Jaipur,KL,India,2025-09-20,
S8164,Store_8164,WEST,Jaipur,,,2022-01-20,RENOVATION
S8165,Store_8165,EAST,Indore,RJ,,2023-04-22,
S8166,Store_8166,EAST,Chennai,WB,,2025-11-05,
,Store_8167,CENTRAL,Jaipur,KA,,2021-09-18,OPEN
S8168,,EAST,,MP,India,2025-03-16,RENOVATION
,Store_8169,WEST,,DL,India,2022-09-24,RENOVATION
S8170,Store_8170,,Hyderabad,DL,India,2023-06-21,
S8171,Store_8171,NORTH,Indore,TN,India,,
,,CENTRAL,Bengaluru,MP,India,2025-06-03,CLOSED
S8173,Store_8173,,Jaipur,,India,2023-12-15,RENOVATION
S8174,,EAST,Kolkata,,India,2021-05-23,OPEN
S8175,,WEST,Hyderabad,RJ,India,2022-02-17,
S8176,,NORTH,Chennai,,India,2021-11-30,OPEN
S8177,,WEST,Kolkata,KA,India,,OPEN
S8178,Store_8178,,Delhi,RJ,,2022-07-18,RENOVATION
S8179,,,Hyderabad,MP,India,2024-09-24,CLOSED
S8180,Store_8180,NORTH,Kochi,KA,,,OPEN
S8181,Store_8181,,,RJ,India,2024-06-08,CLOSED
S8182,Store_8182,,Hyderabad,MH,,2022-02-28,RENOVATION
S8183,Store_8183,CENTRAL,,MH,India,2024-03-30,
S8184,Store_8184,,,TS,India,2023-01-19,RENOVATION
S8185,Store_8185,,Indore,MP,India,2021-05-05,
S8186,Store_8186,,,WB,India,2025-12-06,OPEN
S8187,Store_8187,CENTRAL,Pune,,,2023-01-27,OPEN
S8188,Store_8188,,Kochi,RJ,India,,OPEN
S8189,Store_8189,WEST,Hyderabad,KA,,2021-03-08,
S8190,Store_8190,EAST,,KA,,2024-09-23,OPEN
,Store_8191,CENTRAL,Indore,TN,India,,OPEN
S8192,Store_8192,WEST,,DL,,2022-04-12,CLOSED
,Store_8193,SOUTH,,TN,India,2021-02-08,CLOSED
S8194,Store_8194,WEST,,MH,,2023-02-21,OPEN
S8195,Store_8195,WEST,Kochi,RJ,India,,
S8196,Store_8196,NORTH,Delhi,,India,,RENOVATION
S8197,Store_8197,CENTRAL,Indore,KA,,2026-01-25,
S8198,,SOUTH,Jaipur,,India,2024-11-30,RENOVATION
S8199,Store_8199,WEST,Kochi,,India,2021-12-06,
S8200,,EAST,Hyderabad,WB,,2025-12-15,OPEN
S8201,,WEST,,DL,India,2025-03-04,OPEN
S8202,Store_8202,SOUTH,,KA,India,,CLOSED
S8203,,SOUTH,Delhi,,India,2023-04-28,RENOVATION
S8204,Store_8204,SOUTH,Bengaluru,,India,,CLOSED
,Store_8205,WEST,Hyderabad,KL,,2023-10-01,RENOVATION
S8206,Store_8206,,Jaipur,KA,India,2024-05-22,
S8207,Store_8207,WEST,Mumbai,MH,,2025-11-01,
,Store_8208,SOUTH,Bengaluru,DL,India,,CLOSED
,Store_8209,CENTRAL,Kolkata,MP,India,,RENOVATION
S8210,Store_8210,SOUTH,Kolkata,,India,2023-06-20,
S8211,Store_8211,,Kolkata,,India,2023-06-10,OPEN
S8212,Store_8212,WEST,Pune,,India,,OPEN
,Store_8213,EAST,Delhi,MP,India,,RENOVATION
S8214,Store_8214,NORTH,Delhi,,India,2024-12-05,
S8215,,SOUTH,Chennai,WB,India,,RENOVATION
,,WEST,Pune,KA,India,2024-12-06,OPEN
,Store_8217,WEST,Hyderabad,,India,2025-05-19,RENOVATION
S8218,Store_8218,,Mumbai,,India,2021-08-03,CLOSED
S8219,,,Kochi,WB,India,2024-02-14,RENOVATION
,,EAST,Bengaluru,MP,India,2022-09-04,CLOSED
S8221,Store_8221,SOUTH,,,India,2022-10-23,RENOVATION
S8222,Store_8222,,,TN,India,2024-10-27,RENOVATION
S8223,Store_8223,NORTH,Pune,DL,,2025-03-11,
S8224,Store_8224,CENTRAL,Kolkata,MH,,,CLOSED
S8225,Store_8225,EAST,,,India,2021-09-17,OPEN
,Store_8226,SOUTH,Kochi,MP,,2022-12-03,OPEN
S8227,,WEST,Pune,MP,India,2023-08-24,
S8228,Store_8228,EAST,,,India,2022-10-12,CLOSED
S8229,,NORTH,,MP,India,2023-02-18,OPEN
S8230,Store_8230,SOUTH,Indore,,India,,RENOVATION
S8231,Store_8231,,Pune,KA,,2024-03-26,OPEN
S8232,Store_8232,,Kochi,,India,2022-10-25,RENOVATION
S8233,,SOUTH,,KL,India,2021-02-16,CLOSED
S8234,Store_8234,CENTRAL,,DL,India,,CLOSED
S8235,,CENTRAL,Bengaluru,WB,,2025-05-23,RENOVATION
S8236,Store_8236,WEST,,MP,India,2021-06-18,
S8237,Store_8237,CENTRAL,Hyderabad,,India,2021-10-06,
S8238,Store_8238,NORTH,Jaipur,KL,India,,
,Store_8239,,Kolkata,MH,India,2023-04-24,RENOVATION
,Store_8240,SOUTH,Mumbai,KL,,2021-12-27,OPEN
S8241,,CENTRAL,Bengaluru,KA,India,,RENOVATION
S8242,Store_8242,NORTH,Indore,WB,,2023-12-14,
S8243,Store_8243,NORTH,Indore,,India,2023-09-13,
S8244,Store_8244,NORTH,Mumbai,,,2022-09-09,CLOSED
S8245,Store_8245,WEST,Jaipur,WB,,,CLOSED
,Store_8246,NORTH,Chennai,KL,India,2024-09-03,
,Store_8247,SOUTH,Chennai,MP,India,2022-08-09,
,Store_8248,WEST,Jaipur,TN,India,2022-03-28,
S8249,Store_8249,EAST,Hyderabad,DL,India,,
S8250,,SOUTH,Bengaluru,KL,India,,RENOVATION
S8251,Store_8251,,,RJ,India,2022-03-14,OPEN
S8252,Store_8252,,,KA,India,2024-05-22,OPEN
S8253,Store_8253,,,RJ,India,2025-06-06,CLOSED
,Store_8254,,Pune,WB,India,2023-12-21,OPEN
,Store_8255,,Kolkata,RJ,India,2025-08-21,CLOSED
S8256,Store_8256,,,TN,India,2023-07-02,RENOVATION
,,WEST,Jaipur,WB,India,2022-05-09,CLOSED
S8258,Store_8258,NORTH,Hyderabad,,India,2022-09-20,
,Store_8259,CENTRAL,Kolkata,,India,2021-08-29,OPEN
,Store_8260,EAST,Bengaluru,,India,2022-05-04,CLOSED
S8261,Store_8261,WEST,Pune,MP,India,,
S8262,Store_8262,CENTRAL,Mumbai,KA,India,,
,Store_8263,,Indore,RJ,India,2021-04-14,CLOSED
,Store_8264,CENTRAL,,KA,India,2023-02-21,CLOSED
,,SOUTH,Hyderabad,TS,India,2024-04-07,RENOVATION
S8266,Store_8266,WEST,Hyderabad,,,2025-06-24,RENOVATION
S8267,,WEST,Pune,,India,2023-01-25,CLOSED
S8268,Store_8268,SOUTH,Bengaluru,RJ,India,,
,Store_8269,CENTRAL,Kochi,,India,2022-02-24,OPEN
S8270,,,Kochi,RJ,India,2021-05-22,RENOVATION
S8271,Store_8271,WEST,Delhi,KA,,2023-06-16,
S8272,Store_8272,,Kochi,MP,,2021-11-13,CLOSED
,,EAST,Bengaluru,DL,India,2025-04-13,RENOVATION
S8274,,NORTH,Mumbai,TS,India,2021-02-09,
S8275,Store_8275,EAST,,KL,India,2022-11-07,
S8276,,CENTRAL,Chennai,MP,India,2025-03-12,
S8277,,NORTH,,DL,India,2024-12-01,CLOSED
S8278,,NORTH,Delhi,TS,,2025-08-28,RENOVATION
S8279,Store_8279,EAST,Jaipur,,,2025-07-27,RENOVATION
,Store_8280,SOUTH,Indore,,India,2022-07-17,OPEN
,Store_8281,,Jaipur,DL,India,2025-08-16,OPEN
S8282,Store_8282,EAST,,KL,India,2025-09-09,
S8283,Store_8283,,Kolkata,TN,,2021-04-05,RENOVATION
,Store_8284,SOUTH,Kochi,MP,India,,OPEN
S8285,,WEST,Pune,KA,,2021-03-03,RENOVATION
S8286,Store_8286,,Bengaluru,,India,2022-08-26,OPEN
S8287,Store_8287,,,DL,India,2023-06-20,CLOSED
S8288,Store_8288,,Indore,RJ,,2022-04-04,RENOVATION
,Store_8289,CENTRAL,Delhi,DL,,2024-09-19,CLOSED
S8290,Store_8290,EAST,Mumbai,DL,India,,
S8291,,NORTH,Bengaluru,MP,India,,CLOSED
S8292,Store_8292,NORTH,,,India,2024-10-15,CLOSED
S8293,Store_8293,,Delhi,KA,,2024-03-07,RENOVATION
S8294,Store_8294,CENTRAL,Kochi,KA,,,RENOVATION
S8295,Store_8295,SOUTH,,,India,2024-06-08,RENOVATION
S8296,Store_8296,,Pune,RJ,India,2024-12-13,
S8297,Store_8297,CENTRAL,Indore,TN,,,OPEN
S8298,Store_8298,,Kolkata,KL,,2025-05-09,CLOSED
S8299,,EAST,,TN,India,2022-10-25,CLOSED
S8300,Store_8300,,Bengaluru,MH,India,,CLOSED
S8301,Store_8301,,,MH,India,2025-07-11,RENOVATION
S8302,,,Delhi,WB,India,2025-10-13,OPEN
S8303,Store_8303,NORTH,Pune,TS,,,OPEN
S8304,Store_8304,NORTH,Indore,KL,,2021-04-12,
S8305,,NORTH,,WB,India,2022-02-24,RENOVATION
S8306,Store_8306,NORTH,Kolkata,DL,,,CLOSED
,,SOUTH,Delhi,TS,India,2021-11-18,CLOSED
S8308,Store_8308,NORTH,,DL,,2025-09-15,RENOVATION
,,SOUTH,Mumbai,KA,India,2023-09-26,RENOVATION
,Store_8310,NORTH,,WB,India,2025-11-22,OPEN
S8311,Store_8311,NORTH,,DL,,2026-01-10,RENOVATION
S8312,Store_8312,SOUTH,,TN,India,2023-05-11,
S8313,Store_8313,EAST,Bengaluru,,India,,OPEN
,,NORTH,Delhi,WB,India,2025-07-26,CLOSED
S8315,Store_8315,,Kochi,KL,India,2021-07-01,
S8316,Store_8316,CENTRAL,Pune,MH,India,,
,Store_8317,WEST,Mumbai,KL,India,,RENOVATION
S8318,,CENTRAL,Kochi,DL,India,,OPEN
S8319,Store_8319,,Hyderabad,WB,,2024-02-26,RENOVATION
S8320,Store_8320,SOUTH,Hyderabad,DL,,2022-02-11,
S8321,Store_8321,SOUTH,,KA,,2025-09-21,CLOSED
S8322,,CENTRAL,Jaipur,,India,2024-10-16,RENOVATION
S8323,Store_8323,WEST,,,India,2024-11-11,OPEN
S8324,Store_8324,NORTH,Chennai,RJ,,2022-08-23,
,Store_8325,EAST,Kolkata,KA,India,,OPEN
S8326,Store_8326,WEST,,RJ,India,,CLOSED
S8327,,SOUTH,,MH,India,2021-07-29,RENOVATION
S8328,Store_8328,CENTRAL,,,India,2021-10-03,RENOVATION
S8329,,,Kolkata,TN,India,2022-05-21,CLOSED
S8330,Store_8330,EAST,Kochi,DL,India,,
,Store_8331,SOUTH,,MP,India,2024-10-11,CLOSED
S8332,Store_8332,WEST,,,India,2025-02-02,OPEN
S8333,Store_8333,,Kolkata,,India,2024-06-10,RENOVATION
S8334,Store_8334,WEST,Bengaluru,,India,2023-02-26,
S8335,Store_8335,,Kochi,,India,2023-01-12,CLOSED
S8336,Store_8336,NORTH,Pune,,,2024-05-22,RENOVATION
S8337,Store_8337,,,WB,India,2022-06-26,CLOSED
S8338,Store_8338,,,WB,India,2025-08-05,OPEN
S8339,Store_8339,,Hyderabad,MH,India,,RENOVATION
S8340,Store_8340,,Kolkata,TN,India,,RENOVATION
S8341,Store_8341,EAST,Bengaluru,,India,,CLOSED
S8342,,,Bengaluru,RJ,India,2021-05-26,OPEN
S8343,,,Kolkata,RJ,India,2021-08-27,RENOVATION
S8344,,SOUTH,Mumbai,TN,India,2026-01-18,
S8345,Store_8345,EAST,Chennai,,India,,CLOSED
S8346,Store_8346,CENTRAL,Delhi,,,2023-11-12,OPEN
S8347,,EAST,Kolkata,RJ,,2024-08-02,OPEN
S8348,,,Bengaluru,MH,India,2023-07-28,RENOVATION
,Store_8349,CENTRAL,Pune,RJ,,2025-08-11,OPEN
S8350,Store_8350,,Mumbai,MP,India,,OPEN
S8351,Store_8351,,,RJ,India,2023-04-08,OPEN
S8352,Store_8352,NORTH,,TS,India,,RENOVATION
S8353,,NORTH,Indore,,India,2023-12-23,CLOSED
S8354,Store_8354,SOUTH,,RJ,,2023-02-22,RENOVATION
S8355,Store_8355,CENTRAL,Chennai,,India,2021-03-13,
S8356,Store_8356,WEST,,DL,,2024-03-08,CLOSED
S8357,Store_8357,NORTH,,DL,,2021-07-12,OPEN
S8358,Store_8358,CENTRAL,Delhi,,India,2025-08-15,
S8359,,WEST,,TN,India,2025-08-01,CLOSED
S8360,Store_8360,,Mumbai,DL,India,,RENOVATION
S8361,Store_8361,SOUTH,,,India,2022-05-17,CLOSED
S8362,Store_8362,,Indore,MP,India,,RENOVATION
S8363,Store_8363,WEST,,,India,2023-04-20,OPEN
S8364,,NORTH,,KL,India,2025-02-22,RENOVATION
S8365,,WEST,Pune,,India,2022-12-03,CLOSED
S8366,Store_8366,,Jaipur,MH,,2024-03-09,CLOSED
S8367,Store_8367,CENTRAL,,DL,India,,CLOSED
S8368,Store_8368,SOUTH,,WB,India,2023-01-16,
,,NORTH,Kolkata,RJ,India,2023-09-22,CLOSED
S8370,Store_8370,WEST,Indore,MH,India,,
S8371,,EAST,Kolkata,,India,2022-11-02,CLOSED
,Store_8372,NORTH,Kochi,TN,,2024-06-10,RENOVATION
S8373,,WEST,Indore,DL,,2021-12-17,CLOSED
S8374,Store_8374,,Delhi,TN,India,,RENOVATION
S8375,Store_8375,EAST,,,India,2022-07-28,OPEN
S8376,Store_8376,WEST,,MP,,2024-11-04,CLOSED
S8377,Store_8377,CENTRAL,Bengaluru,,India,2022-12-09,
S8378,Store_8378,CENTRAL,Mumbai,RJ,,,CLOSED
,Store_8379,NORTH,Indore,MP,,2024-11-16,CLOSED
S8380,Store_8380,,Mumbai,,India,2021-05-14,RENOVATION
S8381,Store_8381,EAST,Indore,,India,,RENOVATION
S8382,,,Bengaluru,WB,India,2025-08-01,OPEN
S8383,Store_8383,,Delhi,,India,2021-10-09,RENOVATION
,Store_8384,SOUTH,Kochi,MP,,2022-07-10,CLOSED
S8385,Store_8385,NORTH,Kochi,,India,,OPEN
,Store_8386,SOUTH,Bengaluru,WB,India,2024-09-04,
S8387,Store_8387,SOUTH,,DL,India,,RENOVATION
S8388,Store_8388,WEST,,MH,India,2023-06-16,
S8389,,,Indore,WB,India,2021-04-27,OPEN
,,WEST,Bengaluru,KL,India,2024-06-27,OPEN
S8391,Store_8391,,Indore,KL,India,,CLOSED
,Store_8392,EAST,Pune,,India,2023-08-13,OPEN
,Store_8393,NORTH,Indore,MP,India,,CLOSED
,Store_8394,SOUTH,Bengaluru,TS,India,2021-02-03,
S8395,,,Bengaluru,WB,India,2024-04-01,CLOSED
S8396,Store_8396,NORTH,Indore,,India,,CLOSED
S8397,Store_8397,EAST,Kochi,,,2024-02-26,OPEN
S8398,Store_8398,CENTRAL,Chennai,,India,,CLOSED
S8399,,CENTRAL,Kolkata,TN,India,,OPEN
S8400,Store_8400,,Delhi,,India,2024-10-01,OPEN
S8401,,WEST,Jaipur,,India,2021-08-19,RENOVATION
S8402,Store_8402,,Pune,,India,2024-01-19,OPEN
,Store_8403,NORTH,Indore,TN,India,2023-07-09,
,Store_8404,SOUTH,Chennai,TN,,2025-12-20,OPEN
S8405,Store_8405,SOUTH,,,India,2024-01-04,OPEN
,,SOUTH,Kolkata,TN,India,2022-09-16,OPEN
S8407,Store_8407,CENTRAL,,KL,India,2022-05-31,
S8408,Store_8408,NORTH,,RJ,India,,RENOVATION
,Store_8409,SOUTH,Indore,,India,2023-09-21,CLOSED
S8410,,,Delhi,KL,India,2022-01-09,RENOVATION
S8411,Store_8411,SOUTH,Kolkata,WB,,,OPEN
S8412,Store_8412,SOUTH,Kochi,,India,2024-10-17,
S8413,,WEST,,KL,India,2023-12-29,OPEN
S8414,Store_8414,SOUTH,,TS,India,2025-05-04,
S8415,Store_8415,NORTH,,TS,India,,OPEN
S8416,Store_8416,WEST,,TS,,2022-04-15,CLOSED
S8417,Store_8417,SOUTH,Chennai,KL,India,,
S8418,,SOUTH,Indore,TN,India,2021-02-13,
,Store_8419,EAST,Pune,DL,,2021-09-23,CLOSED
S8420,Store_8420,EAST,Kochi,TN,India,,
S8421,,WEST,Pune,TN,India,,OPEN
S8422,,SOUTH,,MH,India,2023-10-13,RENOVATION
S8423,,NORTH,Indore,,India,2023-05-02,RENOVATION
S8424,,NORTH,Indore,,India,2025-12-09,OPEN
S8425,Store_8425,NORTH,Mumbai,WB,India,,
,Store_8426,WEST,Jaipur,WB,India,2024-02-04,
S8427,Store_8427,CENTRAL,Bengaluru,WB,India,,
S8428,Store_8428,CENTRAL,Chennai,,India,,RENOVATION
S8429,Store_8429,CENTRAL,,,India,2024-03-21,OPEN
S8430,Store_8430,,,DL,India,2025-02-07,OPEN
S8431,Store_8431,WEST,Mumbai,DL,,,OPEN
S8432,Store_8432,SOUTH,Jaipur,,India,,OPEN
,Store_8433,WEST,Delhi,,India,2025-12-24,RENOVATION
S8434,,NORTH,Chennai,,India,2022-01-20,RENOVATION
S8435,Store_8435,,Delhi,,India,2023-10-08,CLOSED
S8436,Store_8436,,,RJ,India,2021-08-14,CLOSED
S8437,Store_8437,WEST,Kochi,,India,,CLOSED
,Store_8438,WEST,,DL,India,2024-11-28,CLOSED
S8439,Store_8439,EAST,Bengaluru,KA,,2022-03-13,
S8440,,NORTH,Mumbai,WB,India,2021-07-04,
,Store_8441,,Jaipur,TS,India,2024-05-24,RENOVATION
,Store_8442,WEST,Hyderabad,,India,2025-01-02,OPEN
S8443,Store_8443,WEST,Bengaluru,,,2025-10-06,OPEN
,,SOUTH,Pune,MP,India,2023-10-02,OPEN
,Store_8445,SOUTH,Bengaluru,TS,India,,CLOSED
S8446,,EAST,Jaipur,,India,2024-06-29,CLOSED
,Store_8447,NORTH,Pune,TN,,2025-10-27,OPEN
S8448,Store_8448,EAST,Indore,KL,India,,
S8449,Store_8449,CENTRAL,Indore,,,2021-06-21,RENOVATION
S8450,,CENTRAL,Delhi,,India,2024-07-16,OPEN
S8451,Store_8451,,Kochi,KA,,2023-06-11,RENOVATION
,Store_8452,WEST,Kolkata,MP,,2024-09-15,OPEN
S8453,,NORTH,,MH,India,2021-06-11,RENOVATION
,Store_8454,,Kochi,RJ,India,2023-11-19,CLOSED
S8455,Store_8455,CENTRAL,,TS,,2022-07-03,CLOSED
S8456,Store_8456,,Kochi,,India,2025-05-18,CLOSED
,Store_8457,SOUTH,,RJ,India,2021-05-19,CLOSED
S8458,Store_8458,CENTRAL,,MP,,2024-10-06,OPEN
S8459,Store_8459,,Kolkata,WB,India,,OPEN
S8460,Store_8460,NORTH,Mumbai,,,2024-01-08,RENOVATION
,Store_8461,WEST,,WB,India,2023-11-07,CLOSED
S8462,Store_8462,EAST,Kochi,MP,,2022-02-04,
S8463,Store_8463,EAST,,,India,2022-05-22,CLOSED
S8464,Store_8464,WEST,Delhi,MP,,,OPEN
S8465,,EAST,Kochi,MP,,2023-10-01,CLOSED
,Store_8466,SOUTH,Jaipur,TN,India,,CLOSED
,Store_8467,CENTRAL,Hyderabad,MH,,2023-03-13,CLOSED
,Store_8468,SOUTH,,KA,India,2025-12-26,OPEN
S8469,Store_8469,,Pune,KL,India,,CLOSED
,Store_8470,NORTH,Bengaluru,TN,,2023-08-14,OPEN
S8471,Store_8471,CENTRAL,Kochi,,India,2024-09-16,
S8472,Store_8472,WEST,Mumbai,,India,,RENOVATION
S8473,,CENTRAL,Mumbai,,India,2022-05-27,RENOVATION
,Store_8474,EAST,Hyderabad,KA,India,2025-02-19,
S8475,,WEST,,MP,India,2022-10-24,CLOSED
S8476,Store_8476,NORTH,,TN,India,2025-03-16,
S8477,Store_8477,WEST,Bengaluru,,India,,CLOSED
,Store_8478,NORTH,Bengaluru,,India,2021-12-29,OPEN
S8479,Store_8479,,Kolkata,RJ,India,2021-06-23,
,Store_8480,NORTH,Indore,,India,2022-01-04,OPEN
S8481,,NORTH,Pune,KL,,2024-01-25,CLOSED
S8482,Store_8482,WEST,Jaipur,MH,India,,
,Store_8483,SOUTH,Pune,TS,India,,CLOSED
S8484,,NORTH,Pune,TN,India,,CLOSED
,Store_8485,NORTH,Chennai,RJ,,2023-12-10,OPEN
S8486,Store_8486,NORTH,Chennai,,,2021-07-08,CLOSED
S8487,Store_8487,,Kolkata,DL,India,,RENOVATION
,Store_8488,SOUTH,Chennai,,India,2023-10-26,OPEN
,Store_8489,CENTRAL,Hyderabad,WB,India,2025-08-21,
S8490,,SOUTH,Chennai,,India,2022-09-18,CLOSED
S8491,,CENTRAL,Pune,MH,India,2025-03-04,
S8492,Store_8492,,Kolkata,,India,2021-04-13,RENOVATION
S8493,,,Jaipur,TN,India,2022-06-29,RENOVATION
S8494,Store_8494,CENTRAL,Delhi,RJ,,2023-09-28,
S8495,Store_8495,SOUTH,,WB,India,2021-12-24,
S8496,,NORTH,Kochi,,India,2024-11-11,OPEN
S8497,Store_8497,,,TN,India,2024-08-19,CLOSED
S8498,Store_8498,,,TS,India,2021-02-22,OPEN
S8499,Store_8499,SOUTH,Jaipur,WB,,,OPEN
S8500,,,Mumbai,TN,India,2025-09-05,CLOSED
,,CENTRAL,Pune,TN,India,2023-06-25,OPEN
S8502,Store_8502,,Delhi,TS,,2025-03-16,CLOSED
,,NORTH,Kochi,MH,India,2024-01-09,OPEN
,Store_8504,EAST,,TN,India,2026-01-05,OPEN
S8505,Store_8505,,Chennai,,India,2026-01-21,OPEN
S8506,,CENTRAL,Kochi,TS,India,,RENOVATION
S8507,,,Indore,MH,India,2023-10-28,RENOVATION
S8508,,,Hyderabad,DL,India,2025-09-18,OPEN
S8509,Store_8509,SOUTH,Pune,,India,,OPEN
S8510,,NORTH,,TN,India,2023-06-20,CLOSED
,Store_8511,CENTRAL,Hyderabad,MP,India,2021-04-09,
,Store_8512,EAST,,WB,India,2024-06-08,RENOVATION
S8513,Store_8513,WEST,Bengaluru,,,2023-03-15,RENOVATION
S8514,,WEST,Mumbai,KL,India,2024-12-26,
,Store_8515,,Delhi,RJ,India,2022-02-27,OPEN
,Store_8516,SOUTH,Kolkata,MH,,2024-08-31,RENOVATION
,Store_8517,,Delhi,TN,India,2024-11-28,CLOSED
S8518,Store_8518,,Mumbai,KA,,2022-09-26,CLOSED
,Store_8519,CENTRAL,Kolkata,KA,India,,CLOSED
S8520,,NORTH,Bengaluru,KL,India,2022-03-09,
,Store_8521,NORTH,Delhi,DL,India,,RENOVATION
,Store_8522,NORTH,Jaipur,,India,2022-04-13,OPEN
,Store_8523,NORTH,Bengaluru,,India,2023-02-22,RENOVATION
,,NORTH,Bengaluru,KL,India,2021-11-25,RENOVATION
S8525,,SOUTH,Mumbai,MP,India,,CLOSED
S8526,,EAST,Pune,,India,2022-08-12,OPEN
S8527,Store_8527,CENTRAL,,MP,India,,RENOVATION
S8528,Store_8528,NORTH,,MH,,2024-06-07,OPEN
,Store_8529,WEST,Mumbai,DL,India,2021-02-19,
S8530,,NORTH,Jaipur,MH,,2022-03-13,OPEN
S8531,Store_8531,NORTH,Hyderabad,RJ,,,CLOSED
S8532,Store_8532,SOUTH,Pune,,India,,CLOSED
,Store_8533,NORTH,Mumbai,KL,India,2022-02-25,
S8534,Store_8534,SOUTH,Hyderabad,,India,,OPEN
S8535,,EAST,Pune,KL,,2021-08-09,CLOSED
S8536,Store_8536,NORTH,Indore,,India,,RENOVATION
S8537,Store_8537,EAST,,,India,2021-06-11,RENOVATION
S8538,Store_8538,SOUTH,,TN,,2021-02-17,RENOVATION
S8539,,CENTRAL,Kolkata,WB,India,,OPEN
S8540,,SOUTH,Indore,RJ,,2024-08-03,RENOVATION
S8541,Store_8541,,Chennai,,India,2022-02-12,OPEN
S8542,,CENTRAL,Bengaluru,,India,2024-06-02,OPEN
S8543,,CENTRAL,,MH,India,2023-11-01,OPEN
S8544,Store_8544,,Kolkata,KL,India,2021-05-21,
S8545,,WEST,Delhi,KA,India,2025-07-16,
,,NORTH,Hyderabad,KA,India,2025-10-06,OPEN
S8547,Store_8547,SOUTH,Kolkata,,,2022-01-30,OPEN
S8548,,,Pune,MH,India,2022-08-22,OPEN
S8549,Store_8549,SOUTH,,MP,India,2022-01-13,
S8550,Store_8550,SOUTH,Bengaluru,,India,,RENOVATION
S8551,Store_8551,,,MP,India,2022-10-09,OPEN
S8552,Store_8552,,Indore,TS,India,,CLOSED
S8553,Store_8553,EAST,,KA,,2024-05-16,CLOSED
S8554,Store_8554,,,KA,India,2022-11-03,CLOSED
S8555,Store_8555,WEST,Jaipur,,India,2025-03-08,
,Store_8556,,Hyderabad,MP,India,2021-09-01,OPEN
S8557,Store_8557,NORTH,,TN,India,2024-12-14,
S8558,Store_8558,WEST,Delhi,,India,2025-06-13,
,,SOUTH,Pune,KL,India,2025-06-29,CLOSED
S8560,,WEST,Bengaluru,DL,India,2022-05-12,
S8561,Store_8561,NORTH,,,India,2023-02-22,RENOVATION
S8562,Store_8562,CENTRAL,Indore,KA,,2023-06-10,
S8563,Store_8563,,Kochi,TS,India,2024-11-20,
S8564,Store_8564,WEST,Kolkata,,,2025-12-02,CLOSED
S8565,Store_8565,WEST,Kochi,DL,India,,
S8566,,EAST,,TN,India,2022-06-23,RENOVATION
S8567,,NORTH,Hyderabad,KA,India,,CLOSED
S8568,Store_8568,SOUTH,Chennai,TS,,2022-09-16,
,Store_8569,CENTRAL,Jaipur,DL,India,2022-08-10,
S8570,,CENTRAL,Hyderabad,MP,India,2025-12-03,
S8571,Store_8571,CENTRAL,Mumbai,TS,,2024-10-20,
S8572,Store_8572,WEST,Mumbai,WB,India,,
,Store_8573,CENTRAL,Kochi,WB,,2023-05-21,RENOVATION
S8574,Store_8574,EAST,,MP,,2023-08-09,CLOSED
S8575,Store_8575,EAST,,,India,2026-01-10,OPEN
S8576,,WEST,Bengaluru,,India,2025-02-11,CLOSED
S8577,,EAST,,TN,India,2023-04-28,OPEN
S8578,Store_8578,EAST,Bengaluru,,India,2023-08-07,
S8579,Store_8579,NORTH,,RJ,,2024-05-01,CLOSED
S8580,Store_8580,CENTRAL,Delhi,KA,,,RENOVATION
S8581,Store_8581,,Mumbai,,India,2023-08-25,CLOSED
S8582,,WEST,Mumbai,KL,,2023-04-01,CLOSED
S8583,,,Jaipur,TN,India,2021-10-30,CLOSED
S8584,Store_8584,EAST,Mumbai,MP,India,,
S8585,Store_8585,,Jaipur,,India,2022-11-02,RENOVATION
S8586,Store_8586,NORTH,,KL,India,2025-07-15,
S8587,Store_8587,WEST,,,India,2022-11-06,RENOVATION
S8588,Store_8588,,Delhi,RJ,India,,CLOSED
S8589,Store_8589,CENTRAL,Chennai,,India,,CLOSED
S8590,Store_8590,NORTH,,KA,India,,RENOVATION
S8591,Store_8591,,Kolkata,TN,,2023-07-04,OPEN
S8592,Store_8592,,Bengaluru,TS,India,2021-12-18,
,Store_8593,WEST,Hyderabad,TN,,2021-12-04,OPEN
S8594,Store_8594,SOUTH,Pune,MH,,2021-05-21,
S8595,Store_8595,CENTRAL,,,India,2024-09-01,RENOVATION
S8596,Store_8596,,,TS,India,2021-11-18,CLOSED
,Store_8597,CENTRAL,Kochi,MP,,2023-07-24,CLOSED
S8598,Store_8598,,Kolkata,,India,2022-11-12,CLOSED
,Store_8599,CENTRAL,Chennai,TS,India,,OPEN
S8600,Store_8600,,Hyderabad,,India,2024-11-28,CLOSED
S8601,Store_8601,CENTRAL,Delhi,MH,,2025-08-05,
S8602,Store_8602,SOUTH,Hyderabad,,India,,CLOSED
S8603,Store_8603,NORTH,Mumbai,,,2023-03-18,OPEN
S8604,Store_8604,SOUTH,Delhi,MP,,2021-02-26,
,Store_8605,WEST,,WB,India,2023-06-02,CLOSED
,Store_8606,NORTH,Bengaluru,,India,2025-08-29,RENOVATION
S8607,Store_8607,NORTH,Chennai,KA,,,CLOSED
S8608,Store_8608,WEST,Delhi,,India,,RENOVATION
S8609,,NORTH,Bengaluru,,India,2024-09-20,RENOVATION
,Store_8610,,Indore,KL,India,2022-05-26,CLOSED
S8611,,NORTH,Mumbai,,India,2022-10-07,OPEN
,,NORTH,Delhi,MH,India,2023-03-15,CLOSED
S8613,Store_8613,SOUTH,,KL,,2025-01-16,OPEN
S8614,Store_8614,SOUTH,,,India,2025-03-30,OPEN
S8615,Store_8615,,Kochi,TS,India,2023-12-31,
,,SOUTH,Chennai,DL,India,2025-11-22,OPEN
S8617,Store_8617,SOUTH,Bengaluru,,India,,OPEN
S8618,Store_8618,,Jaipur,KL,,2025-09-09,OPEN
S8619,,WEST,Kochi,RJ,India,2025-03-13,
S8620,Store_8620,SOUTH,,MH,India,2024-02-03,
S8621,,WEST,,RJ,India,2023-03-28,CLOSED
S8622,Store_8622,CENTRAL,Indore,,India,2023-05-20,
,Store_8623,EAST,Jaipur,MH,India,,CLOSED
,Store_8624,CENTRAL,Hyderabad,TS,India,2023-05-14,
S8625,,,Jaipur,RJ,India,2023-12-18,RENOVATION
S8626,Store_8626,SOUTH,Pune,,India,2022-06-01,
S8627,,NORTH,Indore,,India,2023-04-28,OPEN
S8628,Store_8628,WEST,Jaipur,,India,,CLOSED
S8629,,SOUTH,Kolkata,WB,India,,RENOVATION
,,WEST,Indore,RJ,India,2024-11-01,CLOSED
,,CENTRAL,Mumbai,TS,India,2022-12-15,CLOSED
,Store_8632,,Jaipur,WB,India,2023-04-23,CLOSED
S8633,Store_8633,EAST,Kolkata,TN,India,,
S8634,Store_8634,NORTH,Hyderabad,,,2023-07-20,OPEN
S8635,Store_8635,WEST,Delhi,WB,India,,
S8636,Store_8636,WEST,Indore,,,2026-01-02,CLOSED
,Store_8637,EAST,Pune,RJ,,2024-04-18,CLOSED
S8638,Store_8638,NORTH,,MH,,2022-07-29,RENOVATION
S8639,Store_8639,WEST,,,India,2021-05-27,OPEN
S8640,Store_8640,EAST,,RJ,,2021-12-25,RENOVATION
,,EAST,Hyderabad,TN,India,2025-06-10,OPEN
S8642,Store_8642,,,KA,India,2025-04-24,CLOSED
,Store_8643,NORTH,Kochi,WB,India,,RENOVATION
S8644,Store_8644,EAST,Hyderabad,TN,India,,
,,WEST,Delhi,KL,India,2025-06-02,CLOSED
S8646,Store_8646,CENTRAL,,KA,,2021-11-13,CLOSED
S8647,Store_8647,SOUTH,Kolkata,,India,2024-01-12,
S8648,Store_8648,NORTH,,MH,India,,OPEN
S8649,Store_8649,,Delhi,TN,India,,CLOSED
S8650,Store_8650,,,DL,India,2021-02-11,RENOVATION
S8651,Store_8651,EAST,Jaipur,MP,,2023-03-07,
S8652,Store_8652,,Jaipur,MH,India,2021-05-31,
S8653,,NORTH,,TS,India,2021-11-08,OPEN
S8654,Store_8654,,Delhi,TS,India,2024-08-20,
S8655,Store_8655,CENTRAL,Jaipur,KA,India,,
S8656,Store_8656,NORTH,Chennai,,India,,OPEN
S8657,,SOUTH,Kochi,,India,2025-10-06,OPEN
,Store_8658,,Hyderabad,MP,India,2023-05-15,RENOVATION
S8659,Store_8659,SOUTH,Chennai,TN,India,,
S8660,Store_8660,EAST,,,India,2021-12-26,CLOSED
S8661,,WEST,Kolkata,TS,,2021-08-17,OPEN
S8662,Store_8662,,Kolkata,WB,India,2021-09-02,
S8663,Store_8663,EAST,,,India,2021-03-06,RENOVATION
S8664,Store_8664,WEST,Pune,KL,,2024-01-25,
,Store_8665,WEST,,KA,India,2023-03-23,RENOVATION
S8666,Store_8666,CENTRAL,Kochi,,,2025-03-06,CLOSED
S8667,Store_8667,NORTH,,DL,India,2022-10-12,
S8668,Store_8668,,Kolkata,DL,,2025-05-07,RENOVATION
S8669,Store_8669,SOUTH,,KL,India,,RENOVATION
,Store_8670,NORTH,Hyderabad,MP,India,2024-06-06,
S8671,Store_8671,WEST,,RJ,India,,OPEN
S8672,,SOUTH,Jaipur,,India,2022-05-08,CLOSED
S8673,Store_8673,SOUTH,Kolkata,,India,2024-01-13,
,Store_8674,CENTRAL,Chennai,,India,2021-09-12,RENOVATION
S8675,,EAST,Pune,TN,India,,OPEN
,Store_8676,EAST,Pune,,India,2022-07-03,CLOSED
S8677,Store_8677,CENTRAL,,MP,,2023-07-14,RENOVATION
S8678,,NORTH,Delhi,TN,,2023-06-24,OPEN
S8679,Store_8679,WEST,Mumbai,MH,,,OPEN
S8680,Store_8680,SOUTH,Kochi,KL,,,RENOVATION
S8681,Store_8681,NORTH,Delhi,,India,2023-02-28,
S8682,Store_8682,NORTH,,MP,,2022-09-05,RENOVATION
,Store_8683,,Bengaluru,DL,India,2024-06-23,OPEN
,Store_8684,,Bengaluru,RJ,India,2021-08-03,CLOSED
S8685,Store_8685,EAST,Delhi,TN,India,,
S8686,,EAST,Chennai,KA,India,,CLOSED
S8687,,EAST,Kolkata,,India,2024-09-26,RENOVATION
S8688,Store_8688,EAST,Bengaluru,KA,,,RENOVATION
S8689,Store_8689,,Pune,,India,2021-09-06,CLOSED
S8690,,,Jaipur,DL,India,2025-06-01,OPEN
S8691,,CENTRAL,,WB,India,2021-06-10,RENOVATION
S8692,,EAST,Mumbai,,India,2023-04-17,RENOVATION
,Store_8693,SOUTH,Indore,KL,India,,CLOSED
,Store_8694,,Indore,DL,India,2024-06-12,OPEN
S8695,Store_8695,,Indore,WB,,2022-07-17,RENOVATION
S8696,,,Kolkata,KA,India,2025-05-16,CLOSED
S8697,Store_8697,WEST,Indore,,India,,CLOSED
S8698,Store_8698,,Pune,KA,,2026-01-10,OPEN
,Store_8699,WEST,Chennai,KL,,2025-06-15,RENOVATION
S8700,Store_8700,,Mumbai,,India,2024-08-27,RENOVATION
S8701,Store_8701,EAST,,TS,India,,OPEN
S8702,Store_8702,CENTRAL,Pune,,India,2021-11-03,
,Store_8703,CENTRAL,Mumbai,KL,India,2025-10-02,
S8704,,NORTH,Delhi,MP,India,,OPEN
S8705,Store_8705,NORTH,,,India,2024-01-21,OPEN
,Store_8706,EAST,Pune,DL,India,,CLOSED
S8707,Store_8707,NORTH,,WB,,2025-06-28,RENOVATION
S8708,Store_8708,WEST,Jaipur,WB,,,CLOSED
S8709,Store_8709,,Hyderabad,WB,,2023-09-28,CLOSED
S8710,Store_8710,,Kochi,DL,,2022-01-04,CLOSED
,Store_8711,,Jaipur,TN,India,2023-12-20,RENOVATION
,Store_8712,CENTRAL,Mumbai,,India,2021-11-14,RENOVATION
S8713,,SOUTH,,MP,India,2025-03-19,CLOSED
S8714,,NORTH,Pune,KA,India,2025-04-28,
,Store_8715,EAST,Chennai,MP,India,,OPEN
,,NORTH,Kolkata,KL,India,2022-01-22,RENOVATION
S8717,Store_8717,CENTRAL,,WB,,2023-08-01,OPEN
,,NORTH,Kolkata,MP,India,2023-03-02,CLOSED
S8719,,WEST,Hyderabad,DL,India,2025-09-07,
S8720,Store_8720,,Chennai,,India,2023-06-13,CLOSED
S8721,,EAST,Mumbai,MH,India,,OPEN
S8722,Store_8722,WEST,,MP,India,,CLOSED
S8723,Store_8723,WEST,,KA,India,2024-08-09,
S8724,,WEST,Mumbai,,India,2021-09-20,RENOVATION
S8725,Store_8725,,Kolkata,RJ,India,,OPEN
S8726,Store_8726,,Chennai,KL,India,2023-09-10,
,Store_8727,WEST,,MP,India,2025-07-28,RENOVATION
S8728,Store_8728,CENTRAL,Kochi,TN,,2023-12-11,
S8729,Store_8729,NORTH,,TS,,2023-05-17,OPEN
S8730,Store_8730,CENTRAL,,KA,,2024-09-11,RENOVATION
,Store_8731,EAST,,RJ,India,2022-11-20,CLOSED
S8732,Store_8732,EAST,,KL,India,,OPEN
S8733,Store_8733,,Hyderabad,MH,India,,OPEN
S8734,,,Kolkata,TN,India,2024-01-07,CLOSED
S8735,Store_8735,,Jaipur,,India,2022-01-16,OPEN
S8736,,WEST,Indore,TS,India,,RENOVATION
,,NORTH,Pune,KL,India,2024-07-19,RENOVATION
,Store_8738,SOUTH,Chennai,DL,India,2023-09-12,
S8739,Store_8739,,Pune,,India,2025-07-07,RENOVATION
S8740,,WEST,Hyderabad,KA,India,2022-05-02,
S8741,Store_8741,SOUTH,Chennai,TN,India,,
S8742,Store_8742,,,TN,India,2021-07-07,OPEN
S8743,Store_8743,EAST,Bengaluru,MP,India,,
,Store_8744,,Indore,TS,India,2023-01-17,CLOSED
S8745,Store_8745,NORTH,,,India,2024-08-14,RENOVATION
S8746,Store_8746,EAST,,KA,,2024-08-27,OPEN
S8747,Store_8747,CENTRAL,,KL,India,2023-04-30,
S8748,Store_8748,,,MP,India,2024-12-21,OPEN
S8749,Store_8749,,,TN,India,2025-02-22,OPEN
S8750,Store_8750,NORTH,,WB,,2024-07-19,OPEN
S8751,Store_8751,,,TS,India,2021-07-11,RENOVATION
S8752,Store_8752,EAST,,,India,2022-12-23,CLOSED
S8753,,CENTRAL,Bengaluru,RJ,India,2023-07-10,
S8754,Store_8754,,Kochi,,India,2021-05-06,RENOVATION
S8755,,SOUTH,Mumbai,,India,2021-03-06,CLOSED
S8756,Store_8756,,Indore,KA,India,,OPEN
S8757,Store_8757,,,RJ,India,2022-07-27,CLOSED
S8758,,,Bengaluru,TS,India,2024-08-02,RENOVATION
S8759,Store_8759,,Kolkata,,India,2023-07-27,CLOSED
S8760,,WEST,Indore,RJ,India,,CLOSED
S8761,Store_8761,CENTRAL,,TN,India,,OPEN
S8762,Store_8762,,,KA,India,2021-02-26,RENOVATION
S8763,Store_8763,EAST,Jaipur,,,2022-11-18,RENOVATION
S8764,Store_8764,,Chennai,MP,India,,CLOSED
S8765,Store_8765,WEST,Hyderabad,,,2024-05-11,RENOVATION
S8766,,,Jaipur,WB,India,2021-10-06,CLOSED
S8767,Store_8767,,Bengaluru,,India,2021-03-05,OPEN
S8768,Store_8768,,,DL,India,2023-12-04,RENOVATION
S8769,Store_8769,CENTRAL,,MH,,2022-10-01,CLOSED
S8770,Store_8770,,Delhi,TN,,2024-09-17,CLOSED
S8771,Store_8771,EAST,,KL,India,,RENOVATION
,Store_8772,EAST,Hyderabad,DL,India,,RENOVATION
,Store_8773,EAST,Delhi,MH,,2024-08-31,CLOSED
S8774,Store_8774,EAST,,WB,,2022-01-08,RENOVATION
S8775,Store_8775,NORTH,Kochi,,India,2023-06-05,
,,NORTH,Delhi,KA,India,2023-10-20,CLOSED
S8777,Store_8777,EAST,,KA,,2024-07-14,CLOSED
S8778,Store_8778,NORTH,Mumbai,RJ,,2025-03-05,
S8779,Store_8779,,Delhi,DL,,2025-02-16,RENOVATION
S8780,Store_8780,SOUTH,Kolkata,TS,,2023-10-18,
,Store_8781,NORTH,Chennai,TN,India,,CLOSED
S8782,Store_8782,,Kochi,MH,India,,OPEN
,Store_8783,CENTRAL,Bengaluru,MP,India,,RENOVATION
,Store_8784,CENTRAL,Indore,TN,,2023-11-18,RENOVATION
,Store_8785,EAST,Chennai,DL,India,,CLOSED
,Store_8786,NORTH,Bengaluru,,India,2023-06-17,OPEN
S8787,Store_8787,CENTRAL,Indore,KL,India,,
,Store_8788,CENTRAL,Kolkata,TN,,2022-12-24,RENOVATION
,Store_8789,SOUTH,Hyderabad,WB,,2024-03-28,RENOVATION
S8790,,,Jaipur,MP,India,2021-02-27,OPEN
S8791,Store_8791,CENTRAL,Chennai,RJ,,2021-09-12,
S8792,Store_8792,,Bengaluru,RJ,India,,CLOSED
S8793,Store_8793,SOUTH,Hyderabad,MP,,2022-09-15,
S8794,Store_8794,,Pune,RJ,India,,OPEN
,,NORTH,Bengaluru,MP,India,2025-11-29,OPEN
S8796,Store_8796,NORTH,,KA,,2024-08-01,CLOSED
S8797,Store_8797,,,TN,India,2023-09-01,OPEN
,Store_8798,CENTRAL,,KA,India,2023-10-17,CLOSED
S8799,,,Hyderabad,RJ,India,2021-04-06,OPEN
S8800,Store_8800,NORTH,Kolkata,MH,,,CLOSED
S8801,Store_8801,SOUTH,Chennai,,India,,RENOVATION
S8802,Store_8802,CENTRAL,Mumbai,MP,India,,
,Store_8803,,Indore,TS,India,2022-10-08,RENOVATION
S8804,,EAST,Pune,MP,India,,OPEN
S8805,Store_8805,EAST,Delhi,MP,,2021-02-07,
S8806,,CENTRAL,Bengaluru,WB,India,2022-08-17,
S8807,Store_8807,WEST,Kochi,TS,,2022-08-05,
,Store_8808,SOUTH,Delhi,KL,India,,OPEN
S8809,Store_8809,EAST,,,India,2024-06-06,RENOVATION
S8810,Store_8810,EAST,,MH,India,,RENOVATION
S8811,Store_8811,NORTH,Pune,,India,,OPEN
,Store_8812,SOUTH,Mumbai,,India,2022-03-04,OPEN
S8813,Store_8813,,,MH,India,2025-05-03,CLOSED
S8814,Store_8814,NORTH,Kochi,,India,,CLOSED
S8815,Store_8815,WEST,,TN,India,,RENOVATION
,Store_8816,CENTRAL,,TS,India,2024-12-01,OPEN
S8817,,NORTH,Indore,DL,India,2025-06-15,
,Store_8818,CENTRAL,,TN,India,2025-12-11,OPEN
S8819,,,Delhi,TS,India,2021-04-07,OPEN
,Store_8820,EAST,Bengaluru,MP,India,2024-10-24,
S8821,,NORTH,Jaipur,MP,India,,OPEN
S8822,Store_8822,CENTRAL,Jaipur,KA,,,OPEN
S8823,,CENTRAL,Delhi,RJ,India,,CLOSED
S8824,Store_8824,,Hyderabad,DL,,2022-11-09,RENOVATION
S8825,Store_8825,CENTRAL,,MP,India,,CLOSED
S8826,,WEST,Indore,TN,,2022-05-21,CLOSED
S8827,Store_8827,SOUTH,Delhi,,India,2025-03-29,
S8828,Store_8828,CENTRAL,,KL,,2022-01-19,OPEN
S8829,Store_8829,SOUTH,,DL,,2025-04-21,OPEN
S8830,Store_8830,,Hyderabad,,India,2021-05-14,CLOSED
S8831,Store_8831,NORTH,Bengaluru,WB,,,RENOVATION
S8832,Store_8832,NORTH,,MH,India,,CLOSED
S8833,Store_8833,SOUTH,,,India,2025-06-25,CLOSED
S8834,Store_8834,,Chennai,,India,2022-04-24,RENOVATION
S8835,,,Indore,DL,India,2024-02-07,CLOSED
S8836,Store_8836,WEST,Hyderabad,KA,,2021-06-29,
S8837,,CENTRAL,Bengaluru,,India,2024-06-21,CLOSED
S8838,,SOUTH,Mumbai,DL,India,,CLOSED
S8839,,CENTRAL,,TS,India,2023-10-18,RENOVATION
S8840,,,Indore,MP,India,2022-05-12,RENOVATION
S8841,,NORTH,Kolkata,KL,India,2022-04-22,
S8842,Store_8842,,Delhi,,India,2022-01-06,OPEN
S8843,Store_8843,SOUTH,Pune,MH,India,,
S8844,Store_8844,,,TS,India,2024-01-22,CLOSED
S8845,Store_8845,EAST,Chennai,MP,India,,
S8846,,NORTH,Jaipur,DL,India,2024-01-06,
S8847,,SOUTH,,MH,India,2022-11-14,CLOSED
S8848,Store_8848,,Indore,DL,India,2025-02-15,
S8849,Store_8849,,Chennai,KL,India,2023-11-09,
S8850,Store_8850,SOUTH,,DL,,2022-06-01,CLOSED
,,SOUTH,Delhi,DL,India,2022-08-26,OPEN
S8852,Store_8852,,Hyderabad,,India,2021-10-22,CLOSED
S8853,Store_8853,SOUTH,,KA,India,2026-01-03,
,,SOUTH,Bengaluru,DL,India,2023-11-19,OPEN
,Store_8855,,Mumbai,MP,India,2025-07-20,RENOVATION
,Store_8856,WEST,Kolkata,MH,India,,RENOVATION
,Store_8857,NORTH,Kochi,RJ,,2025-05-23,CLOSED
,Store_8858,WEST,Kochi,RJ,India,2021-06-25,
S8859,Store_8859,EAST,Kolkata,,,2024-11-06,CLOSED
,,EAST,Delhi,TN,India,2022-07-18,CLOSED
,Store_8861,NORTH,Kochi,,India,2025-09-03,OPEN
,Store_8862,EAST,Pune,,India,2023-03-21,RENOVATION
S8863,Store_8863,NORTH,Mumbai,,,2025-09-21,RENOVATION
S8864,Store_8864,CENTRAL,Kochi,,India,2025-04-20,
S8865,,,Bengaluru,MH,India,2023-06-03,CLOSED
,,CENTRAL,Indore,MP,India,2025-02-04,CLOSED
S8867,Store_8867,NORTH,Jaipur,WB,,,OPEN
S8868,,EAST,Mumbai,TS,India,2023-04-18,
S8869,Store_8869,EAST,Jaipur,,India,2024-03-07,
S8870,,,Jaipur,TS,India,2025-09-09,CLOSED
S8871,,WEST,Pune,TS,India,2025-06-07,
S8872,,EAST,Chennai,TS,,2025-08-01,OPEN
S8873,Store_8873,CENTRAL,Delhi,,India,,RENOVATION
,,SOUTH,Indore,TN,India,2023-01-22,CLOSED
,Store_8875,CENTRAL,Delhi,KA,,2021-08-29,OPEN
S8876,Store_8876,NORTH,Kolkata,RJ,,,RENOVATION
S8877,,SOUTH,Bengaluru,MH,,2022-01-21,OPEN
S8878,Store_8878,SOUTH,Kochi,,India,,CLOSED
,Store_8879,NORTH,Mumbai,KA,India,2024-05-15,
S8880,Store_8880,NORTH,,,India,2022-07-04,RENOVATION
S8881,,SOUTH,,TN,India,2022-01-03,CLOSED
,Store_8882,NORTH,Jaipur,KL,India,2024-12-07,
S8883,,EAST,Delhi,TN,,2023-07-02,OPEN
S8884,Store_8884,EAST,,,India,2024-08-05,OPEN
S8885,Store_8885,WEST,,DL,India,,RENOVATION
S8886,Store_8886,,Jaipur,TN,India,2022-10-20,
,Store_8887,CENTRAL,Hyderabad,MH,India,2022-05-03,
S8888,Store_8888,NORTH,Jaipur,,,2022-09-23,OPEN
S8889,Store_8889,,Indore,RJ,,2025-06-15,OPEN
,Store_8890,EAST,Jaipur,,India,2026-01-25,RENOVATION
S8891,Store_8891,CENTRAL,Chennai,WB,India,,
S8892,Store_8892,CENTRAL,Chennai,KL,,,CLOSED
S8893,Store_8893,SOUTH,Jaipur,RJ,,2025-01-19,
,Store_8894,WEST,,MP,India,2021-12-06,RENOVATION
S8895,,NORTH,,MH,India,2022-07-13,OPEN
,,SOUTH,Bengaluru,TN,India,2021-08-18,RENOVATION
S8897,,CENTRAL,,DL,India,2021-07-27,RENOVATION
S8898,Store_8898,NORTH,Mumbai,DL,,2024-04-02,
S8899,,CENTRAL,,MH,India,2022-04-21,OPEN
S8900,Store_8900,WEST,,TS,,2025-09-20,RENOVATION
S8901,,EAST,Bengaluru,MH,,2022-08-02,RENOVATION
S8902,,EAST,Indore,MP,India,2021-07-02,
S8903,,EAST,,RJ,India,2023-12-21,RENOVATION
S8904,Store_8904,SOUTH,Kolkata,RJ,,,CLOSED
,Store_8905,EAST,Kochi,TN,India,2025-11-17,
S8906,Store_8906,NORTH,,KL,India,,RENOVATION
S8907,,EAST,Jaipur,MH,India,2021-10-16,
,Store_8908,CENTRAL,Pune,TS,,2025-08-22,OPEN
,,WEST,Bengaluru,MP,India,2023-01-03,CLOSED
,Store_8910,CENTRAL,Indore,KL,,2025-02-01,OPEN
S8911,Store_8911,EAST,,WB,,2022-03-09,RENOVATION
S8912,Store_8912,,Bengaluru,KA,India,2021-05-06,
,Store_8913,NORTH,Jaipur,,India,2021-10-12,OPEN
,Store_8914,WEST,,KA,India,2024-01-19,OPEN
S8915,Store_8915,SOUTH,,TS,,2023-05-11,OPEN
S8916,Store_8916,SOUTH,Chennai,,India,,RENOVATION
S8917,Store_8917,CENTRAL,Chennai,,India,,OPEN
,Store_8918,CENTRAL,,DL,India,2023-06-04,CLOSED
S8919,Store_8919,,Mumbai,RJ,,2021-06-24,RENOVATION
S8920,Store_8920,NORTH,,TN,,2021-09-17,CLOSED
S8921,Store_8921,,Jaipur,MP,India,2024-08-13,
S8922,Store_8922,,,WB,India,2021-11-29,RENOVATION
S8923,Store_8923,NORTH,Mumbai,,India,,CLOSED
,Store_8924,SOUTH,Hyderabad,,India,2025-01-08,OPEN
S8925,,WEST,Kochi,RJ,India,,OPEN
,Store_8926,,Mumbai,TS,India,2025-10-23,CLOSED
S8927,,CENTRAL,Jaipur,,India,2023-05-25,OPEN
S8928,Store_8928,WEST,Indore,,India,,CLOSED
S8929,Store_8929,NORTH,Jaipur,KL,India,,
,Store_8930,,Mumbai,RJ,India,2024-09-23,RENOVATION
S8931,Store_8931,,Bengaluru,MP,India,2022-02-18,
,,WEST,Delhi,TS,India,2023-08-09,OPEN
S8933,,NORTH,Indore,,India,2023-01-09,OPEN
S8934,,CENTRAL,,KA,India,2021-11-15,RENOVATION
S8935,Store_8935,EAST,,TS,India,2024-05-31,
S8936,Store_8936,NORTH,Delhi,,India,,RENOVATION
S8937,Store_8937,NORTH,Kolkata,DL,India,,
S8938,Store_8938,SOUTH,Chennai,,India,2024-12-27,
,Store_8939,NORTH,,MP,India,2023-08-26,RENOVATION
S8940,,,Kolkata,DL,India,2024-03-27,OPEN
S8941,Store_8941,SOUTH,Kochi,TN,India,,
S8942,Store_8942,,Delhi,KA,,2021-03-15,RENOVATION
,Store_8943,,Kochi,DL,India,2025-01-02,OPEN
,Store_8944,,Jaipur,MH,India,2022-02-25,OPEN
,Store_8945,NORTH,Jaipur,MP,India,,CLOSED
S8946,Store_8946,EAST,Jaipur,,India,2024-12-18,
,Store_8947,CENTRAL,Pune,,India,2026-01-03,CLOSED
S8948,Store_8948,EAST,Pune,KL,India,,
S8949,Store_8949,,Kolkata,RJ,India,2023-06-28,
S8950,Store_8950,,Hyderabad,DL,India,,RENOVATION
,Store_8951,,Hyderabad,WB,India,2025-09-30,OPEN
S8952,Store_8952,,,MP,India,2024-05-25,CLOSED
S8953,Store_8953,WEST,Mumbai,,,2025-01-12,OPEN
S8954,Store_8954,CENTRAL,,RJ,India,2025-10-22,
,Store_8955,CENTRAL,Kolkata,MH,India,,CLOSED
S8956,Store_8956,,Chennai,WB,India,2022-12-27,
S8957,Store_8957,NORTH,,RJ,India,2023-04-19,
,Store_8958,NORTH,Kolkata,TN,India,,RENOVATION
S8959,Store_8959,WEST,Jaipur,WB,,2023-11-22,
,Store_8960,SOUTH,Indore,WB,,2023-04-18,RENOVATION
S8961,Store_8961,SOUTH,,MH,India,2021-03-28,
S8962,Store_8962,NORTH,Pune,WB,India,,
S8963,Store_8963,SOUTH,Jaipur,,,2025-08-06,OPEN
S8964,Store_8964,NORTH,,,India,2022-03-15,OPEN
S8965,Store_8965,CENTRAL,Hyderabad,RJ,India,,
,Store_8966,SOUTH,Kolkata,MP,India,,OPEN
S8967,Store_8967,SOUTH,Bengaluru,,India,,CLOSED
S8968,Store_8968,NORTH,Bengaluru,TN,,,RENOVATION
S8969,,,Pune,MP,India,2024-04-03,RENOVATION
,,WEST,Chennai,RJ,India,2021-12-02,OPEN
S8971,Store_8971,,Hyderabad,WB,India,,RENOVATION
,Store_8972,WEST,,MH,India,2024-03-29,RENOVATION
,Store_8973,EAST,,RJ,India,2023-11-05,CLOSED
S8974,Store_8974,CENTRAL,,KA,,2021-05-07,CLOSED
S8975,,,Pune,MP,India,2025-08-09,OPEN
,Store_8976,CENTRAL,Kochi,DL,,2024-09-25,OPEN
S8977,,WEST,Bengaluru,DL,India,2021-12-03,
S8978,Store_8978,,,TN,India,2024-03-23,RENOVATION
S8979,Store_8979,NORTH,,KL,,2022-03-28,CLOSED
,Store_8980,,Indore,MH,India,2023-06-04,CLOSED
S8981,Store_8981,EAST,,KA,India,2022-08-31,
,Store_8982,WEST,Pune,MH,India,,RENOVATION
S8983,,NORTH,Delhi,KL,,2022-12-21,OPEN
S8984,Store_8984,,Mumbai,,India,2025-01-21,OPEN
S8985,Store_8985,,Mumbai,RJ,India,2022-08-29,
,Store_8986,NORTH,,RJ,India,2026-01-06,RENOVATION
,Store_8987,EAST,Bengaluru,MP,,2023-05-19,OPEN
S8988,,,Bengaluru,KL,India,2022-04-02,CLOSED
S8989,Store_8989,WEST,,MP,,2022-09-19,RENOVATION
S8990,,,Indore,DL,India,2024-10-23,OPEN
S8991,Store_8991,EAST,,TN,,2023-07-14,OPEN
S8992,,WEST,Pune,WB,India,2024-11-29,
S8993,,EAST,Chennai,KL,India,,OPEN
S8994,Store_8994,EAST,Indore,,India,,RENOVATION
S8995,Store_8995,SOUTH,Indore,KA,,,CLOSED
S8996,Store_8996,CENTRAL,Kochi,,India,,OPEN
S8997,,NORTH,Jaipur,TS,India,,CLOSED
,,EAST,Kochi,MP,India,2021-07-02,OPEN
,Store_8999,NORTH,,TN,India,2022-10-13,RENOVATION
S9000,,,Delhi,TS,India,2024-12-20,CLOSED
,,SOUTH,Bengaluru,TS,India,2021-08-22,OPEN
S9002,Store_9002,,,TS,India,2021-10-30,OPEN
,Store_9003,EAST,,DL,India,2025-07-05,CLOSED
S9004,Store_9004,CENTRAL,Jaipur,MP,,2025-07-18,
,Store_9005,,Hyderabad,KL,India,2022-01-10,OPEN
S9006,Store_9006,NORTH,Jaipur,,India,,RENOVATION
S9007,Store_9007,SOUTH,Kolkata,MH,,,CLOSED
S9008,,CENTRAL,,WB,India,2021-07-14,OPEN
S9009,,SOUTH,Bengaluru,,India,2021-04-15,OPEN
S9010,Store_9010,NORTH,,,India,2023-12-31,OPEN
S9011,Store_9011,,,TN,India,2025-10-23,OPEN
S9012,Store_9012,WEST,Kolkata,MP,India,,
S9013,Store_9013,,Hyderabad,KA,India,,RENOVATION
S9014,Store_9014,,Jaipur,KL,,2022-03-21,RENOVATION
,Store_9015,CENTRAL,Jaipur,DL,India,,CLOSED
S9016,,,Delhi,TN,India,2023-05-08,CLOSED
S9017,,EAST,,MP,India,2024-09-17,OPEN
,Store_9018,,Delhi,KL,India,2022-03-04,CLOSED
S9019,Store_9019,EAST,Kochi,TS,,2024-12-03,
S9020,,EAST,,MP,India,2024-09-18,OPEN
,Store_9021,SOUTH,,MH,India,2025-09-30,CLOSED
,Store_9022,WEST,Chennai,MP,India,,OPEN
S9023,Store_9023,WEST,Jaipur,,,2022-02-10,CLOSED
S9024,,EAST,Hyderabad,DL,,2025-05-09,RENOVATION
S9025,Store_9025,WEST,Bengaluru,,India,2024-03-05,
S9026,Store_9026,NORTH,Jaipur,WB,,,RENOVATION
S9027,Store_9027,,Kochi,RJ,India,,CLOSED
,Store_9028,CENTRAL,Pune,MH,India,2025-11-03,
S9029,Store_9029,CENTRAL,Kochi,DL,,,CLOSED
,Store_9030,NORTH,Pune,,India,2024-10-21,CLOSED
S9031,Store_9031,,,MP,India,2022-04-25,OPEN
S9032,,CENTRAL,Jaipur,,India,2021-06-10,RENOVATION
S9033,Store_9033,NORTH,Pune,,India,,CLOSED
S9034,Store_9034,NORTH,,,India,2025-12-30,CLOSED
S9035,,NORTH,Jaipur,WB,,2025-02-13,RENOVATION
S9036,Store_9036,NORTH,,MH,,2025-04-03,CLOSED
S9037,,,Mumbai,KA,India,2025-10-13,OPEN
S9038,Store_9038,,Kolkata,MP,India,2021-03-16,
S9039,Store_9039,CENTRAL,,DL,,2025-07-06,RENOVATION
S9040,Store_9040,SOUTH,Bengaluru,RJ,India,,
S9041,Store_9041,SOUTH,,WB,India,,RENOVATION
S9042,Store_9042,,Pune,TN,India,,CLOSED
S9043,,,Kolkata,MH,India,2024-01-21,OPEN
S9044,Store_9044,,Pune,,India,2022-01-21,CLOSED
S9045,Store_9045,WEST,Mumbai,KL,,2025-02-24,
S9046,Store_9046,NORTH,,KA,,2024-05-12,CLOSED
,Store_9047,WEST,Hyderabad,DL,India,2021-06-02,
S9048,Store_9048,WEST,Indore,WB,India,,
S9049,,WEST,Mumbai,,India,2022-01-02,CLOSED
S9050,Store_9050,SOUTH,Mumbai,RJ,,2025-03-20,
S9051,,NORTH,,MH,India,2024-08-08,OPEN
S9052,Store_9052,,,RJ,India,2024-05-16,RENOVATION
,Store_9053,SOUTH,,WB,India,2024-09-25,CLOSED
S9054,Store_9054,WEST,,KL,,2022-06-04,OPEN
S9055,Store_9055,NORTH,,RJ,India,,RENOVATION
S9056,,WEST,Mumbai,TN,,2024-10-05,RENOVATION
,Store_9057,CENTRAL,Delhi,KA,,2021-11-08,OPEN
,Store_9058,NORTH,Kochi,,India,2021-02-24,RENOVATION
S9059,,CENTRAL,Mumbai,RJ,India,2021-07-26,
S9060,Store_9060,,Bengaluru,,India,2022-02-08,RENOVATION
S9061,Store_9061,,Jaipur,TN,,2024-06-12,CLOSED
S9062,Store_9062,,,WB,India,2023-06-17,OPEN
S9063,Store_9063,,Jaipur,TN,India,,CLOSED
S9064,Store_9064,,,KL,India,2024-11-12,CLOSED
S9065,,SOUTH,,DL,India,2024-07-29,RENOVATION
S9066,Store_9066,EAST,,MH,India,2025-12-24,
S9067,Store_9067,EAST,,WB,India,,OPEN
S9068,Store_9068,,Pune,,India,2024-05-31,RENOVATION
,Store_9069,,Kochi,MH,India,2022-06-23,OPEN
S9070,Store_9070,,Kochi,,India,2023-12-13,CLOSED
,Store_9071,EAST,Hyderabad,,India,2021-11-30,RENOVATION
S9072,Store_9072,SOUTH,,,India,2024-07-11,CLOSED
S9073,Store_9073,WEST,Kochi,DL,India,,
S9074,,SOUTH,,DL,India,2024-05-30,CLOSED
,Store_9075,WEST,,MH,India,2025-08-31,OPEN
S9076,Store_9076,,Jaipur,MH,India,2024-04-07,
,Store_9077,CENTRAL,Pune,KL,India,,CLOSED
S9078,Store_9078,NORTH,,RJ,,2024-04-17,OPEN
S9079,Store_9079,EAST,,MP,India,,RENOVATION
S9080,Store_9080,CENTRAL,Mumbai,,,2025-10-27,RENOVATION
S9081,Store_9081,,Kolkata,,India,2022-06-22,RENOVATION
,Store_9082,WEST,Indore,TS,India,2026-01-22,
,Store_9083,NORTH,Hyderabad,TN,India,2021-09-18,
S9084,Store_9084,,Pune,KL,India,2024-09-29,
,Store_9085,WEST,Jaipur,,India,2026-01-14,RENOVATION
,Store_9086,CENTRAL,Pune,,India,2022-11-29,CLOSED
,Store_9087,EAST,Mumbai,KL,India,2023-02-12,
S9088,,,Indore,TS,India,2021-02-11,OPEN
S9089,Store_9089,WEST,Delhi,,India,,CLOSED
S9090,Store_9090,WEST,Delhi,,India,,CLOSED
S9091,,SOUTH,Kochi,,India,2025-12-14,OPEN
,Store_9092,,Kolkata,KL,India,2021-03-03,OPEN
S9093,Store_9093,,,TN,India,2025-09-22,OPEN
S9094,Store_9094,WEST,Hyderabad,DL,India,,
S9095,Store_9095,EAST,Delhi,,,2025-08-26,RENOVATION
S9096,Store_9096,,Kolkata,,India,2025-07-18,CLOSED
S9097,Store_9097,,Kochi,TN,India,,CLOSED
S9098,Store_9098,,Mumbai,,India,2021-11-29,OPEN
,Store_9099,SOUTH,,WB,India,2024-05-11,RENOVATION
S9100,Store_9100,,Jaipur,KL,,2022-09-25,RENOVATION
S9101,,EAST,Indore,KL,India,2025-10-25,
S9102,Store_9102,,Indore,MP,India,,OPEN
S9103,Store_9103,SOUTH,Mumbai,,India,,RENOVATION
S9104,,,Indore,KA,India,2022-01-20,OPEN
S9105,Store_9105,NORTH,,,India,2021-06-13,OPEN
,Store_9106,EAST,Delhi,,India,2025-03-28,RENOVATION
,Store_9107,,Jaipur,RJ,India,2026-01-27,RENOVATION
S9108,,SOUTH,Delhi,MH,,2022-04-20,OPEN
S9109,Store_9109,,Kolkata,,India,2024-07-15,RENOVATION
,Store_9110,EAST,Hyderabad,WB,India,,RENOVATION
S9111,,NORTH,,MH,India,2022-06-14,RENOVATION
S9112,Store_9112,EAST,Delhi,MH,,,CLOSED
S9113,Store_9113,,Delhi,WB,India,,CLOSED
S9114,Store_9114,NORTH,Bengaluru,,,2021-07-01,RENOVATION
S9115,Store_9115,SOUTH,Kolkata,,India,2026-01-31,
S9116,Store_9116,SOUTH,,MH,India,,RENOVATION
,Store_9117,WEST,Bengaluru,RJ,India,2023-02-08,
S9118,Store_9118,,Kolkata,MP,India,2023-10-02,
,Store_9119,,Hyderabad,DL,India,2021-09-27,OPEN
S9120,Store_9120,,Chennai,DL,,2026-01-08,OPEN
S9121,Store_9121,CENTRAL,Delhi,,India,2023-01-07,
,Store_9122,SOUTH,,MP,India,2025-11-17,CLOSED
S9123,Store_9123,CENTRAL,,RJ,India,2023-01-19,
S9124,,WEST,Delhi,RJ,India,,CLOSED
S9125,Store_9125,CENTRAL,Indore,,India,2025-02-22,
,Store_9126,SOUTH,Delhi,,India,2022-08-27,RENOVATION
S9127,,CENTRAL,Kolkata,,India,2021-08-16,OPEN
,Store_9128,WEST,,DL,India,2023-06-24,OPEN
S9129,Store_9129,NORTH,Hyderabad,,India,,RENOVATION
S9130,Store_9130,SOUTH,,TS,India,,CLOSED
S9131,Store_9131,CENTRAL,,TS,,2024-03-15,CLOSED
S9132,,NORTH,,WB,India,2022-04-02,RENOVATION
S9133,Store_9133,EAST,,DL,India,,RENOVATION
,Store_9134,,Bengaluru,RJ,India,2021-05-03,RENOVATION
,Store_9135,WEST,Hyderabad,,India,2024-03-02,OPEN
S9136,Store_9136,EAST,Hyderabad,KA,,2021-10-21,
S9137,Store_9137,,Pune,TN,India,2021-04-28,
S9138,Store_9138,WEST,,,India,2021-07-21,CLOSED
S9139,Store_9139,,Bengaluru,WB,India,2024-09-23,
S9140,Store_9140,CENTRAL,Delhi,MH,India,,
S9141,Store_9141,WEST,Kolkata,,India,2023-06-25,
S9142,Store_9142,,,KL,India,2021-09-26,CLOSED
S9143,Store_9143,CENTRAL,,TN,India,,CLOSED
S9144,Store_9144,,Chennai,KL,India,,OPEN
,Store_9145,NORTH,,KL,India,2025-09-20,OPEN
S9146,Store_9146,,,TS,India,2025-05-16,OPEN
S9147,,WEST,Mumbai,,India,2024-09-23,OPEN
S9148,,,Hyderabad,TS,India,2021-12-22,OPEN
S9149,Store_9149,,Mumbai,TS,,2025-05-04,CLOSED
S9150,Store_9150,NORTH,Bengaluru,,,2023-07-31,CLOSED
,Store_9151,SOUTH,Hyderabad,,India,2025-01-06,OPEN
,Store_9152,EAST,Hyderabad,KL,,2024-08-15,RENOVATION
S9153,,,Pune,WB,India,2021-11-15,OPEN
,Store_9154,NORTH,Kochi,,India,2023-11-21,OPEN
,Store_9155,EAST,Delhi,,India,2025-12-25,CLOSED
,Store_9156,SOUTH,Kochi,,India,2022-07-26,RENOVATION
S9157,Store_9157,NORTH,Delhi,KL,,2025-01-26,
S9158,,NORTH,Mumbai,RJ,India,2025-12-07,
S9159,Store_9159,NORTH,,TS,India,2021-04-22,
S9160,Store_9160,,Indore,WB,,2023-10-01,RENOVATION
S9161,Store_9161,EAST,Pune,,India,,OPEN
,,SOUTH,Mumbai,TS,India,2024-04-18,RENOVATION
S9163,Store_9163,EAST,Indore,,India,2023-03-21,
S9164,Store_9164,SOUTH,,WB,India,,CLOSED
,Store_9165,NORTH,,KA,India,2025-03-04,OPEN
,Store_9166,WEST,,KL,India,2022-11-20,CLOSED
S9167,Store_9167,,,TS,India,2024-07-05,OPEN
S9168,Store_9168,NORTH,,RJ,India,,CLOSED
S9169,Store_9169,EAST,,DL,India,2021-04-14,
S9170,Store_9170,,,MP,India,2021-02-27,RENOVATION
,Store_9171,SOUTH,Hyderabad,WB,India,,CLOSED
S9172,,CENTRAL,Delhi,MP,,2024-05-07,OPEN
S9173,Store_9173,,,MP,India,2023-10-25,OPEN
S9174,,EAST,Chennai,WB,India,2022-07-23,
S9175,Store_9175,,Bengaluru,MP,,2021-03-01,OPEN
S9176,Store_9176,NORTH,Chennai,DL,,2026-01-17,
S9177,Store_9177,NORTH,Delhi,,India,,CLOSED
,Store_9178,SOUTH,Kolkata,KA,,2021-04-22,CLOSED
,Store_9179,CENTRAL,Pune,DL,India,2025-10-02,
S9180,Store_9180,NORTH,Pune,WB,,2023-10-13,
,Store_9181,,Bengaluru,MH,India,2021-04-16,RENOVATION
S9182,Store_9182,SOUTH,,MH,India,2024-03-22,
S9183,,WEST,Kolkata,,India,2023-08-22,CLOSED
,Store_9184,WEST,Hyderabad,,India,2021-02-17,OPEN
S9185,Store_9185,WEST,Pune,RJ,,2021-04-26,
S9186,Store_9186,,Hyderabad,,India,2023-12-12,OPEN
S9187,Store_9187,,Delhi,MH,India,2024-04-07,
,,SOUTH,Bengaluru,KA,India,2022-05-18,RENOVATION
S9189,Store_9189,,Mumbai,,India,2023-10-30,OPEN
S9190,Store_9190,SOUTH,,TS,India,,RENOVATION
S9191,,CENTRAL,,TN,India,2025-11-18,RENOVATION
S9192,Store_9192,CENTRAL,,DL,India,,RENOVATION
S9193,Store_9193,SOUTH,Kochi,,India,,OPEN
S9194,Store_9194,CENTRAL,Chennai,,India,,OPEN
,Store_9195,SOUTH,Indore,KA,,2021-11-22,OPEN
S9196,,SOUTH,Pune,,India,2025-01-22,RENOVATION
S9197,Store_9197,EAST,,KL,,2023-09-23,OPEN
S9198,Store_9198,NORTH,Kochi,MH,,,OPEN
S9199,Store_9199,NORTH,Jaipur,WB,India,,
,,NORTH,Indore,RJ,India,2022-04-07,RENOVATION
S9201,,EAST,Chennai,TN,India,,OPEN
S9202,Store_9202,WEST,Delhi,,India,,OPEN
S9203,Store_9203,WEST,,,India,2025-03-19,CLOSED
S9204,Store_9204,,Delhi,TN,India,2024-10-03,
,Store_9205,CENTRAL,Pune,MP,,2023-10-18,RENOVATION
S9206,Store_9206,EAST,Indore,,India,2024-05-06,
S9207,Store_9207,EAST,Kochi,RJ,,,OPEN
S9208,Store_9208,NORTH,,TN,India,2025-11-19,
S9209,Store_9209,,Chennai,,India,2025-05-16,RENOVATION
S9210,Store_9210,NORTH,Delhi,,India,,CLOSED
S9211,Store_9211,CENTRAL,Pune,TN,,2022-08-07,
S9212,Store_9212,SOUTH,,,India,2021-02-23,CLOSED
,,SOUTH,Mumbai,TS,India,2024-10-18,RENOVATION
S9214,,WEST,Chennai,,India,2022-09-14,RENOVATION
S9215,Store_9215,WEST,Pune,,,2024-05-02,RENOVATION
S9216,Store_9216,,Chennai,KA,India,2023-01-29,
S9217,Store_9217,,Hyderabad,DL,,2021-03-31,OPEN
S9218,Store_9218,EAST,,TN,India,,OPEN
S9219,Store_9219,EAST,Bengaluru,MP,India,,
S9220,,NORTH,Pune,,India,2022-03-29,OPEN
S9221,,WEST,Bengaluru,,India,2023-02-07,RENOVATION
S9222,Store_9222,CENTRAL,Hyderabad,,India,,OPEN
,Store_9223,SOUTH,Hyderabad,,India,2025-10-22,RENOVATION
S9224,Store_9224,SOUTH,Hyderabad,,India,2022-04-02,
S9225,Store_9225,CENTRAL,Pune,,India,,CLOSED
,,NORTH,Kochi,MH,India,2022-04-12,RENOVATION
S9227,,,Indore,TN,India,2022-07-15,RENOVATION
S9228,Store_9228,,Kolkata,KL,India,,OPEN
S9229,Store_9229,SOUTH,Indore,,India,2024-09-30,
S9230,Store_9230,NORTH,,TS,India,,RENOVATION
S9231,Store_9231,,,KA,India,2022-08-26,RENOVATION
S9232,Store_9232,EAST,,WB,,2023-08-27,CLOSED
,Store_9233,EAST,Bengaluru,TN,,2023-05-22,OPEN
S9234,Store_9234,WEST,,TN,India,2024-08-23,
,Store_9235,EAST,Pune,MP,India,,RENOVATION
S9236,Store_9236,CENTRAL,Kolkata,,India,,RENOVATION
S9237,Store_9237,EAST,,TN,,2023-04-27,CLOSED
S9238,Store_9238,,Indore,TS,India,2021-02-12,
,Store_9239,WEST,,RJ,India,2025-09-05,OPEN
S9240,Store_9240,SOUTH,Hyderabad,,India,,CLOSED
S9241,,,Pune,KA,India,2021-05-27,RENOVATION
,Store_9242,NORTH,Pune,MP,India,2025-11-29,
S9243,,NORTH,,TN,India,2023-01-25,RENOVATION
,Store_9244,CENTRAL,Jaipur,TN,,2023-08-02,RENOVATION
S9245,Store_9245,SOUTH,,MH,India,2021-09-01,
S9246,Store_9246,WEST,Hyderabad,KL,,2024-01-04,
,Store_9247,WEST,Hyderabad,KL,India,,CLOSED
S9248,Store_9248,,Hyderabad,DL,,2025-03-29,RENOVATION
,Store_9249,NORTH,Hyderabad,KL,,2021-02-24,RENOVATION
S9250,,CENTRAL,Jaipur,,India,2022-12-20,RENOVATION
S9251,Store_9251,,Pune,,India,2023-06-21,RENOVATION
S9252,Store_9252,WEST,Hyderabad,TS,India,,
S9253,Store_9253,CENTRAL,Kolkata,WB,,,CLOSED
S9254,,,Delhi,KL,India,2022-04-06,OPEN
,Store_9255,CENTRAL,Kolkata,,India,2025-03-18,RENOVATION
,,WEST,Mumbai,DL,India,2022-09-20,CLOSED
S9257,,NORTH,Kolkata,,India,2023-01-03,OPEN
S9258,Store_9258,SOUTH,,,India,2025-11-18,RENOVATION
S9259,Store_9259,EAST,Indore,TS,India,,
S9260,Store_9260,,,MP,India,2021-10-28,RENOVATION
S9261,Store_9261,NORTH,Pune,MP,India,,
S9262,Store_9262,WEST,Jaipur,TN,,,OPEN
S9263,,WEST,,WB,India,2022-04-29,OPEN
S9264,,NORTH,Delhi,DL,,2022-04-30,RENOVATION
S9265,,SOUTH,Chennai,DL,,2021-06-01,CLOSED
,Store_9266,WEST,Bengaluru,KL,India,2022-07-28,
S9267,Store_9267,,Chennai,TS,India,2024-02-26,
S9268,Store_9268,CENTRAL,Bengaluru,KL,,2025-08-14,
,Store_9269,EAST,Mumbai,KA,India,2022-04-11,
,Store_9270,SOUTH,,TS,India,2021-07-08,CLOSED
S9271,,,Pune,KA,India,2021-11-12,CLOSED
S9272,,SOUTH,,KL,India,2021-04-27,CLOSED
,Store_9273,EAST,Kochi,,India,2023-10-29,CLOSED
S9274,,NORTH,Chennai,KA,India,2021-05-10,
S9275,Store_9275,NORTH,,WB,India,,CLOSED
,Store_9276,,Chennai,KL,India,2025-01-10,RENOVATION
,,SOUTH,Indore,TS,India,2024-04-23,RENOVATION
S9278,Store_9278,EAST,Hyderabad,MP,India,,
S9279,Store_9279,WEST,Kolkata,KL,,2022-02-14,
S9280,Store_9280,NORTH,Bengaluru,,India,2023-10-30,
S9281,,WEST,Hyderabad,TS,,2025-02-23,RENOVATION
S9282,Store_9282,SOUTH,,TS,,2025-09-18,OPEN
S9283,,EAST,Bengaluru,RJ,,2025-08-31,OPEN
S9284,Store_9284,SOUTH,Indore,WB,,,RENOVATION
S9285,Store_9285,NORTH,,TS,,2026-01-02,RENOVATION
S9286,Store_9286,SOUTH,Bengaluru,MH,,,RENOVATION
,Store_9287,NORTH,Mumbai,KA,,2021-12-15,RENOVATION
S9288,,WEST,,TS,India,2024-08-06,OPEN
S9289,Store_9289,SOUTH,Kolkata,,,2023-04-25,RENOVATION
S9290,Store_9290,CENTRAL,Bengaluru,WB,,,OPEN
,,NORTH,Jaipur,TS,India,2023-03-21,CLOSED
S9292,Store_9292,,Kochi,MH,India,,RENOVATION
,Store_9293,CENTRAL,Bengaluru,TN,India,2021-12-10,
S9294,Store_9294,NORTH,Mumbai,KL,,,RENOVATION
,Store_9295,CENTRAL,Pune,WB,India,2022-03-19,
,Store_9296,WEST,Jaipur,,India,2021-10-23,RENOVATION
S9297,Store_9297,EAST,,MH,India,2024-04-06,
S9298,,NORTH,Hyderabad,TS,India,2022-07-21,
S9299,Store_9299,WEST,Kolkata,RJ,,,RENOVATION
,Store_9300,CENTRAL,,MH,India,2023-05-18,CLOSED
,Store_9301,WEST,Delhi,KL,India,2024-06-08,
S9302,Store_9302,,Kochi,TN,India,,RENOVATION
S9303,Store_9303,,Delhi,,India,2025-08-18,RENOVATION
S9304,Store_9304,,Bengaluru,RJ,India,2023-05-16,
S9305,Store_9305,EAST,Bengaluru,RJ,,,OPEN
S9306,Store_9306,SOUTH,,MH,India,2021-09-18,
S9307,Store_9307,,,DL,India,2023-12-25,OPEN
S9308,Store_9308,CENTRAL,Pune,KA,India,,
S9309,Store_9309,EAST,,MH,,2021-05-11,RENOVATION
S9310,Store_9310,WEST,Mumbai,,India,,RENOVATION
S9311,,NORTH,Chennai,WB,,2022-03-25,RENOVATION
S9312,,EAST,Jaipur,KA,India,2024-03-13,
S9313,,EAST,Delhi,KL,India,2023-07-02,
S9314,Store_9314,SOUTH,,,India,2024-02-28,RENOVATION
S9315,Store_9315,NORTH,,MH,,2024-09-20,OPEN
S9316,,,Chennai,MP,India,2024-01-05,CLOSED
S9317,Store_9317,,Indore,MP,India,,OPEN
S9318,Store_9318,,Mumbai,MH,India,,OPEN
,Store_9319,NORTH,Chennai,RJ,India,,CLOSED
,Store_9320,EAST,Kochi,WB,India,2024-01-07,
S9321,,EAST,Jaipur,,India,2024-11-07,CLOSED
,Store_9322,EAST,Jaipur,DL,India,2025-10-23,
S9323,Store_9323,,Mumbai,KL,India,,RENOVATION
S9324,Store_9324,NORTH,Indore,,India,,CLOSED
S9325,Store_9325,,Kolkata,MP,India,,RENOVATION
S9326,Store_9326,,Kochi,TN,,2021-08-17,OPEN
S9327,Store_9327,SOUTH,,MP,,2021-12-08,CLOSED
S9328,Store_9328,,Kolkata,TN,India,,CLOSED
S9329,Store_9329,WEST,,KL,India,2021-11-26,
S9330,Store_9330,NORTH,Kolkata,TS,,2023-09-19,
S9331,,CENTRAL,Hyderabad,MP,India,2024-04-20,
,Store_9332,EAST,,TS,India,2022-11-07,OPEN
S9333,Store_9333,EAST,,WB,India,,CLOSED
,Store_9334,CENTRAL,Kochi,KL,India,,RENOVATION
S9335,,NORTH,Pune,RJ,,2025-12-13,OPEN
S9336,Store_9336,EAST,,,India,2023-06-28,OPEN
S9337,Store_9337,NORTH,Hyderabad,DL,,2022-09-06,
S9338,,EAST,Chennai,,India,2023-02-26,OPEN
S9339,,SOUTH,Pune,KA,,2025-11-18,OPEN
S9340,,WEST,Kochi,TN,India,2023-11-09,
S9341,Store_9341,EAST,Jaipur,MH,,2023-08-25,
S9342,Store_9342,,,MH,India,2024-04-15,CLOSED
S9343,Store_9343,SOUTH,,,India,2025-01-01,RENOVATION
,Store_9344,,Chennai,DL,India,2023-08-24,RENOVATION
,Store_9345,EAST,Hyderabad,MH,India,,OPEN
S9346,Store_9346,NORTH,Kochi,MP,India,,
S9347,Store_9347,,Delhi,TS,India,2024-09-10,
S9348,Store_9348,EAST,Delhi,RJ,,,RENOVATION
S9349,Store_9349,SOUTH,,TN,,2024-04-03,CLOSED
S9350,Store_9350,CENTRAL,Hyderabad,,India,2025-10-03,
S9351,Store_9351,EAST,Indore,KL,India,,
S9352,,WEST,Delhi,,India,2023-09-12,RENOVATION
S9353,Store_9353,WEST,,TN,India,2023-10-12,
S9354,,WEST,Indore,,India,2024-02-13,OPEN
S9355,,,Kolkata,RJ,India,2025-06-29,CLOSED
,Store_9356,WEST,Mumbai,TN,,2023-10-13,CLOSED
S9357,Store_9357,,Mumbai,MH,India,,RENOVATION
S9358,Store_9358,NORTH,Hyderabad,RJ,India,,
S9359,Store_9359,WEST,Delhi,,,2025-01-12,CLOSED
S9360,,SOUTH,Jaipur,MH,,2024-06-19,OPEN
,Store_9361,,Indore,DL,India,2023-03-03,RENOVATION
S9362,,EAST,Mumbai,WB,India,2024-06-24,
S9363,Store_9363,,Bengaluru,,India,2025-03-26,CLOSED
S9364,Store_9364,EAST,,KA,India,2022-09-24,
S9365,Store_9365,,Chennai,TS,,2022-02-02,OPEN
,Store_9366,NORTH,Kolkata,DL,,2024-06-04,OPEN
S9367,Store_9367,,Indore,KA,India,,OPEN
,Store_9368,,Mumbai,TS,India,2024-08-04,OPEN
S9369,Store_9369,,Jaipur,,India,2025-01-08,OPEN
S9370,,,Indore,DL,India,2024-09-13,RENOVATION
,Store_9371,EAST,Hyderabad,,India,2023-04-17,OPEN
S9372,Store_9372,EAST,Kolkata,,,2023-02-02,CLOSED
S9373,Store_9373,CENTRAL,Mumbai,MH,,,CLOSED
S9374,,WEST,Hyderabad,,India,2023-03-13,CLOSED
S9375,Store_9375,NORTH,,TS,India,,RENOVATION
,Store_9376,CENTRAL,,KL,India,2021-02-21,OPEN
,Store_9377,SOUTH,Bengaluru,KA,India,,OPEN
S9378,Store_9378,,Bengaluru,DL,India,,CLOSED
S9379,Store_9379,EAST,,KA,India,,RENOVATION
,Store_9380,WEST,Mumbai,,India,2025-08-19,OPEN
S9381,,NORTH,Hyderabad,,India,2024-12-18,OPEN
S9382,,CENTRAL,Indore,DL,India,,OPEN
S9383,,NORTH,Kolkata,,India,2025-08-08,CLOSED
,Store_9384,NORTH,Pune,MP,India,2021-10-09,
,Store_9385,WEST,Indore,RJ,,2025-12-03,RENOVATION
S9386,Store_9386,,Kolkata,,India,2024-10-29,CLOSED
S9387,,SOUTH,,DL,India,2021-12-30,OPEN
S9388,,WEST,Kolkata,MH,India,,CLOSED
S9389,Store_9389,CENTRAL,,RJ,India,2022-07-18,
,Store_9390,EAST,Pune,TS,India,,RENOVATION
S9391,Store_9391,SOUTH,Indore,,,2024-02-20,RENOVATION
S9392,Store_9392,CENTRAL,Pune,WB,,,CLOSED
,,SOUTH,Jaipur,KL,India,2022-09-18,CLOSED
S9394,Store_9394,,Pune,MH,India,,RENOVATION
S9395,Store_9395,,Kolkata,,India,2023-02-19,CLOSED
,Store_9396,CENTRAL,Chennai,,India,2024-10-01,RENOVATION
,Store_9397,CENTRAL,Kolkata,,India,2022-12-08,OPEN
S9398,,NORTH,Chennai,TS,,2022-12-20,OPEN
S9399,,WEST,,RJ,India,2022-07-27,OPEN
S9400,Store_9400,NORTH,Kochi,MP,,,CLOSED
S9401,,CENTRAL,Indore,,India,2024-05-29,CLOSED
S9402,Store_9402,EAST,Indore,MP,,,CLOSED
S9403,Store_9403,NORTH,Pune,KL,India,,
S9404,,WEST,Hyderabad,,India,2024-05-07,RENOVATION
S9405,Store_9405,,Pune,KA,India,,CLOSED
S9406,Store_9406,,Delhi,,India,2025-06-13,CLOSED
,,SOUTH,Mumbai,TN,India,2024-08-21,CLOSED
S9408,,CENTRAL,Hyderabad,MP,,2025-08-28,RENOVATION
S9409,Store_9409,CENTRAL,Kolkata,MP,India,,
S9410,,NORTH,,DL,India,2022-12-23,CLOSED
S9411,Store_9411,,Kochi,,India,2024-02-23,RENOVATION
,Store_9412,SOUTH,,KL,India,2025-06-08,OPEN
,Store_9413,,Bengaluru,RJ,India,2023-10-07,RENOVATION
S9414,Store_9414,NORTH,Pune,MP,India,,
S9415,Store_9415,,,MP,India,2025-07-16,CLOSED
,Store_9416,SOUTH,Jaipur,,India,2021-02-03,OPEN
,Store_9417,NORTH,Kolkata,WB,India,2021-02-23,
S9418,Store_9418,,Kolkata,MH,India,,RENOVATION
S9419,,CENTRAL,,TN,India,2025-09-17,OPEN
,Store_9420,NORTH,,DL,India,2025-03-17,CLOSED
S9421,,WEST,Indore,WB,India,2021-04-19,
S9422,,WEST,Pune,KA,,2022-09-13,CLOSED
S9423,Store_9423,EAST,Chennai,KL,India,,
S9424,,,Pune,TS,India,2022-11-27,CLOSED
,,NORTH,Indore,MH,India,2024-12-27,RENOVATION
S9426,,NORTH,Delhi,,India,2023-08-29,CLOSED
S9427,Store_9427,,,TS,India,2025-12-25,OPEN
S9428,Store_9428,EAST,,DL,India,2022-12-24,
S9429,Store_9429,,Kolkata,TS,India,,CLOSED
S9430,,WEST,,DL,India,2022-09-25,RENOVATION
S9431,Store_9431,CENTRAL,Kochi,,,2021-02-21,OPEN
S9432,Store_9432,NORTH,Kolkata,,India,,CLOSED
S9433,Store_9433,,Kolkata,DL,,2023-11-09,RENOVATION
S9434,Store_9434,NORTH,,MP,India,,OPEN
S9435,Store_9435,CENTRAL,,TS,,2024-02-08,OPEN
S9436,Store_9436,CENTRAL,,TN,,2023-11-11,CLOSED
S9437,,EAST,Mumbai,RJ,India,2025-08-08,
S9438,Store_9438,WEST,,,India,2023-06-18,RENOVATION
S9439,,,Kochi,RJ,India,2023-11-16,OPEN
S9440,Store_9440,EAST,,TN,India,2023-03-19,
S9441,Store_9441,,Jaipur,,India,2023-10-16,RENOVATION
S9442,Store_9442,,Hyderabad,TN,India,2023-04-24,
S9443,Store_9443,EAST,,,India,2025-05-01,OPEN
S9444,,EAST,,KA,India,2024-10-09,CLOSED
S9445,Store_9445,SOUTH,Kolkata,,India,2023-01-31,
S9446,Store_9446,WEST,,RJ,,2022-03-03,RENOVATION
S9447,,NORTH,Kolkata,MP,India,,CLOSED
S9448,,WEST,Chennai,RJ,India,2023-12-02,
S9449,Store_9449,WEST,Kochi,MP,India,,
S9450,Store_9450,,Bengaluru,RJ,,2021-04-30,CLOSED
,Store_9451,WEST,Indore,TN,India,2026-01-19,
,Store_9452,WEST,Kolkata,TS,India,,CLOSED
S9453,Store_9453,SOUTH,,KA,,2026-01-23,RENOVATION
,,EAST,Hyderabad,KA,India,2021-04-23,RENOVATION
S9455,Store_9455,,Jaipur,KL,,2023-03-10,CLOSED
S9456,,CENTRAL,,WB,India,2021-02-28,RENOVATION
S9457,Store_9457,EAST,,,India,2024-04-26,OPEN
S9458,Store_9458,,Chennai,RJ,India,2023-08-01,
S9459,,WEST,Kolkata,RJ,,2024-09-23,CLOSED
S9460,Store_9460,SOUTH,,TN,,2023-05-27,OPEN
,Store_9461,,Kochi,MP,India,2022-08-29,RENOVATION
,Store_9462,NORTH,Delhi,,India,2024-08-01,CLOSED
,,NORTH,Jaipur,WB,India,2021-04-30,CLOSED
S9464,Store_9464,CENTRAL,,TN,,2025-10-03,CLOSED
S9465,Store_9465,SOUTH,Kolkata,MP,,,OPEN
S9466,,CENTRAL,Indore,MP,India,,CLOSED
S9467,Store_9467,CENTRAL,Hyderabad,MP,India,,
S9468,Store_9468,CENTRAL,,,India,2024-02-24,OPEN
S9469,Store_9469,,Kochi,KL,India,2022-08-01,
S9470,,SOUTH,Bengaluru,,India,2024-08-21,OPEN
,Store_9471,,Kolkata,KA,India,2025-11-29,RENOVATION
,Store_9472,WEST,Indore,,India,2024-12-28,RENOVATION
S9473,,CENTRAL,Chennai,DL,India,,OPEN
S9474,Store_9474,SOUTH,Bengaluru,WB,,2025-11-25,
S9475,,NORTH,Delhi,WB,,2022-04-30,RENOVATION
,,NORTH,Bengaluru,MP,India,2024-08-03,OPEN
,Store_9477,CENTRAL,Delhi,TS,India,,RENOVATION
S9478,Store_9478,SOUTH,Kochi,,,2025-12-26,CLOSED
,Store_9479,SOUTH,Pune,,India,2024-07-30,RENOVATION
S9480,Store_9480,NORTH,Kolkata,MP,India,,
,,CENTRAL,Delhi,WB,India,2024-09-09,OPEN
S9482,Store_9482,WEST,,KL,India,,RENOVATION
S9483,Store_9483,SOUTH,,,India,2025-04-27,RENOVATION
S9484,,EAST,Indore,,India,2022-09-08,RENOVATION
S9485,Store_9485,,,DL,India,2021-07-10,OPEN
S9486,Store_9486,CENTRAL,,KA,India,,RENOVATION
S9487,,NORTH,,MH,India,2023-09-27,RENOVATION
S9488,,,Hyderabad,TS,India,2022-12-14,OPEN
,Store_9489,,Chennai,KA,India,2022-02-11,CLOSED
,Store_9490,NORTH,Kochi,TS,India,2021-09-21,
,,CENTRAL,Kolkata,DL,India,2024-09-13,CLOSED
S9492,Store_9492,,,MH,India,2023-10-31,OPEN
,Store_9493,CENTRAL,Pune,,India,2022-10-14,CLOSED
S9494,Store_9494,EAST,Hyderabad,,India,2025-05-30,
S9495,Store_9495,SOUTH,,WB,,2024-04-24,CLOSED
S9496,Store_9496,NORTH,Delhi,,India,,RENOVATION
,Store_9497,CENTRAL,Kochi,KL,,2023-03-19,OPEN
S9498,Store_9498,EAST,,,India,2025-09-17,RENOVATION
S9499,Store_9499,WEST,Indore,WB,,,OPEN
,Store_9500,,Kolkata,TS,India,2025-08-15,CLOSED
,Store_9501,NORTH,Indore,MH,India,,OPEN
S9502,Store_9502,SOUTH,Mumbai,,India,2024-07-11,
,,SOUTH,Mumbai,WB,India,2025-03-04,CLOSED
S9504,,,Hyderabad,KA,India,2022-03-28,CLOSED
S9505,Store_9505,,,KL,India,2025-11-18,RENOVATION
,Store_9506,CENTRAL,Bengaluru,MH,India,2021-07-16,
S9507,,WEST,Chennai,TN,,2023-05-04,OPEN
S9508,,CENTRAL,,MH,India,2022-03-05,RENOVATION
S9509,Store_9509,SOUTH,Chennai,MH,India,,
S9510,Store_9510,,,KA,India,2022-12-20,OPEN
S9511,Store_9511,,,RJ,India,2025-11-20,CLOSED
S9512,,WEST,Delhi,MP,India,2022-06-05,
,Store_9513,NORTH,Chennai,MH,India,,RENOVATION
S9514,Store_9514,SOUTH,Kolkata,,,2025-02-22,RENOVATION
S9515,Store_9515,,Kolkata,KL,,2022-09-30,OPEN
,Store_9516,CENTRAL,Indore,MH,,2024-08-17,OPEN
S9517,Store_9517,WEST,,DL,India,2025-11-04,
,Store_9518,SOUTH,Jaipur,KL,India,,OPEN
,Store_9519,NORTH,Bengaluru,KL,India,,RENOVATION
S9520,Store_9520,EAST,,,India,2022-08-25,OPEN
S9521,Store_9521,CENTRAL,,TS,,2022-01-08,RENOVATION
S9522,,,Mumbai,MP,India,2022-03-12,OPEN
S9523,Store_9523,WEST,,,India,2023-04-10,RENOVATION
S9524,,SOUTH,Indore,DL,India,,OPEN
S9525,Store_9525,SOUTH,,KA,India,,OPEN
S9526,,SOUTH,Jaipur,WB,India,,RENOVATION
S9527,Store_9527,SOUTH,Bengaluru,,,2024-02-17,OPEN
S9528,Store_9528,SOUTH,Hyderabad,,India,,RENOVATION
S9529,Store_9529,NORTH,Delhi,MP,India,,
S9530,Store_9530,,Delhi,KL,,2022-11-04,CLOSED
S9531,Store_9531,,Mumbai,DL,,2023-04-21,RENOVATION
S9532,Store_9532,SOUTH,,,India,2021-07-05,OPEN
S9533,Store_9533,,Jaipur,TS,,2025-10-25,RENOVATION
S9534,Store_9534,CENTRAL,Indore,KA,India,,
S9535,Store_9535,,Jaipur,WB,,2025-04-21,RENOVATION
S9536,,WEST,Pune,KA,India,2024-08-18,
S9537,,WEST,Jaipur,KA,India,2024-08-07,
S9538,Store_9538,EAST,Mumbai,TN,India,,
S9539,Store_9539,SOUTH,Kochi,,,2025-07-31,RENOVATION
S9540,Store_9540,CENTRAL,Delhi,RJ,,,RENOVATION
S9541,Store_9541,EAST,Indore,,,2024-02-21,CLOSED
S9542,,EAST,Chennai,,India,2023-02-02,OPEN
S9543,,CENTRAL,Pune,KA,,2021-11-29,RENOVATION
S9544,,SOUTH,Jaipur,KA,India,2023-11-01,
S9545,Store_9545,,Bengaluru,,India,2024-09-05,OPEN
S9546,Store_9546,SOUTH,,TN,India,2024-03-26,
S9547,Store_9547,EAST,Hyderabad,,India,,RENOVATION
,Store_9548,SOUTH,Jaipur,MP,,2023-08-03,RENOVATION
,Store_9549,CENTRAL,Bengaluru,,India,2024-03-12,RENOVATION
,,WEST,Bengaluru,RJ,India,2023-09-30,RENOVATION
S9551,Store_9551,WEST,,KA,India,2024-08-06,
,,CENTRAL,Jaipur,RJ,India,2021-02-10,CLOSED
S9553,Store_9553,WEST,Pune,,India,,CLOSED
S9554,Store_9554,NORTH,Hyderabad,,,2021-05-01,RENOVATION
,Store_9555,WEST,Hyderabad,MP,India,2024-06-24,
S9556,Store_9556,CENTRAL,,DL,,2022-05-10,OPEN
S9557,Store_9557,EAST,Kolkata,KA,India,,
,Store_9558,NORTH,Kolkata,,India,2025-08-01,CLOSED
S9559,Store_9559,CENTRAL,,KA,India,,CLOSED
,Store_9560,EAST,Kochi,MH,India,,RENOVATION
,Store_9561,NORTH,Indore,MP,,2022-01-25,CLOSED
S9562,Store_9562,,Pune,,India,2023-07-30,CLOSED
S9563,Store_9563,,Kochi,TS,India,,RENOVATION
S9564,Store_9564,NORTH,,,India,2021-03-01,RENOVATION
S9565,,WEST,Pune,WB,,2025-04-04,RENOVATION
S9566,Store_9566,EAST,Hyderabad,,India,2024-04-02,
S9567,Store_9567,CENTRAL,Hyderabad,,India,,OPEN
S9568,,EAST,Hyderabad,TS,,2022-10-31,CLOSED
S9569,Store_9569,,Indore,,India,2023-08-19,OPEN
S9570,Store_9570,NORTH,Hyderabad,,India,,OPEN
S9571,Store_9571,,Mumbai,RJ,,2024-05-15,RENOVATION
S9572,Store_9572,WEST,Kolkata,,India,,OPEN
S9573,Store_9573,CENTRAL,,MP,,2022-01-27,RENOVATION
S9574,,EAST,Kochi,KA,India,2022-01-21,
S9575,Store_9575,SOUTH,,,India,2023-10-16,OPEN
S9576,,SOUTH,Pune,TS,,2022-03-28,CLOSED
S9577,Store_9577,,Chennai,KA,India,,RENOVATION
S9578,,SOUTH,Pune,RJ,India,,OPEN
S9579,Store_9579,,Delhi,RJ,,2026-01-05,CLOSED
,Store_9580,EAST,,DL,India,2024-10-01,RENOVATION
S9581,Store_9581,CENTRAL,,MH,India,,OPEN
S9582,,CENTRAL,,RJ,India,2023-05-11,OPEN
S9583,Store_9583,SOUTH,Mumbai,,India,,RENOVATION
,,WEST,Chennai,RJ,India,2022-04-14,OPEN
S9585,,CENTRAL,,KL,India,2023-11-01,RENOVATION
S9586,Store_9586,CENTRAL,,KL,,2021-05-08,OPEN
S9587,Store_9587,SOUTH,,WB,India,2024-08-24,
S9588,Store_9588,SOUTH,Delhi,WB,India,,
S9589,,CENTRAL,Delhi,KL,,2024-01-09,OPEN
S9590,,EAST,Kolkata,,India,2023-08-14,OPEN
,Store_9591,,Kolkata,TS,India,2025-08-31,OPEN
S9592,,CENTRAL,Bengaluru,,India,2021-11-11,RENOVATION
S9593,,EAST,,RJ,India,2025-06-10,CLOSED
S9594,Store_9594,CENTRAL,Kolkata,KL,India,,
S9595,,WEST,Bengaluru,RJ,India,2024-04-18,
S9596,,EAST,Hyderabad,DL,India,,RENOVATION
,Store_9597,SOUTH,Delhi,,India,2023-01-26,CLOSED
S9598,Store_9598,WEST,,MP,,2024-06-29,CLOSED
S9599,Store_9599,CENTRAL,,MH,India,2021-05-05,
S9600,Store_9600,,Hyderabad,RJ,India,,CLOSED
S9601,,,Indore,WB,India,2021-12-21,OPEN
S9602,Store_9602,SOUTH,Hyderabad,MH,,,CLOSED
S9603,Store_9603,,Mumbai,,India,2022-03-27,RENOVATION
,Store_9604,NORTH,,WB,India,2021-09-05,OPEN
S9605,Store_9605,,Delhi,DL,India,2025-11-15,
,Store_9606,EAST,Delhi,MH,India,2021-07-20,
S9607,Store_9607,CENTRAL,Mumbai,,India,,CLOSED
S9608,,,Bengaluru,KL,India,2023-07-02,RENOVATION
S9609,Store_9609,CENTRAL,Mumbai,KL,,,OPEN
S9610,,,Kolkata,KA,India,2024-04-12,RENOVATION
S9611,Store_9611,NORTH,,,India,2021-08-08,OPEN
,,SOUTH,Delhi,RJ,India,2022-06-18,OPEN
S9613,,NORTH,Indore,TS,India,,CLOSED
S9614,Store_9614,,Pune,MP,,2024-12-23,RENOVATION
,Store_9615,NORTH,Hyderabad,MP,,2024-01-08,CLOSED
S9616,,NORTH,Jaipur,KA,India,,OPEN
S9617,Store_9617,SOUTH,Hyderabad,MP,,2024-10-31,
S9618,Store_9618,CENTRAL,Kochi,,India,,CLOSED
S9619,Store_9619,CENTRAL,,DL,India,,RENOVATION
,Store_9620,CENTRAL,Delhi,,India,2022-08-03,OPEN
S9621,,,Jaipur,TN,India,2024-04-13,RENOVATION
S9622,,CENTRAL,Mumbai,TS,India,2025-11-10,
S9623,,EAST,Hyderabad,,India,2025-04-19,CLOSED
,Store_9624,EAST,Bengaluru,,India,2025-08-21,RENOVATION
S9625,Store_9625,SOUTH,Delhi,,,2025-09-22,RENOVATION
,Store_9626,NORTH,Jaipur,MP,India,,RENOVATION
S9627,Store_9627,,Bengaluru,,India,2025-03-01,OPEN
S9628,,NORTH,Bengaluru,TS,India,,CLOSED
S9629,,EAST,Jaipur,,India,2021-02-28,CLOSED
S9630,,WEST,Mumbai,WB,India,,RENOVATION
,,NORTH,Kochi,WB,India,2021-10-03,CLOSED
S9632,,CENTRAL,Pune,WB,India,2022-08-20,
S9633,,,Pune,MH,India,2023-04-20,RENOVATION
S9634,Store_9634,WEST,,KA,,2021-06-23,RENOVATION
,,SOUTH,Kolkata,RJ,India,2025-10-12,OPEN
S9636,Store_9636,,Kolkata,,India,2025-12-27,OPEN
,Store_9637,CENTRAL,,TN,India,2024-11-28,OPEN
S9638,Store_9638,NORTH,Indore,,,2025-03-29,OPEN
S9639,Store_9639,,Delhi,,India,2022-11-07,OPEN
S9640,Store_9640,SOUTH,Pune,WB,,2023-03-05,
,Store_9641,EAST,Kolkata,,India,2022-09-12,RENOVATION
S9642,Store_9642,,,TN,India,2025-02-23,OPEN
S9643,,WEST,Mumbai,,India,2022-08-11,OPEN
S9644,Store_9644,EAST,,MP,,2023-12-23,CLOSED
S9645,Store_9645,,,MP,India,2025-03-17,CLOSED
,Store_9646,CENTRAL,Mumbai,TS,India,,CLOSED
,Store_9647,,Bengaluru,WB,India,2025-07-30,RENOVATION
S9648,Store_9648,CENTRAL,Mumbai,,India,2021-09-17,
,Store_9649,,Chennai,WB,India,2025-07-24,CLOSED
S9650,Store_9650,,,KA,India,2021-10-22,OPEN
,Store_9651,SOUTH,,KL,India,2022-10-08,CLOSED
S9652,Store_9652,,Indore,MH,,2021-06-20,CLOSED
,Store_9653,SOUTH,Hyderabad,MH,,2024-05-14,RENOVATION
S9654,Store_9654,,Hyderabad,MP,,2022-03-14,OPEN
S9655,Store_9655,NORTH,Chennai,TN,,,CLOSED
S9656,,WEST,Kochi,,India,2021-03-14,RENOVATION
S9657,Store_9657,,Indore,,India,2024-01-02,CLOSED
S9658,Store_9658,CENTRAL,Chennai,KL,,,CLOSED
S9659,Store_9659,,,TN,India,2024-12-16,OPEN
S9660,,SOUTH,,TN,India,2023-11-07,CLOSED
,Store_9661,NORTH,Kolkata,DL,India,,RENOVATION
S9662,Store_9662,CENTRAL,,RJ,,2022-11-17,OPEN
,Store_9663,NORTH,Delhi,TS,India,,OPEN
S9664,Store_9664,NORTH,,WB,India,,CLOSED
S9665,Store_9665,SOUTH,Kolkata,WB,India,,
S9666,Store_9666,EAST,Bengaluru,,India,,CLOSED
,Store_9667,SOUTH,Mumbai,,India,2023-04-13,OPEN
S9668,Store_9668,WEST,Jaipur,,India,2024-04-11,
S9669,Store_9669,,Bengaluru,MP,India,2021-11-23,
,,WEST,Kolkata,MH,India,2024-03-23,CLOSED
S9671,,NORTH,,MP,India,2021-04-04,CLOSED
,Store_9672,CENTRAL,Kochi,TN,,2024-06-23,CLOSED
S9673,Store_9673,,Hyderabad,TS,India,2022-08-31,
,Store_9674,WEST,Hyderabad,KA,India,2024-02-28,
,Store_9675,EAST,Hyderabad,,India,2024-07-17,RENOVATION
S9676,Store_9676,NORTH,Jaipur,MH,,,RENOVATION
,Store_9677,SOUTH,Kochi,WB,,2022-01-05,OPEN
S9678,,NORTH,Kochi,RJ,,2024-08-14,CLOSED
S9679,Store_9679,CENTRAL,Chennai,,India,2025-12-20,
S9680,Store_9680,EAST,Pune,,India,,OPEN
S9681,Store_9681,,Mumbai,,India,2022-06-02,CLOSED
S9682,Store_9682,,Kolkata,MH,India,,OPEN
,Store_9683,,Delhi,KA,India,2023-04-23,RENOVATION
S9684,Store_9684,EAST,,,India,2026-01-16,RENOVATION
,Store_9685,SOUTH,Jaipur,DL,,2024-09-18,CLOSED
S9686,Store_9686,,Pune,,India,2021-09-09,CLOSED
S9687,,NORTH,,KA,India,2025-10-19,RENOVATION
S9688,,SOUTH,Hyderabad,MP,,2021-07-10,RENOVATION
S9689,Store_9689,SOUTH,,DL,India,,OPEN
S9690,,SOUTH,Jaipur,,India,2021-05-13,OPEN
S9691,,NORTH,Indore,KL,India,,OPEN
S9692,Store_9692,,Pune,,India,2025-05-23,CLOSED
S9693,Store_9693,EAST,Pune,,India,2023-11-18,
,Store_9694,SOUTH,,MH,India,2024-07-31,CLOSED
S9695,Store_9695,SOUTH,,TS,India,,OPEN
,Store_9696,WEST,,KL,India,2023-12-05,OPEN
S9697,Store_9697,NORTH,,TN,,2023-06-28,CLOSED
,Store_9698,CENTRAL,Hyderabad,KA,,2025-09-24,RENOVATION
S9699,Store_9699,EAST,,WB,,2023-12-23,CLOSED
S9700,,NORTH,Jaipur,WB,,2026-01-09,OPEN
S9701,,EAST,Indore,MP,India,2025-01-21,
S9702,Store_9702,NORTH,Chennai,,India,,CLOSED
,Store_9703,WEST,Pune,TS,,2024-03-16,CLOSED
,Store_9704,,Kolkata,KL,India,2024-05-14,OPEN
,Store_9705,EAST,Bengaluru,,India,2022-05-03,CLOSED
S9706,Store_9706,CENTRAL,Jaipur,KA,,2023-01-27,
S9707,,EAST,Indore,WB,India,2023-01-26,
,Store_9708,EAST,Bengaluru,RJ,India,2025-11-04,
,Store_9709,WEST,Indore,DL,India,,CLOSED
S9710,,EAST,Jaipur,WB,,2024-11-05,RENOVATION
S9711,,NORTH,Hyderabad,KL,,2022-07-06,RENOVATION
S9712,Store_9712,SOUTH,,,India,2022-01-31,OPEN
S9713,,,Delhi,TS,India,2024-12-24,RENOVATION
S9714,Store_9714,,Mumbai,TS,India,,RENOVATION
,Store_9715,,Kochi,RJ,India,2025-05-31,CLOSED
S9716,,EAST,Mumbai,,India,2022-09-06,RENOVATION
S9717,Store_9717,,Chennai,TN,India,2023-08-30,
S9718,Store_9718,,Hyderabad,TN,,2022-03-11,CLOSED
S9719,Store_9719,WEST,Bengaluru,,India,2021-10-05,
S9720,,WEST,,KA,India,2022-07-22,CLOSED
,Store_9721,NORTH,Mumbai,,India,2025-05-02,RENOVATION
S9722,Store_9722,,Kochi,,India,2025-07-08,RENOVATION
S9723,Store_9723,SOUTH,Chennai,,India,2025-09-16,
S9724,Store_9724,WEST,,MH,India,,OPEN
S9725,Store_9725,WEST,,KL,India,,CLOSED
S9726,Store_9726,NORTH,,KA,India,,CLOSED
,Store_9727,WEST,Bengaluru,DL,India,2025-11-17,
S9728,,EAST,Chennai,,India,2021-10-06,RENOVATION
S9729,,,Jaipur,TN,India,2024-07-29,RENOVATION
S9730,Store_9730,,Mumbai,RJ,India,2022-07-15,
S9731,Store_9731,WEST,Bengaluru,KA,,2024-09-14,
S9732,Store_9732,,,KL,India,2026-01-07,OPEN
S9733,Store_9733,NORTH,Kolkata,,India,,OPEN
S9734,Store_9734,NORTH,,TN,,2023-09-07,OPEN
S9735,Store_9735,,,MP,India,2024-07-16,OPEN
S9736,Store_9736,,Bengaluru,MH,,2021-04-30,RENOVATION
S9737,Store_9737,EAST,,,India,2023-09-10,CLOSED
S9738,Store_9738,CENTRAL,,MH,India,,OPEN
S9739,Store_9739,WEST,Pune,,,2022-10-29,OPEN
S9740,,,Bengaluru,MP,India,2023-04-26,RENOVATION
,Store_9741,CENTRAL,Jaipur,,India,2021-03-27,RENOVATION
S9742,Store_9742,,Mumbai,MH,India,2021-03-17,
S9743,Store_9743,SOUTH,,WB,India,,OPEN
,Store_9744,EAST,Chennai,RJ,India,,CLOSED
S9745,Store_9745,WEST,Bengaluru,,,2022-03-29,CLOSED
S9746,,WEST,Kolkata,TN,,2023-01-08,CLOSED
S9747,Store_9747,WEST,Indore,,,2024-10-04,CLOSED
S9748,Store_9748,,Hyderabad,RJ,India,,RENOVATION
S9749,Store_9749,,Hyderabad,DL,India,,OPEN
S9750,Store_9750,CENTRAL,Hyderabad,KL,,,RENOVATION
S9751,,EAST,Kochi,KL,India,2021-08-22,
,Store_9752,NORTH,Kolkata,RJ,India,2025-03-14,
S9753,Store_9753,WEST,,MP,,2024-02-13,OPEN
,Store_9754,CENTRAL,Bengaluru,,India,2021-11-09,CLOSED
,Store_9755,EAST,,MP,India,2024-04-17,RENOVATION
S9756,Store_9756,SOUTH,,DL,,2023-03-21,OPEN
S9757,Store_9757,SOUTH,Chennai,MH,,2022-07-04,
S9758,Store_9758,EAST,,DL,India,,RENOVATION
S9759,Store_9759,SOUTH,,MP,India,2023-04-17,
S9760,Store_9760,,,DL,India,2024-06-08,OPEN
,Store_9761,NORTH,Bengaluru,MP,India,,CLOSED
,Store_9762,,Kolkata,TS,India,2021-03-24,RENOVATION
S9763,Store_9763,CENTRAL,,TN,India,2023-01-07,
S9764,Store_9764,,,MH,India,2022-07-30,OPEN
S9765,,CENTRAL,Delhi,TN,,2025-11-16,RENOVATION
,Store_9766,EAST,Bengaluru,KA,India,,CLOSED
S9767,Store_9767,NORTH,Kochi,TS,India,,
S9768,,,Chennai,MP,India,2026-01-19,CLOSED
,Store_9769,WEST,Pune,TS,,2021-12-01,RENOVATION
S9770,Store_9770,EAST,,,India,2022-04-29,OPEN
S9771,Store_9771,,Indore,MP,India,,CLOSED
,Store_9772,WEST,Bengaluru,MH,,2022-11-09,RENOVATION
,,SOUTH,Indore,TN,India,2025-03-01,OPEN
S9774,,NORTH,Delhi,DL,,2021-02-17,CLOSED
S9775,,NORTH,Chennai,TN,India,,CLOSED
S9776,Store_9776,,Chennai,KL,,2022-07-27,CLOSED
,Store_9777,EAST,Chennai,MP,,2023-03-03,RENOVATION
S9778,Store_9778,,Kochi,TN,India,,RENOVATION
S9779,Store_9779,WEST,Jaipur,,,2022-07-26,CLOSED
S9780,,SOUTH,Bengaluru,TS,India,,OPEN
S9781,Store_9781,,Delhi,WB,,2025-05-11,CLOSED
S9782,Store_9782,,,MP,India,2022-11-22,OPEN
S9783,,CENTRAL,,MH,India,2024-05-13,RENOVATION
,,CENTRAL,Bengaluru,TS,India,2024-05-02,CLOSED
S9785,,NORTH,Pune,TN,India,,OPEN
S9786,Store_9786,EAST,,,India,2025-12-01,RENOVATION
S9787,,CENTRAL,Hyderabad,TS,,2024-11-26,OPEN
S9788,,WEST,Indore,MP,India,2023-03-26,
,Store_9789,NORTH,Bengaluru,KA,India,,RENOVATION
S9790,Store_9790,SOUTH,,TN,India,,RENOVATION
S9791,Store_9791,CENTRAL,Mumbai,KA,India,,
,Store_9792,NORTH,Bengaluru,KL,,2023-06-21,OPEN
S9793,Store_9793,CENTRAL,,TS,India,,RENOVATION
S9794,Store_9794,EAST,Hyderabad,MP,,,OPEN
S9795,Store_9795,WEST,Delhi,MP,India,,
S9796,,NORTH,Hyderabad,KA,India,2024-04-14,
S9797,Store_9797,,,DL,India,2022-12-04,RENOVATION
S9798,,,Pune,MH,India,2024-06-13,CLOSED
S9799,,EAST,,DL,India,2022-02-22,CLOSED
S9800,Store_9800,CENTRAL,Bengaluru,MH,India,,
S9801,,CENTRAL,Chennai,,India,2022-01-09,CLOSED
S9802,Store_9802,,Hyderabad,,India,2025-05-01,CLOSED
S9803,,CENTRAL,Bengaluru,MH,India,2025-07-29,
S9804,Store_9804,WEST,Jaipur,MH,,,RENOVATION
S9805,Store_9805,WEST,Jaipur,,India,,CLOSED
S9806,Store_9806,NORTH,Delhi,,India,,OPEN
,Store_9807,SOUTH,Indore,MP,,2024-05-12,RENOVATION
,Store_9808,,Mumbai,TS,India,2022-04-30,OPEN
S9809,,EAST,,RJ,India,2024-07-15,RENOVATION
,Store_9810,,Kochi,MH,India,2025-02-27,CLOSED
S9811,,WEST,Kochi,DL,India,2025-02-14,
S9812,,,Kolkata,KL,India,2025-06-07,CLOSED
,Store_9813,WEST,Kochi,TN,India,2021-02-27,
,Store_9814,,Kolkata,TN,India,2022-05-15,RENOVATION
,Store_9815,CENTRAL,Kolkata,,India,2021-07-10,CLOSED
S9816,Store_9816,,Pune,KA,India,,OPEN
,Store_9817,,Kochi,KL,India,2024-12-11,OPEN
S9818,Store_9818,WEST,,,India,2023-09-17,RENOVATION
S9819,Store_9819,WEST,Kolkata,,India,2021-07-17,
S9820,Store_9820,EAST,,KL,,2025-08-03,RENOVATION
S9821,Store_9821,CENTRAL,Hyderabad,KL,,2023-09-17,
S9822,,,Hyderabad,KA,India,2022-09-26,RENOVATION
S9823,Store_9823,NORTH,,DL,India,,RENOVATION
S9824,,SOUTH,Chennai,RJ,India,2025-10-29,
S9825,Store_9825,WEST,Hyderabad,RJ,,2022-05-01,
S9826,Store_9826,,Kochi,MP,India,2022-05-20,
,Store_9827,SOUTH,,TN,India,2022-01-26,CLOSED
S9828,Store_9828,,,DL,India,2025-01-16,OPEN
,Store_9829,NORTH,,RJ,India,2021-04-14,RENOVATION
,Store_9830,NORTH,,RJ,India,2024-01-11,OPEN
S9831,Store_9831,NORTH,Chennai,DL,,,CLOSED
,Store_9832,,Indore,RJ,India,2022-12-16,CLOSED
,Store_9833,,Mumbai,TN,India,2025-06-20,RENOVATION
S9834,Store_9834,WEST,Bengaluru,TN,,2022-08-24,
S9835,Store_9835,SOUTH,Chennai,DL,India,,
S9836,Store_9836,,Hyderabad,MP,,2024-11-02,CLOSED
,Store_9837,,Mumbai,MP,India,2021-09-22,OPEN
S9838,Store_9838,EAST,Mumbai,TS,,,OPEN
,Store_9839,SOUTH,Kochi,,India,2021-09-01,CLOSED
S9840,Store_9840,EAST,,RJ,India,2023-11-08,
S9841,Store_9841,,Jaipur,TS,India,,OPEN
,Store_9842,NORTH,Delhi,,India,2023-10-13,RENOVATION
S9843,Store_9843,CENTRAL,Kochi,RJ,,,RENOVATION
S9844,Store_9844,,Bengaluru,,India,2021-09-06,CLOSED
S9845,Store_9845,,Chennai,RJ,,2025-12-04,CLOSED
S9846,,,Kolkata,MP,India,2023-12-01,RENOVATION
,,EAST,Jaipur,KL,India,2021-09-30,RENOVATION
S9848,Store_9848,,,MH,India,2024-04-08,CLOSED
S9849,,CENTRAL,Kolkata,KA,,2024-02-29,OPEN
,,WEST,Pune,WB,India,2022-01-30,OPEN
S9851,Store_9851,,Mumbai,WB,,2025-04-08,RENOVATION
S9852,Store_9852,CENTRAL,Indore,RJ,,,RENOVATION
,Store_9853,EAST,Mumbai,WB,,2021-05-19,CLOSED
S9854,Store_9854,CENTRAL,Indore,MP,,,RENOVATION
S9855,,WEST,Bengaluru,,India,2026-01-02,RENOVATION
S9856,Store_9856,WEST,Kolkata,,,2025-07-10,CLOSED
S9857,Store_9857,WEST,,MP,India,,RENOVATION
S9858,,,Chennai,RJ,India,2023-12-24,OPEN
,Store_9859,EAST,Indore,WB,India,2021-08-09,
S9860,Store_9860,,Kolkata,WB,,2024-04-11,RENOVATION
S9861,Store_9861,,Indore,MP,India,,OPEN
S9862,Store_9862,SOUTH,Mumbai,DL,,,CLOSED
,Store_9863,WEST,Pune,TS,India,,OPEN
S9864,,SOUTH,,RJ,India,2024-03-21,CLOSED
,Store_9865,SOUTH,,WB,India,2023-10-03,CLOSED
,Store_9866,EAST,Kolkata,,India,2024-07-26,RENOVATION
S9867,Store_9867,CENTRAL,,,India,2021-04-16,RENOVATION
S9868,Store_9868,EAST,Kochi,TS,,2025-07-26,
S9869,Store_9869,EAST,Chennai,,India,2022-09-13,
,Store_9870,NORTH,Kochi,MH,,2023-07-12,RENOVATION
S9871,Store_9871,NORTH,Kochi,KL,,,CLOSED
S9872,Store_9872,CENTRAL,,KA,India,2023-01-10,
S9873,Store_9873,WEST,,RJ,,2021-08-26,CLOSED
,Store_9874,,Indore,KL,India,2021-05-08,OPEN
,Store_9875,,Kolkata,RJ,India,2023-10-07,OPEN
S9876,Store_9876,SOUTH,Kochi,,,2024-03-25,CLOSED
S9877,Store_9877,EAST,Delhi,TN,India,,
S9878,Store_9878,,Kolkata,MP,,2022-06-02,RENOVATION
S9879,Store_9879,WEST,Mumbai,,,2023-10-05,OPEN
S9880,,EAST,Chennai,MP,India,2024-09-09,
S9881,,EAST,Delhi,MH,India,2022-11-15,
,Store_9882,SOUTH,Kolkata,MP,,2024-05-11,CLOSED
S9883,,WEST,Hyderabad,RJ,,2023-08-22,OPEN
S9884,Store_9884,WEST,,WB,India,2021-08-08,
S9885,Store_9885,EAST,Jaipur,,India,2024-08-02,
S9886,Store_9886,EAST,,KA,India,2025-08-29,
S9887,,EAST,Jaipur,TN,India,,CLOSED
,Store_9888,NORTH,Chennai,DL,India,2021-09-28,
S9889,Store_9889,,,KL,India,2022-01-11,RENOVATION
,Store_9890,EAST,Kolkata,,India,2024-08-06,RENOVATION
,Store_9891,WEST,Mumbai,WB,India,2023-03-26,
S9892,Store_9892,CENTRAL,Chennai,DL,India,,
S9893,Store_9893,CENTRAL,,DL,India,2023-02-10,
S9894,Store_9894,WEST,,TS,India,2025-12-19,
,Store_9895,EAST,Jaipur,,India,2024-12-01,CLOSED
,Store_9896,NORTH,Kochi,WB,India,2022-04-16,
S9897,,CENTRAL,Kochi,,India,2025-12-17,OPEN
S9898,Store_9898,,,KL,India,2022-10-11,CLOSED
,Store_9899,,Delhi,KL,India,2023-07-03,CLOSED
S9900,Store_9900,,Delhi,WB,,2022-10-31,CLOSED
S9901,Store_9901,,Jaipur,DL,India,2024-06-22,
S9902,Store_9902,NORTH,Chennai,RJ,India,,
S9903,Store_9903,WEST,Hyderabad,,India,2024-08-27,
S9904,Store_9904,CENTRAL,Chennai,TN,,2023-01-31,
S9905,,,Kochi,MP,India,2023-07-19,CLOSED
S9906,Store_9906,,Jaipur,,India,2025-03-13,OPEN
,Store_9907,WEST,,KL,India,2021-11-19,CLOSED
,Store_9908,CENTRAL,Kochi,,India,2025-01-16,RENOVATION
,Store_9909,EAST,Bengaluru,RJ,India,,OPEN
S9910,,WEST,Pune,TS,India,,OPEN
S9911,Store_9911,WEST,,,India,2025-01-05,OPEN
,Store_9912,EAST,,RJ,India,2023-07-06,CLOSED
S9913,Store_9913,,Delhi,,India,2021-09-06,RENOVATION
S9914,Store_9914,,Hyderabad,KA,,2021-10-24,OPEN
S9915,Store_9915,WEST,Chennai,DL,India,,
,Store_9916,WEST,Delhi,,India,2024-09-16,RENOVATION
S9917,Store_9917,EAST,,WB,India,,CLOSED
,,NORTH,Kochi,MP,India,2025-07-04,RENOVATION
S9919,,WEST,Jaipur,,India,2025-07-28,CLOSED
S9920,Store_9920,NORTH,,DL,India,,CLOSED
S9921,Store_9921,NORTH,Indore,MH,,2023-02-12,
S9922,Store_9922,,Indore,,India,2023-10-19,RENOVATION
S9923,,NORTH,Kolkata,KA,India,,CLOSED
S9924,Store_9924,NORTH,,TN,India,2024-05-29,
S9925,,SOUTH,Indore,MP,India,2024-03-26,
S9926,,SOUTH,Jaipur,WB,,2022-06-13,RENOVATION
S9927,,EAST,Pune,DL,,2024-02-16,CLOSED
,Store_9928,,Delhi,MP,India,2023-11-17,OPEN
,,NORTH,Jaipur,RJ,India,2023-03-30,RENOVATION
S9930,,NORTH,Indore,,India,2025-11-03,CLOSED
S9931,Store_9931,CENTRAL,,TS,,2025-11-09,RENOVATION
S9932,Store_9932,CENTRAL,Kochi,WB,,2025-12-15,
,Store_9933,WEST,Mumbai,,India,2023-06-17,RENOVATION
S9934,Store_9934,,,TN,India,2022-07-11,CLOSED
,,CENTRAL,Indore,KA,India,2021-05-24,RENOVATION
S9936,Store_9936,CENTRAL,,,India,2021-08-13,RENOVATION
S9937,,SOUTH,Delhi,,India,2022-05-27,CLOSED
S9938,,EAST,Mumbai,,India,2023-11-03,RENOVATION
S9939,Store_9939,SOUTH,Bengaluru,RJ,,2025-12-28,
S9940,Store_9940,EAST,Kolkata,,India,2021-04-20,
S9941,Store_9941,SOUTH,,KA,India,,RENOVATION
S9942,Store_9942,,,RJ,India,2025-08-21,CLOSED
S9943,Store_9943,NORTH,Indore,,India,,OPEN
S9944,Store_9944,CENTRAL,,TS,,2025-02-07,CLOSED
S9945,Store_9945,CENTRAL,Indore,,India,,OPEN
,Store_9946,NORTH,Jaipur,WB,,2025-09-14,OPEN
S9947,Store_9947,CENTRAL,,TS,India,,RENOVATION
S9948,Store_9948,,Bengaluru,,India,2022-01-21,RENOVATION
S9949,Store_9949,SOUTH,Kolkata,,India,2024-09-06,
S9950,,,Hyderabad,MP,India,2025-11-25,CLOSED
S9951,Store_9951,,Mumbai,KA,India,,OPEN
,Store_9952,SOUTH,Bengaluru,,India,2024-01-01,RENOVATION
S9953,Store_9953,CENTRAL,Bengaluru,TN,,,OPEN
S9954,Store_9954,,Chennai,,India,2022-08-03,OPEN
S9955,,SOUTH,Delhi,,India,2025-02-06,CLOSED
S9956,,NORTH,Hyderabad,,India,2023-06-09,RENOVATION
,Store_9957,WEST,Hyderabad,KA,,2021-12-04,RENOVATION
S9958,Store_9958,SOUTH,Bengaluru,MP,India,,
S9959,Store_9959,EAST,Chennai,MP,,2024-09-05,
S9960,,WEST,Pune,,India,2024-04-11,CLOSED
,Store_9961,SOUTH,Indore,WB,,2024-10-03,RENOVATION
S9962,,,Delhi,KL,India,2021-05-07,RENOVATION
S9963,Store_9963,,Kochi,KA,India,2022-09-12,
S9964,Store_9964,,Bengaluru,DL,India,2022-07-31,
S9965,Store_9965,CENTRAL,,,India,2022-10-09,CLOSED
S9966,Store_9966,EAST,Hyderabad,,India,,CLOSED
S9967,Store_9967,WEST,Pune,TS,,2025-01-12,
S9968,Store_9968,EAST,,MH,India,,OPEN
S9969,Store_9969,WEST,,KA,India,2025-08-24,
S9970,,,Kolkata,RJ,India,2025-06-08,OPEN
S9971,Store_9971,,Indore,TS,India,,CLOSED
S9972,Store_9972,SOUTH,,TS,India,2021-03-09,
,Store_9973,EAST,Kochi,KA,India,2025-04-05,
S9974,Store_9974,NORTH,,DL,India,,OPEN
S9975,Store_9975,WEST,Delhi,MH,,2024-08-01,
S9976,,,Kochi,MP,India,2021-04-16,OPEN
S9977,Store_9977,EAST,Delhi,,India,,OPEN
S9978,Store_9978,WEST,Kochi,TN,,,RENOVATION
S9979,Store_9979,EAST,,,India,2023-03-27,RENOVATION
S9980,,EAST,,WB,India,2023-10-03,CLOSED
S9981,,NORTH,Chennai,TN,India,,CLOSED
S9982,Store_9982,NORTH,Chennai,,India,,RENOVATION
,Store_9983,EAST,Delhi,MP,India,2022-03-12,
S9984,Store_9984,EAST,Delhi,,India,,CLOSED
S9985,Store_9985,SOUTH,,KA,India,,RENOVATION
,Store_9986,,Delhi,MH,India,2025-08-17,OPEN
S9987,Store_9987,NORTH,Pune,MP,India,,
,Store_9988,,Bengaluru,MP,India,2022-07-24,CLOSED
S9989,Store_9989,SOUTH,,,India,2024-05-12,OPEN
,Store_9990,CENTRAL,Kochi,TN,India,,OPEN
S9991,,EAST,Chennai,,India,2021-07-13,CLOSED
,Store_9992,SOUTH,,MP,India,2021-10-30,CLOSED
,Store_9993,SOUTH,Chennai,MP,,2024-08-21,CLOSED
S9994,Store_9994,NORTH,,KA,India,,OPEN
S9995,,,Bengaluru,KA,India,2023-10-02,CLOSED
S9996,Store_9996,,Mumbai,DL,India,2023-10-20,
S9997,Store_9997,,Indore,WB,India,2024-11-04,
S9998,,CENTRAL,,KA,India,2023-12-01,CLOSED
S9999,Store_9999,CENTRAL,Bengaluru,,India,,RENOVATION
S10000,Store_10000,WEST,,RJ,,2024-12-26,RENOVATION
,Store_10001,WEST,Kochi,,India,2024-07-10,CLOSED
S10002,Store_10002,,Bengaluru,WB,India,2024-06-16,
S10003,,SOUTH,Indore,KA,India,2024-10-16,
,Store_10004,NORTH,Pune,,India,2021-02-07,OPEN
S10005,,,Hyderabad,MH,India,2021-08-07,RENOVATION
,Store_10006,EAST,Pune,TS,India,2023-04-20,
S10007,Store_10007,,Chennai,RJ,,2022-12-16,OPEN
,,SOUTH,Delhi,TS,India,2024-01-03,OPEN
S10009,,NORTH,,DL,India,2021-11-23,CLOSED
S10010,Store_10010,EAST,Mumbai,RJ,,2025-05-18,
S10011,Store_10011,,,MP,India,2021-03-27,OPEN
S10012,Store_10012,CENTRAL,,MH,,2022-09-03,CLOSED
,Store_10013,CENTRAL,,MP,India,2025-03-25,RENOVATION
S10014,Store_10014,SOUTH,Pune,RJ,,2025-07-22,
S10015,,WEST,Kolkata,WB,,2024-03-08,RENOVATION
S10016,Store_10016,CENTRAL,,,India,2024-11-26,RENOVATION
S10017,,,Pune,KA,India,2025-04-27,OPEN
S10018,Store_10018,EAST,,MP,India,2024-12-27,
,Store_10019,SOUTH,,KL,India,2025-12-20,OPEN
S10020,Store_10020,SOUTH,,WB,,2022-03-28,CLOSED
S10021,Store_10021,CENTRAL,,,India,2024-08-19,RENOVATION
S10022,Store_10022,NORTH,,,India,2024-06-16,RENOVATION
S10023,,NORTH,,DL,India,2023-06-22,OPEN
,Store_10024,SOUTH,Jaipur,DL,India,2024-01-26,
S10025,Store_10025,WEST,,MH,India,2023-10-28,
,Store_10026,WEST,Pune,KL,India,,RENOVATION
S10027,Store_10027,,Pune,RJ,,2025-05-16,RENOVATION
S10028,Store_10028,WEST,Jaipur,MP,,,CLOSED
,Store_10029,CENTRAL,Hyderabad,MP,India,2022-11-17,
S10030,Store_10030,,Jaipur,KA,India,2021-03-08,
S10031,Store_10031,WEST,Delhi,,,2022-03-19,RENOVATION
S10032,Store_10032,,Bengaluru,,India,2023-10-23,RENOVATION
S10033,Store_10033,SOUTH,,WB,,2023-09-06,CLOSED
S10034,,SOUTH,Kolkata,DL,,2024-05-02,CLOSED
S10035,Store_10035,WEST,,TN,,2022-06-09,OPEN
S10036,Store_10036,,Kochi,MP,India,2024-10-23,
S10037,Store_10037,SOUTH,Hyderabad,RJ,,2022-03-13,
,Store_10038,EAST,Bengaluru,MH,India,2026-01-18,
S10039,Store_10039,,,MP,India,2024-07-16,CLOSED
S10040,Store_10040,,Kolkata,,India,2025-01-18,RENOVATION
,Store_10041,EAST,,DL,India,2024-01-22,OPEN
S10042,Store_10042,,Indore,RJ,,2023-06-13,RENOVATION
S10043,Store_10043,,Indore,TS,,2023-02-12,CLOSED
S10044,Store_10044,,,KL,India,2022-08-13,CLOSED
S10045,Store_10045,,Hyderabad,TS,,2026-01-04,CLOSED
S10046,,NORTH,Kochi,TN,India,,CLOSED
S10047,,SOUTH,Delhi,,India,2023-01-26,RENOVATION
S10048,,,Pune,WB,India,2021-06-21,RENOVATION
S10049,Store_10049,EAST,,DL,India,2021-06-28,
S10050,Store_10050,SOUTH,Indore,DL,,2023-06-30,
,Store_10051,EAST,,MH,India,2024-04-23,OPEN
,,WEST,Pune,DL,India,2022-12-21,CLOSED
,Store_10053,,Kochi,TN,India,2023-09-26,OPEN
,Store_10054,CENTRAL,Pune,MH,India,2024-06-13,
,Store_10055,EAST,Bengaluru,TN,India,,OPEN
S10056,,WEST,Delhi,RJ,India,2024-05-30,
S10057,Store_10057,EAST,,TS,India,,RENOVATION
S10058,Store_10058,,Hyderabad,KL,India,,CLOSED
,,CENTRAL,Kolkata,TS,India,2021-08-10,OPEN
S10060,Store_10060,,Hyderabad,,India,2023-08-24,CLOSED
S10061,Store_10061,SOUTH,,MP,India,2025-12-13,
S10062,Store_10062,NORTH,Hyderabad,DL,,,CLOSED
S10063,,EAST,Pune,,India,2022-05-27,CLOSED
S10064,Store_10064,SOUTH,Pune,KL,,2022-02-09,
S10065,Store_10065,,Indore,MP,,2023-04-05,RENOVATION
S10066,,CENTRAL,Indore,,India,2021-06-30,CLOSED
S10067,Store_10067,NORTH,,TN,India,,OPEN
S10068,Store_10068,CENTRAL,Jaipur,,,2025-07-27,OPEN
S10069,Store_10069,,,TS,India,2021-04-23,OPEN
S10070,Store_10070,,Jaipur,RJ,India,2025-03-12,
S10071,Store_10071,EAST,,KA,India,2025-08-14,
S10072,Store_10072,,Bengaluru,TS,India,2021-11-06,
,,SOUTH,Kochi,MP,India,2024-07-07,RENOVATION
S10074,Store_10074,EAST,Kolkata,MP,,2025-06-20,
S10075,Store_10075,SOUTH,,,India,2025-09-12,CLOSED
S10076,,,Hyderabad,RJ,India,2022-01-27,RENOVATION
,,EAST,Mumbai,TS,India,2022-05-18,OPEN
S10078,Store_10078,WEST,,KL,,2024-09-18,RENOVATION
S10079,Store_10079,CENTRAL,Pune,,,2021-10-27,CLOSED
S10080,Store_10080,CENTRAL,,RJ,India,2021-08-08,
S10081,Store_10081,SOUTH,Pune,,India,,OPEN
S10082,,CENTRAL,Indore,,India,2021-05-20,CLOSED
S10083,Store_10083,,,TS,India,2024-02-08,OPEN
S10084,Store_10084,NORTH,Indore,RJ,India,,
S10085,Store_10085,CENTRAL,Bengaluru,DL,,,RENOVATION
S10086,,CENTRAL,Indore,,India,2023-05-11,RENOVATION
,Store_10087,NORTH,Bengaluru,RJ,India,2024-05-27,
S10088,Store_10088,,Pune,TS,India,2022-05-01,
S10089,Store_10089,,Hyderabad,TN,,2024-09-13,CLOSED
S10090,,EAST,,MH,India,2022-11-30,OPEN
S10091,Store_10091,WEST,Delhi,RJ,,2023-01-22,
S10092,Store_10092,SOUTH,Jaipur,WB,India,,
S10093,Store_10093,EAST,,,India,2026-01-20,OPEN
S10094,,CENTRAL,Jaipur,MH,India,2025-06-13,
S10095,,NORTH,Kolkata,,India,2023-12-12,CLOSED
S10096,,WEST,Kochi,MP,India,2025-01-01,
S10097,Store_10097,,Pune,,India,2023-10-31,CLOSED
,Store_10098,NORTH,Bengaluru,MH,India,,RENOVATION
S10099,Store_10099,WEST,Hyderabad,MH,India,,
,Store_10100,SOUTH,Kolkata,TN,India,,CLOSED
S10101,Store_10101,CENTRAL,Bengaluru,,India,2022-04-17,
S10102,Store_10102,,,KA,India,2021-05-16,RENOVATION
S10103,,NORTH,,WB,India,2023-09-19,RENOVATION
S10104,Store_10104,CENTRAL,,,India,2026-01-11,RENOVATION
S10105,Store_10105,EAST,,RJ,India,2025-08-26,
S10106,,WEST,Delhi,TS,India,,CLOSED
S10107,Store_10107,CENTRAL,,DL,India,2025-12-06,
,,EAST,Mumbai,KL,India,2024-05-10,CLOSED
S10109,Store_10109,EAST,Delhi,KL,,2024-05-10,
S10110,Store_10110,NORTH,Mumbai,WB,,2023-10-12,
,Store_10111,SOUTH,Delhi,,India,2025-11-25,OPEN
S10112,Store_10112,WEST,Bengaluru,TN,,2022-03-14,
S10113,Store_10113,CENTRAL,Delhi,,India,,CLOSED
S10114,Store_10114,WEST,Indore,,India,2022-02-19,
S10115,Store_10115,,Delhi,WB,India,,OPEN
S10116,Store_10116,NORTH,,KA,,2024-05-02,RENOVATION
,Store_10117,CENTRAL,,TS,India,2022-12-07,OPEN
S10118,Store_10118,,Hyderabad,MP,India,,OPEN
S10119,,WEST,Bengaluru,,India,2021-07-12,CLOSED
,Store_10120,WEST,Mumbai,WB,India,,OPEN
S10121,Store_10121,EAST,,RJ,India,2024-04-29,
S10122,,WEST,Bengaluru,KL,India,,OPEN
S10123,,NORTH,,MH,India,2022-06-07,RENOVATION
S10124,Store_10124,WEST,Indore,TN,,2022-02-12,
,Store_10125,CENTRAL,Pune,,India,2021-07-12,OPEN
S10126,,WEST,Delhi,WB,,2024-10-22,CLOSED
S10127,Store_10127,CENTRAL,,WB,,2023-06-01,RENOVATION
,Store_10128,SOUTH,Delhi,DL,India,2025-10-22,
S10129,Store_10129,NORTH,,WB,India,2023-03-10,
S10130,,EAST,Jaipur,WB,India,2025-11-22,
S10131,Store_10131,WEST,Bengaluru,,India,2023-09-09,
S10132,Store_10132,NORTH,Delhi,TS,,,RENOVATION
S10133,Store_10133,CENTRAL,,MH,India,2024-07-09,
S10134,,WEST,,TS,India,2022-05-21,OPEN
S10135,,CENTRAL,,MP,India,2025-02-21,CLOSED
S10136,Store_10136,SOUTH,Jaipur,,,2022-02-19,OPEN
,Store_10137,CENTRAL,Kolkata,TS,,2022-10-30,CLOSED
S10138,,SOUTH,Kochi,RJ,India,,RENOVATION
S10139,,,Kolkata,TN,India,2024-01-21,CLOSED
S10140,Store_10140,SOUTH,Hyderabad,TS,,,CLOSED
S10141,Store_10141,,Mumbai,TS,India,2025-01-24,
S10142,,EAST,Bengaluru,KA,India,2025-03-17,
S10143,Store_10143,CENTRAL,Kochi,DL,,2021-12-24,
S10144,Store_10144,,,KA,India,2021-02-20,CLOSED
S10145,Store_10145,EAST,,RJ,India,2021-11-27,
S10146,Store_10146,,Hyderabad,DL,India,2022-12-31,
S10147,Store_10147,CENTRAL,Delhi,,India,,CLOSED
S10148,,CENTRAL,Chennai,DL,India,,OPEN
S10149,,NORTH,Chennai,KA,India,2022-09-28,
S10150,Store_10150,WEST,Kolkata,MH,India,,
S10151,Store_10151,,Delhi,,India,2023-02-13,RENOVATION
S10152,Store_10152,NORTH,Kolkata,,,2024-06-25,OPEN
,Store_10153,CENTRAL,,KL,India,2024-02-20,OPEN
S10154,Store_10154,CENTRAL,,MP,India,2024-04-02,
S10155,,CENTRAL,,TS,India,2022-08-06,RENOVATION
S10156,Store_10156,SOUTH,,,India,2022-02-18,RENOVATION
,Store_10157,,Bengaluru,KL,India,2025-03-18,CLOSED
,,SOUTH,Indore,TN,India,2021-04-28,OPEN
S10159,Store_10159,SOUTH,,KL,India,2022-10-14,
S10160,Store_10160,CENTRAL,Jaipur,TS,India,,
S10161,Store_10161,,Chennai,,India,2022-11-22,OPEN
,Store_10162,SOUTH,,TN,India,2025-08-06,RENOVATION
,,CENTRAL,Pune,KA,India,2022-09-16,RENOVATION
S10164,Store_10164,CENTRAL,Kolkata,,India,2024-09-04,
S10165,Store_10165,,Delhi,TN,India,,OPEN
S10166,,,Jaipur,DL,India,2023-09-20,OPEN
,Store_10167,EAST,Mumbai,TS,India,2021-08-29,
,Store_10168,NORTH,Bengaluru,MP,India,2024-08-01,
S10169,,CENTRAL,Jaipur,TN,India,,OPEN
S10170,Store_10170,,,TS,India,2024-07-27,CLOSED
S10171,Store_10171,,Kochi,MP,India,2023-09-11,
,Store_10172,EAST,Indore,MH,India,2022-12-10,
S10173,Store_10173,SOUTH,Bengaluru,MP,,,CLOSED
S10174,Store_10174,,Mumbai,KA,,2022-04-29,CLOSED
S10175,Store_10175,,Hyderabad,,India,2023-12-21,OPEN
S10176,Store_10176,,Bengaluru,TS,,2025-03-20,OPEN
S10177,Store_10177,,Mumbai,KA,India,2023-05-14,
S10178,,CENTRAL,,MH,India,2025-08-02,CLOSED
,Store_10179,,Hyderabad,MP,India,2025-03-05,CLOSED
,Store_10180,,Indore,WB,India,2024-08-23,RENOVATION
S10181,,EAST,,MH,India,2023-02-22,OPEN
S10182,Store_10182,,Pune,,India,2021-12-23,CLOSED
,Store_10183,,Kochi,RJ,India,2024-08-24,OPEN
,,EAST,Indore,TS,India,2022-05-24,CLOSED
S10185,Store_10185,,Jaipur,MH,India,2025-04-19,
S10186,Store_10186,WEST,Indore,KL,,,OPEN
S10187,Store_10187,,Jaipur,MH,India,2022-01-23,
S10188,Store_10188,SOUTH,,MP,India,,OPEN
S10189,Store_10189,NORTH,Delhi,TN,India,,
S10190,,SOUTH,Indore,KA,India,2025-01-10,
S10191,Store_10191,CENTRAL,,KA,India,,CLOSED
S10192,,WEST,Indore,MP,,2023-08-26,CLOSED
S10193,Store_10193,SOUTH,,DL,India,,RENOVATION
S10194,Store_10194,NORTH,Chennai,,,2025-11-12,OPEN
S10195,Store_10195,CENTRAL,,TS,,2024-12-09,CLOSED
S10196,,,Mumbai,RJ,India,2022-06-15,OPEN
S10197,Store_10197,CENTRAL,Indore,TN,India,,
S10198,,SOUTH,,MP,India,2025-02-24,RENOVATION
S10199,Store_10199,,,WB,India,2021-08-05,CLOSED
S10200,Store_10200,CENTRAL,Kochi,DL,,,CLOSED
S10201,,,Kolkata,MP,India,2024-09-30,OPEN
S10202,Store_10202,,Kolkata,WB,India,,RENOVATION
S10203,,EAST,Kochi,,India,2023-05-09,CLOSED
S10204,Store_10204,WEST,Delhi,KL,,2024-04-27,
S10205,Store_10205,CENTRAL,,TS,,2024-05-31,CLOSED
,,NORTH,Pune,KA,India,2025-07-20,OPEN
,Store_10207,EAST,Bengaluru,,India,2025-11-01,CLOSED
S10208,Store_10208,WEST,,MH,,2022-10-17,CLOSED
S10209,,,Bengaluru,MP,India,2021-06-15,OPEN
S10210,Store_10210,,Kochi,,India,2024-12-27,CLOSED
,Store_10211,NORTH,Indore,,India,2021-06-04,CLOSED
S10212,Store_10212,CENTRAL,Delhi,,,2024-02-28,RENOVATION
S10213,,NORTH,Mumbai,,India,2025-04-04,CLOSED
S10214,Store_10214,CENTRAL,,RJ,India,,RENOVATION
S10215,Store_10215,,Kochi,KA,India,,RENOVATION
,Store_10216,CENTRAL,Delhi,TN,India,2025-11-01,
S10217,Store_10217,SOUTH,Kolkata,,India,,OPEN
,Store_10218,,Kochi,TN,India,2023-03-04,RENOVATION
S10219,Store_10219,,Jaipur,,India,2021-06-07,CLOSED
S10220,Store_10220,CENTRAL,Pune,,,2024-12-06,OPEN
S10221,Store_10221,NORTH,,WB,India,2021-06-28,
S10222,Store_10222,WEST,,DL,India,2023-07-22,
,Store_10223,SOUTH,Bengaluru,RJ,India,,OPEN
,,WEST,Mumbai,KA,India,2021-06-14,CLOSED
S10225,Store_10225,WEST,Indore,,India,,OPEN
S10226,,EAST,,WB,India,2025-05-30,RENOVATION
S10227,Store_10227,EAST,Bengaluru,,India,,RENOVATION
S10228,Store_10228,,Hyderabad,TS,India,,RENOVATION
S10229,Store_10229,EAST,Bengaluru,TS,,2024-09-29,
S10230,Store_10230,,Jaipur,MH,India,,OPEN
,Store_10231,CENTRAL,Pune,KL,India,,CLOSED
S10232,Store_10232,,Chennai,MH,India,,RENOVATION
S10233,Store_10233,CENTRAL,,TS,,2022-06-26,RENOVATION
S10234,Store_10234,EAST,Jaipur,,,2025-12-06,CLOSED
S10235,Store_10235,CENTRAL,Mumbai,KL,India,,
S10236,Store_10236,,,DL,India,2024-11-14,OPEN
,Store_10237,CENTRAL,Bengaluru,TS,,2021-12-14,CLOSED
S10238,Store_10238,SOUTH,Mumbai,,India,,RENOVATION
S10239,Store_10239,,Pune,MH,India,2023-03-17,
S10240,Store_10240,CENTRAL,Bengaluru,,India,,CLOSED
S10241,,EAST,Kochi,MH,,2021-02-26,RENOVATION
S10242,Store_10242,NORTH,,,India,2025-09-25,RENOVATION
S10243,,NORTH,Delhi,,India,2025-10-06,RENOVATION
S10244,Store_10244,EAST,Chennai,TS,,2023-03-13,
,Store_10245,NORTH,Chennai,TN,,2021-02-07,RENOVATION
S10246,Store_10246,WEST,,WB,India,,CLOSED
,Store_10247,,Indore,RJ,India,2021-12-26,OPEN
,,SOUTH,Pune,MH,India,2022-05-31,CLOSED
S10249,Store_10249,SOUTH,Chennai,TN,,2024-11-14,
,Store_10250,EAST,Indore,MP,India,,RENOVATION
S10251,Store_10251,SOUTH,Kochi,KL,,,CLOSED
,Store_10252,EAST,Hyderabad,MH,India,2024-05-14,
S10253,Store_10253,EAST,,MP,India,,CLOSED
S10254,Store_10254,SOUTH,Pune,,India,2022-09-30,
S10255,Store_10255,,Pune,,India,2023-12-06,CLOSED
,Store_10256,,Delhi,MP,India,2024-04-11,CLOSED
S10257,Store_10257,CENTRAL,Bengaluru,MH,,2022-11-11,
S10258,Store_10258,SOUTH,Jaipur,KA,India,,
S10259,Store_10259,,Pune,MH,,2021-12-21,RENOVATION
,Store_10260,WEST,Jaipur,TN,,2024-08-08,OPEN
S10261,,SOUTH,Kochi,KL,India,2023-04-25,
S10262,,NORTH,,MP,India,2024-12-17,RENOVATION
,Store_10263,,Kolkata,KA,India,2024-05-03,OPEN
S10264,Store_10264,SOUTH,Hyderabad,,,2024-02-06,RENOVATION
S10265,Store_10265,SOUTH,,MH,India,,CLOSED
,,CENTRAL,Delhi,KA,India,2021-07-14,CLOSED
,Store_10267,WEST,Bengaluru,KA,,2021-04-07,OPEN
S10268,,WEST,,KL,India,2023-08-07,CLOSED
S10269,Store_10269,,Mumbai,TS,India,,OPEN
S10270,Store_10270,,Indore,,India,2021-08-02,RENOVATION
S10271,,WEST,Chennai,MH,India,,RENOVATION
S10272,Store_10272,SOUTH,Hyderabad,,India,2025-06-18,
S10273,Store_10273,,Bengaluru,RJ,,2024-01-27,OPEN
S10274,Store_10274,EAST,Kochi,,,2025-02-28,RENOVATION
S10275,Store_10275,EAST,,TS,,2024-08-28,CLOSED
S10276,,SOUTH,Kochi,RJ,India,,RENOVATION
S10277,Store_10277,WEST,Indore,,,2023-02-23,RENOVATION
,Store_10278,CENTRAL,,KL,India,2021-12-04,RENOVATION
,Store_10279,SOUTH,Indore,KA,,2023-01-06,OPEN
S10280,Store_10280,EAST,,,India,2021-04-23,RENOVATION
,,SOUTH,Kochi,WB,India,2024-07-02,CLOSED
S10282,Store_10282,WEST,Kolkata,TN,,,OPEN
S10283,Store_10283,,,WB,India,2025-10-11,RENOVATION
S10284,,NORTH,Kochi,TN,,2023-07-08,RENOVATION
,Store_10285,SOUTH,Delhi,TN,India,,OPEN
S10286,Store_10286,,Kochi,,India,2023-07-21,CLOSED
S10287,Store_10287,,,RJ,India,2026-01-19,RENOVATION
S10288,Store_10288,EAST,Bengaluru,,,2022-07-16,CLOSED
S10289,,NORTH,,RJ,India,2023-11-01,RENOVATION
S10290,Store_10290,CENTRAL,Hyderabad,,India,2025-05-14,
S10291,Store_10291,SOUTH,Kolkata,WB,India,,
S10292,,EAST,Mumbai,,India,2022-05-15,RENOVATION
S10293,,NORTH,Indore,TS,,2022-05-09,CLOSED
S10294,,NORTH,Delhi,KA,,2021-11-02,OPEN
S10295,Store_10295,SOUTH,Mumbai,MP,India,,
S10296,,,Mumbai,KL,India,2023-03-25,CLOSED
S10297,Store_10297,CENTRAL,,WB,India,,RENOVATION
S10298,Store_10298,EAST,Pune,DL,,2025-04-24,
S10299,,WEST,Kochi,MH,,2023-10-25,RENOVATION
S10300,Store_10300,,Indore,,India,2022-09-13,OPEN
S10301,,CENTRAL,Kolkata,KL,India,,CLOSED
S10302,Store_10302,WEST,,RJ,India,2024-11-21,
S10303,Store_10303,WEST,,MP,India,2023-04-12,
S10304,Store_10304,,Hyderabad,KL,,2022-11-19,CLOSED
,Store_10305,CENTRAL,Indore,MH,India,,CLOSED
S10306,Store_10306,,Mumbai,MH,,2021-05-27,OPEN
,Store_10307,EAST,,MH,India,2024-09-27,RENOVATION
S10308,Store_10308,EAST,Bengaluru,,India,2025-04-02,
S10309,Store_10309,,Pune,,India,2024-10-03,CLOSED
S10310,Store_10310,NORTH,,,India,2022-07-05,CLOSED
S10311,,NORTH,Mumbai,DL,India,2025-07-18,
S10312,Store_10312,CENTRAL,Delhi,TN,,,OPEN
S10313,Store_10313,CENTRAL,Pune,RJ,,,RENOVATION
S10314,,,Bengaluru,MH,India,2025-03-08,RENOVATION
S10315,Store_10315,CENTRAL,,WB,,2025-04-17,CLOSED
,Store_10316,WEST,Mumbai,,India,2025-05-18,RENOVATION
S10317,Store_10317,CENTRAL,Chennai,,,2023-10-18,OPEN
,Store_10318,,Delhi,DL,India,2025-08-25,OPEN
S10319,Store_10319,WEST,Jaipur,MH,India,,
S10320,Store_10320,SOUTH,Jaipur,,India,,OPEN
S10321,,,Indore,KL,India,2024-03-29,OPEN
S10322,Store_10322,SOUTH,Bengaluru,MH,,2023-09-07,
S10323,Store_10323,WEST,Indore,KL,India,,
S10324,Store_10324,WEST,Bengaluru,WB,,,OPEN
,Store_10325,CENTRAL,Delhi,MP,India,,OPEN
S10326,Store_10326,,Mumbai,,India,2023-09-10,OPEN
S10327,Store_10327,NORTH,Hyderabad,TN,,,CLOSED
S10328,Store_10328,,Delhi,RJ,India,,CLOSED
S10329,Store_10329,EAST,Mumbai,,India,,OPEN
S10330,,EAST,Mumbai,KL,India,2024-12-18,
S10331,Store_10331,WEST,,,India,2022-03-25,RENOVATION
S10332,Store_10332,EAST,Chennai,MP,India,,
S10333,Store_10333,CENTRAL,Delhi,TN,India,,
,Store_10334,SOUTH,Delhi,KL,,2021-04-11,RENOVATION
S10335,Store_10335,SOUTH,Kolkata,TN,,2021-03-02,
S10336,Store_10336,,Kolkata,KA,India,2021-04-03,
S10337,Store_10337,CENTRAL,,TS,,2025-05-22,CLOSED
S10338,Store_10338,WEST,Bengaluru,,,2023-08-24,OPEN
S10339,Store_10339,NORTH,Bengaluru,,,2022-01-29,OPEN
S10340,Store_10340,,,RJ,India,2025-12-27,RENOVATION
S10341,,EAST,Pune,,India,2023-02-08,RENOVATION
,Store_10342,EAST,Pune,TN,India,2023-07-02,
,Store_10343,WEST,Pune,DL,,2022-04-20,RENOVATION
,Store_10344,CENTRAL,Indore,,India,2021-10-20,CLOSED
,Store_10345,SOUTH,,KL,India,2021-08-29,RENOVATION
S10346,,WEST,Chennai,,India,2022-11-09,OPEN
,Store_10347,NORTH,Hyderabad,TS,,2025-09-30,OPEN
S10348,,CENTRAL,,KA,India,2025-12-08,OPEN
S10349,Store_10349,NORTH,Kochi,KL,India,,
S10350,Store_10350,SOUTH,,WB,India,,RENOVATION
,Store_10351,WEST,Indore,TN,,2025-08-06,RENOVATION
S10352,Store_10352,,,KL,India,2021-12-24,RENOVATION
S10353,Store_10353,,Hyderabad,DL,India,,OPEN
S10354,Store_10354,CENTRAL,,KL,,2024-11-27,RENOVATION
S10355,,CENTRAL,Jaipur,MH,,2022-03-07,OPEN
S10356,,,Kochi,RJ,India,2024-04-29,CLOSED
S10357,Store_10357,EAST,Bengaluru,,India,,RENOVATION
S10358,Store_10358,NORTH,,MP,,2022-11-25,RENOVATION
,Store_10359,CENTRAL,Pune,KL,,2023-02-22,OPEN
S10360,,SOUTH,Delhi,RJ,India,,CLOSED
,Store_10361,EAST,,DL,India,2022-07-30,RENOVATION
,Store_10362,CENTRAL,Chennai,DL,,2025-06-10,RENOVATION
S10363,Store_10363,,,WB,India,2025-06-06,RENOVATION
S10364,Store_10364,,Pune,,India,2025-02-17,OPEN
,Store_10365,SOUTH,Bengaluru,,India,2023-06-07,CLOSED
,Store_10366,CENTRAL,,KL,India,2024-11-08,OPEN
S10367,Store_10367,,Kochi,RJ,India,,CLOSED
S10368,Store_10368,EAST,,DL,,2025-03-08,CLOSED
S10369,Store_10369,SOUTH,,WB,India,,RENOVATION
S10370,Store_10370,CENTRAL,,DL,India,,CLOSED
,Store_10371,EAST,Jaipur,,India,2025-11-10,OPEN
,Store_10372,,Bengaluru,WB,India,2025-12-07,CLOSED
S10373,Store_10373,,Delhi,KL,,2024-12-14,OPEN
S10374,Store_10374,WEST,Mumbai,,India,2025-12-16,
S10375,,CENTRAL,Kolkata,TS,India,2021-09-16,
S10376,,CENTRAL,Kolkata,,India,2022-05-24,OPEN
S10377,Store_10377,,,WB,India,2024-07-27,CLOSED
S10378,Store_10378,,Hyderabad,,India,2023-09-03,RENOVATION
S10379,,SOUTH,Bengaluru,,India,2024-11-22,OPEN
S10380,,WEST,,MH,India,2024-09-14,RENOVATION
S10381,Store_10381,WEST,Kolkata,,,2024-06-20,OPEN
S10382,,,Mumbai,MH,India,2021-11-11,OPEN
,Store_10383,,Mumbai,KL,India,2022-10-19,RENOVATION
,Store_10384,,Bengaluru,KL,India,2022-09-13,OPEN
,Store_10385,WEST,Chennai,RJ,India,2021-12-30,
,Store_10386,,Jaipur,KL,India,2025-12-15,OPEN
S10387,,SOUTH,,KA,India,2021-10-05,RENOVATION
,Store_10388,CENTRAL,,TN,India,2024-01-30,RENOVATION
,Store_10389,SOUTH,Hyderabad,MP,,2026-01-31,CLOSED
,Store_10390,WEST,Delhi,,India,2025-07-31,RENOVATION
S10391,,WEST,Kolkata,DL,India,2021-05-28,
S10392,Store_10392,,Kochi,TS,India,,OPEN
S10393,,CENTRAL,Jaipur,MP,,2024-10-12,RENOVATION
S10394,Store_10394,EAST,,KA,India,,CLOSED
S10395,,,Mumbai,WB,India,2025-08-30,CLOSED
S10396,,WEST,Jaipur,,India,2021-04-30,RENOVATION
,Store_10397,NORTH,Delhi,WB,India,,RENOVATION
S10398,Store_10398,,Chennai,,India,2024-02-01,RENOVATION
S10399,Store_10399,WEST,,MP,India,2023-03-23,
S10400,Store_10400,,,TN,India,2024-06-21,RENOVATION
S10401,Store_10401,EAST,Kochi,,,2022-03-10,OPEN
,Store_10402,SOUTH,Mumbai,DL,,2021-07-26,CLOSED
,Store_10403,CENTRAL,Jaipur,KL,,2022-10-23,RENOVATION
S10404,Store_10404,CENTRAL,Mumbai,,India,,OPEN
S10405,Store_10405,SOUTH,,TN,,2024-12-10,OPEN
S10406,Store_10406,,Jaipur,KA,India,,OPEN
,Store_10407,EAST,Chennai,DL,India,,CLOSED
S10408,,SOUTH,Delhi,DL,India,2023-11-11,
,,SOUTH,Jaipur,KL,India,2022-05-07,CLOSED
S10410,Store_10410,NORTH,Kochi,DL,,2024-02-24,
S10411,Store_10411,,,DL,India,2021-09-23,RENOVATION
S10412,Store_10412,SOUTH,Kochi,,India,2021-12-04,
S10413,Store_10413,SOUTH,Kochi,,India,,OPEN
S10414,,,Hyderabad,WB,India,2023-05-14,CLOSED
S10415,Store_10415,WEST,,,India,2022-08-05,RENOVATION
S10416,Store_10416,EAST,,RJ,India,2024-11-08,
,Store_10417,NORTH,Pune,,India,2025-09-05,RENOVATION
S10418,,NORTH,Kolkata,,India,2023-04-21,CLOSED
S10419,Store_10419,EAST,Chennai,,India,2024-05-21,
S10420,Store_10420,SOUTH,Pune,,India,,CLOSED
S10421,,SOUTH,,RJ,India,2021-05-19,RENOVATION
S10422,Store_10422,SOUTH,Chennai,DL,India,,
S10423,Store_10423,,,MH,India,2023-12-09,OPEN
S10424,,NORTH,Hyderabad,KA,India,,RENOVATION
S10425,Store_10425,,Pune,WB,India,,CLOSED
,Store_10426,EAST,Hyderabad,,India,2023-05-21,OPEN
S10427,,EAST,Kolkata,KA,,2025-12-28,CLOSED
S10428,Store_10428,NORTH,Jaipur,MP,,,RENOVATION
,Store_10429,SOUTH,,KA,India,2023-07-08,RENOVATION
,Store_10430,WEST,Chennai,MH,India,2022-04-17,
S10431,,,Kochi,DL,India,2022-03-02,RENOVATION
,Store_10432,EAST,Pune,WB,India,,OPEN
,Store_10433,SOUTH,,MH,India,2022-03-23,RENOVATION
S10434,Store_10434,,,DL,India,2022-02-20,RENOVATION
,Store_10435,,Kochi,DL,India,2022-03-24,CLOSED
S10436,Store_10436,NORTH,,TS,India,,CLOSED
S10437,Store_10437,,Kolkata,,India,2024-12-29,RENOVATION
S10438,Store_10438,,Jaipur,TS,India,2024-09-27,
S10439,,EAST,,MH,India,2021-10-06,CLOSED
S10440,,CENTRAL,Hyderabad,MH,India,2025-09-14,
,Store_10441,SOUTH,Pune,TS,,2022-04-11,CLOSED
S10442,Store_10442,SOUTH,,WB,India,,CLOSED
S10443,Store_10443,,Delhi,MH,,2025-07-25,CLOSED
S10444,,NORTH,Pune,KL,India,2023-12-02,
S10445,Store_10445,,Jaipur,RJ,India,2022-11-25,
S10446,Store_10446,EAST,,MP,India,,OPEN
S10447,Store_10447,CENTRAL,Bengaluru,RJ,,,CLOSED
S10448,Store_10448,CENTRAL,,RJ,,2024-07-01,RENOVATION
S10449,Store_10449,WEST,Hyderabad,,India,2024-03-19,
,Store_10450,EAST,Delhi,,India,2022-05-05,OPEN
S10451,,WEST,Mumbai,TS,India,,CLOSED
S10452,,SOUTH,Hyderabad,MP,India,2021-03-25,
S10453,Store_10453,,Bengaluru,KA,India,2021-10-21,
,Store_10454,EAST,Indore,DL,India,2025-04-20,
S10455,Store_10455,EAST,Indore,KL,,,CLOSED
,Store_10456,WEST,Mumbai,DL,India,,OPEN
S10457,Store_10457,,Kochi,MH,India,,OPEN
S10458,Store_10458,,Indore,MP,,2026-01-25,RENOVATION
S10459,,WEST,Chennai,MH,,2025-10-04,CLOSED
S10460,Store_10460,EAST,,,India,2023-01-05,RENOVATION
S10461,,EAST,Mumbai,KL,India,2024-12-22,
,Store_10462,,Pune,KA,India,2025-10-01,RENOVATION
S10463,Store_10463,EAST,Mumbai,,India,,OPEN
S10464,,,Mumbai,MH,India,2022-10-09,CLOSED
S10465,Store_10465,EAST,Pune,WB,,2025-12-30,
S10466,Store_10466,SOUTH,Hyderabad,,India,2022-04-02,
,Store_10467,WEST,,KA,India,2025-07-03,OPEN
,,WEST,Chennai,WB,India,2023-08-23,RENOVATION
S10469,Store_10469,EAST,Kolkata,,India,,CLOSED
S10470,,,Hyderabad,WB,India,2025-06-04,CLOSED
S10471,,SOUTH,Kochi,TN,,2022-10-16,OPEN
S10472,Store_10472,,Hyderabad,KA,India,2024-10-14,
S10473,,SOUTH,Bengaluru,KA,India,2023-05-26,
S10474,Store_10474,SOUTH,,TN,India,2024-01-15,
S10475,Store_10475,EAST,Mumbai,TN,,,CLOSED
,Store_10476,CENTRAL,Indore,,India,2022-08-30,CLOSED
,Store_10477,CENTRAL,Chennai,,India,2024-04-18,RENOVATION
S10478,Store_10478,WEST,Pune,WB,,,CLOSED
S10479,Store_10479,WEST,Hyderabad,,India,2026-01-06,
S10480,Store_10480,,Kochi,KL,India,,CLOSED
S10481,,CENTRAL,Jaipur,,India,2024-04-30,CLOSED
S10482,Store_10482,SOUTH,Kochi,TN,,,CLOSED
S10483,,SOUTH,Delhi,RJ,India,2021-05-10,
S10484,Store_10484,SOUTH,Jaipur,MP,,,RENOVATION
S10485,Store_10485,EAST,,TN,,2025-09-21,CLOSED
S10486,Store_10486,NORTH,,,India,2023-05-29,RENOVATION
S10487,,EAST,,KL,India,2022-06-12,OPEN
S10488,Store_10488,,Jaipur,KL,,2023-11-24,CLOSED
S10489,Store_10489,NORTH,,,India,2022-06-20,RENOVATION
S10490,Store_10490,,Jaipur,KL,India,,OPEN
S10491,,SOUTH,Delhi,RJ,,2024-01-06,OPEN
S10492,Store_10492,EAST,Chennai,TS,India,,
,Store_10493,SOUTH,Chennai,MP,India,,RENOVATION
S10494,,NORTH,Bengaluru,KA,,2025-01-19,OPEN
S10495,Store_10495,,Indore,RJ,,2023-07-02,RENOVATION
S10496,Store_10496,WEST,,KA,India,,RENOVATION
S10497,Store_10497,,Jaipur,MP,India,,CLOSED
S10498,,NORTH,Kolkata,DL,India,2023-04-20,
,Store_10499,EAST,Indore,DL,India,2025-02-20,
S10500,Store_10500,CENTRAL,,KA,India,2025-01-31,
S10501,Store_10501,NORTH,,TN,,2023-05-03,CLOSED
S10502,Store_10502,,Kolkata,WB,,2025-09-14,OPEN
,Store_10503,CENTRAL,Pune,,India,2025-11-10,OPEN
S10504,,,Kolkata,TN,India,2024-01-11,OPEN
,Store_10505,NORTH,Chennai,MH,,2021-07-15,CLOSED
S10506,Store_10506,WEST,Bengaluru,MP,,2024-03-20,
,Store_10507,,Chennai,RJ,India,2025-06-12,RENOVATION
S10508,Store_10508,,Kolkata,WB,India,2022-01-19,
S10509,,CENTRAL,Mumbai,,India,2022-08-30,RENOVATION
S10510,,EAST,Pune,KL,India,2022-07-29,
S10511,Store_10511,SOUTH,,,India,2022-04-03,OPEN
S10512,Store_10512,NORTH,Jaipur,RJ,India,,
S10513,,,Bengaluru,DL,India,2024-05-13,RENOVATION
S10514,Store_10514,CENTRAL,,,India,2025-03-29,CLOSED
S10515,,SOUTH,Hyderabad,TS,India,,RENOVATION
S10516,Store_10516,SOUTH,,,India,2021-10-12,OPEN
S10517,Store_10517,,Pune,TN,India,,CLOSED
S10518,Store_10518,WEST,,WB,,2022-03-27,RENOVATION
S10519,Store_10519,,Pune,KA,,2023-11-08,OPEN
,Store_10520,EAST,Bengaluru,KL,India,,OPEN
,Store_10521,WEST,Bengaluru,,India,2024-11-18,CLOSED
,Store_10522,SOUTH,Delhi,WB,,2025-05-04,CLOSED
,Store_10523,WEST,Hyderabad,RJ,,2022-12-20,OPEN
S10524,Store_10524,EAST,Hyderabad,,India,2024-04-06,
S10525,,SOUTH,Mumbai,RJ,,2022-09-29,RENOVATION
S10526,,EAST,Jaipur,KA,India,2025-10-07,
S10527,Store_10527,EAST,Kochi,KA,India,,
S10528,Store_10528,,Kolkata,TS,,2022-05-10,RENOVATION
,Store_10529,CENTRAL,,WB,India,2021-02-14,OPEN
,Store_10530,,Kolkata,KL,India,2025-10-27,OPEN
S10531,Store_10531,,,RJ,India,2024-12-21,RENOVATION
S10532,Store_10532,NORTH,Chennai,TS,,2024-02-13,
S10533,,CENTRAL,Indore,,India,2021-03-06,RENOVATION
S10534,Store_10534,,Kochi,,India,2023-02-19,CLOSED
S10535,Store_10535,NORTH,Kochi,,India,2024-02-23,
S10536,Store_10536,,Kolkata,WB,,2022-01-20,OPEN
S10537,Store_10537,,,RJ,India,2024-11-29,OPEN
S10538,Store_10538,,Delhi,,India,2025-01-26,CLOSED
S10539,Store_10539,,Pune,,India,2021-08-18,CLOSED
S10540,,CENTRAL,Indore,TN,India,2022-05-28,
S10541,,WEST,,WB,India,2024-02-27,CLOSED
S10542,Store_10542,,Jaipur,,India,2021-08-31,OPEN
,,EAST,Bengaluru,WB,India,2024-04-20,RENOVATION
S10544,Store_10544,EAST,Kochi,,India,2025-09-19,
,Store_10545,EAST,Mumbai,,India,2022-11-14,RENOVATION
S10546,Store_10546,,Pune,DL,India,2023-12-29,
S10547,Store_10547,CENTRAL,,KA,India,,OPEN
,,CENTRAL,Delhi,KL,India,2022-10-07,CLOSED
,Store_10549,SOUTH,Bengaluru,KL,India,2024-07-12,
S10550,Store_10550,EAST,Chennai,,India,,OPEN
S10551,,,Hyderabad,MP,India,2025-02-13,RENOVATION
S10552,,,Bengaluru,KA,India,2025-11-02,RENOVATION
S10553,,SOUTH,Chennai,KL,India,,RENOVATION
S10554,Store_10554,,,MH,India,2025-11-24,OPEN
S10555,Store_10555,SOUTH,,KA,,2024-01-25,CLOSED
,,NORTH,Jaipur,RJ,India,2024-10-06,OPEN
S10557,Store_10557,CENTRAL,,DL,India,,RENOVATION
S10558,Store_10558,CENTRAL,Indore,KA,,2021-07-01,
S10559,Store_10559,NORTH,Chennai,TS,,2022-11-29,
S10560,Store_10560,NORTH,Chennai,,,2024-08-09,RENOVATION
S10561,Store_10561,NORTH,Kochi,KA,India,,
,Store_10562,NORTH,,TS,India,2024-09-28,CLOSED
S10563,Store_10563,SOUTH,Chennai,,,2023-03-01,OPEN
S10564,Store_10564,CENTRAL,,TS,India,,OPEN
,,EAST,Hyderabad,TN,India,2021-10-19,OPEN
S10566,Store_10566,NORTH,Hyderabad,WB,,2025-10-08,
,,WEST,Mumbai,KL,India,2024-01-09,RENOVATION
S10568,,EAST,Indore,MH,India,,RENOVATION
S10569,Store_10569,EAST,Bengaluru,KA,,,CLOSED
S10570,,CENTRAL,Indore,,India,2021-06-07,OPEN
S10571,Store_10571,WEST,Hyderabad,MH,,2021-02-04,
,Store_10572,,Kochi,MP,India,2024-08-10,OPEN
S10573,Store_10573,CENTRAL,,MP,India,,OPEN
S10574,,NORTH,Pune,MP,India,,CLOSED
,Store_10575,EAST,Hyderabad,KA,,2022-11-30,OPEN
S10576,,EAST,Bengaluru,DL,India,,OPEN
S10577,Store_10577,WEST,,MH,India,2022-02-11,
S10578,Store_10578,SOUTH,Delhi,,India,,OPEN
S10579,,EAST,Delhi,WB,India,2024-03-28,
S10580,Store_10580,NORTH,Mumbai,DL,India,,
S10581,Store_10581,,Chennai,,India,2023-09-14,OPEN
S10582,Store_10582,CENTRAL,Chennai,KA,India,,
S10583,Store_10583,,Mumbai,KA,,2021-05-14,RENOVATION
S10584,Store_10584,WEST,Indore,,,2023-05-02,CLOSED
S10585,Store_10585,CENTRAL,,MP,,2024-04-19,OPEN
S10586,Store_10586,,Hyderabad,,India,2021-03-02,OPEN
S10587,Store_10587,,Bengaluru,WB,India,2022-09-11,
S10588,Store_10588,NORTH,Bengaluru,,India,,OPEN
S10589,Store_10589,NORTH,,,India,2024-07-27,OPEN
S10590,Store_10590,SOUTH,Mumbai,KL,,,CLOSED
S10591,Store_10591,EAST,,RJ,India,,CLOSED
S10592,,SOUTH,Mumbai,MH,,2021-04-20,CLOSED
S10593,Store_10593,,,WB,India,2023-10-08,RENOVATION
,Store_10594,CENTRAL,Delhi,TN,India,,OPEN
,Store_10595,,Kochi,MP,India,2021-05-06,OPEN
S10596,Store_10596,,Chennai,MP,India,2023-05-27,
S10597,Store_10597,EAST,Indore,,India,,RENOVATION
,Store_10598,SOUTH,Mumbai,KA,India,,RENOVATION
S10599,,NORTH,Chennai,,India,2022-07-23,RENOVATION
,Store_10600,WEST,Bengaluru,KL,India,2025-06-06,
S10601,Store_10601,,Delhi,KL,India,,CLOSED
S10602,Store_10602,,Kolkata,KL,,2021-07-27,CLOSED
S10603,Store_10603,,,DL,India,2025-06-20,RENOVATION
S10604,Store_10604,CENTRAL,,,India,2021-12-08,RENOVATION
S10605,,SOUTH,Delhi,TN,India,,CLOSED
,Store_10606,SOUTH,Bengaluru,TN,,2025-07-21,CLOSED
S10607,Store_10607,,Chennai,,India,2023-10-29,OPEN
,Store_10608,NORTH,Bengaluru,KA,India,,CLOSED
S10609,Store_10609,WEST,,KL,India,2022-07-01,
,Store_10610,WEST,Kochi,,India,2022-07-26,RENOVATION
S10611,Store_10611,,Bengaluru,TN,India,2021-08-28,
,Store_10612,NORTH,Mumbai,,India,2021-03-07,CLOSED
,Store_10613,CENTRAL,Chennai,,India,2022-05-19,CLOSED
S10614,Store_10614,WEST,,MP,India,2021-03-15,
S10615,Store_10615,EAST,,,India,2025-04-19,CLOSED
S10616,,,Pune,MP,India,2025-05-30,RENOVATION
S10617,,WEST,Kochi,KL,India,2025-07-16,
,Store_10618,NORTH,,KL,India,2025-04-11,CLOSED
S10619,,CENTRAL,Delhi,KA,India,,RENOVATION
S10620,,WEST,Indore,TS,India,2025-11-10,
S10621,Store_10621,CENTRAL,,KA,India,2022-12-17,
S10622,Store_10622,,,DL,India,2021-04-18,RENOVATION
S10623,,SOUTH,Kochi,TS,India,,RENOVATION
S10624,Store_10624,WEST,,KA,,2022-09-14,RENOVATION
S10625,Store_10625,,,MP,India,2022-04-09,OPEN
S10626,Store_10626,,Delhi,RJ,India,,CLOSED
,Store_10627,,Kochi,TN,India,2022-01-03,OPEN
S10628,Store_10628,NORTH,,TN,India,2022-02-28,
,Store_10629,WEST,Kolkata,MH,India,,OPEN
S10630,Store_10630,CENTRAL,,DL,India,,RENOVATION
S10631,Store_10631,,Chennai,KA,India,2021-06-06,
S10632,Store_10632,,Kochi,DL,India,,OPEN
S10633,Store_10633,,,RJ,India,2022-07-15,CLOSED
,Store_10634,,Hyderabad,KL,India,2023-08-13,RENOVATION
S10635,,CENTRAL,Chennai,KL,India,,RENOVATION
,Store_10636,SOUTH,Jaipur,,India,2025-06-29,RENOVATION
S10637,Store_10637,,,MP,India,2022-01-06,OPEN
S10638,Store_10638,,Indore,,India,2025-04-27,CLOSED
S10639,Store_10639,,Indore,MH,India,2024-05-16,
S10640,,EAST,Chennai,KL,India,2023-07-12,
S10641,Store_10641,EAST,Pune,KL,,,CLOSED
S10642,,CENTRAL,,RJ,India,2024-04-06,RENOVATION
S10643,,,Hyderabad,TS,India,2021-09-11,CLOSED
S10644,Store_10644,CENTRAL,,MP,India,,RENOVATION
,,SOUTH,Pune,RJ,India,2022-02-25,OPEN
,Store_10646,NORTH,Jaipur,KL,India,,RENOVATION
S10647,Store_10647,WEST,,RJ,India,2021-08-07,
S10648,Store_10648,EAST,,MH,India,,CLOSED
S10649,Store_10649,,Hyderabad,,India,2024-07-08,CLOSED
S10650,Store_10650,CENTRAL,,DL,India,,RENOVATION
S10651,Store_10651,WEST,,KA,India,,RENOVATION
S10652,,EAST,Hyderabad,MP,India,2023-07-29,
S10653,Store_10653,WEST,,TS,,2021-07-28,OPEN
S10654,,WEST,Chennai,TN,India,,CLOSED
S10655,,,Hyderabad,KL,India,2024-04-03,CLOSED
S10656,Store_10656,,Jaipur,TS,India,2022-11-21,
S10657,Store_10657,EAST,Jaipur,,India,2024-04-20,
S10658,,SOUTH,Kochi,,India,2021-05-14,OPEN
S10659,Store_10659,WEST,Chennai,,India,2024-02-02,
S10660,Store_10660,NORTH,,KL,,2023-11-26,RENOVATION
S10661,Store_10661,EAST,Indore,MH,,,RENOVATION
,Store_10662,NORTH,,DL,India,2024-02-05,CLOSED
,Store_10663,CENTRAL,,KA,India,2024-05-10,RENOVATION
S10664,Store_10664,WEST,Chennai,,India,,OPEN
S10665,,,Mumbai,TN,India,2021-02-07,CLOSED
,Store_10666,EAST,Kochi,TN,,2022-11-22,OPEN
S10667,,WEST,Bengaluru,TS,India,,CLOSED
S10668,,WEST,Jaipur,TS,,2024-01-08,CLOSED
S10669,,WEST,,MP,India,2023-01-05,RENOVATION
S10670,Store_10670,,Kolkata,,India,2025-06-11,CLOSED
S10671,Store_10671,EAST,,,India,2025-07-20,CLOSED
S10672,,WEST,Mumbai,,India,2021-07-20,OPEN
S10673,,SOUTH,Mumbai,WB,India,,RENOVATION
S10674,Store_10674,,Hyderabad,TS,India,2025-06-17,
,Store_10675,NORTH,Pune,RJ,India,2025-10-15,
,Store_10676,NORTH,Delhi,TN,,2024-07-29,OPEN
,,WEST,Jaipur,MP,India,2023-06-08,OPEN
S10678,Store_10678,NORTH,Jaipur,,India,2024-09-28,
S10679,Store_10679,,Jaipur,TN,India,,CLOSED
S10680,Store_10680,,Mumbai,KL,India,2021-10-24,
S10681,Store_10681,,Indore,KA,,2025-11-21,OPEN
S10682,,,Chennai,MP,India,2023-01-24,RENOVATION
,Store_10683,WEST,Chennai,,India,2025-10-03,CLOSED
,Store_10684,WEST,Delhi,KA,India,2025-02-09,
,Store_10685,SOUTH,Mumbai,,India,2025-01-28,CLOSED
,Store_10686,EAST,Jaipur,TN,,2021-05-05,OPEN
,,CENTRAL,Delhi,MH,India,2025-01-12,CLOSED
S10688,Store_10688,EAST,Kolkata,MH,India,,
S10689,Store_10689,CENTRAL,Kochi,,,2024-06-17,RENOVATION
,Store_10690,NORTH,Pune,MP,India,,OPEN
S10691,Store_10691,SOUTH,Hyderabad,TN,India,,
S10692,Store_10692,WEST,Chennai,KA,India,,
S10693,Store_10693,,Delhi,WB,India,,OPEN
,Store_10694,CENTRAL,Pune,DL,India,2024-04-30,
S10695,Store_10695,,,DL,India,2023-01-31,OPEN
S10696,Store_10696,CENTRAL,Bengaluru,MP,India,,
S10697,Store_10697,SOUTH,Hyderabad,WB,,2023-02-28,
,Store_10698,WEST,Kochi,MH,India,2025-10-13,
,Store_10699,SOUTH,Mumbai,TN,India,2024-10-02,
S10700,Store_10700,,Bengaluru,,India,2022-11-09,RENOVATION
S10701,,WEST,Kolkata,RJ,,2025-09-29,OPEN
S10702,Store_10702,,Hyderabad,TN,,2024-05-05,OPEN
S10703,Store_10703,SOUTH,Delhi,DL,,,RENOVATION
S10704,,NORTH,Indore,MH,India,,RENOVATION
,Store_10705,WEST,Bengaluru,TN,,2023-10-26,CLOSED
,Store_10706,CENTRAL,Kochi,TN,India,,RENOVATION
S10707,Store_10707,,,MH,India,2026-01-15,OPEN
,Store_10708,NORTH,,DL,India,2024-01-26,RENOVATION
S10709,,SOUTH,Indore,WB,India,,RENOVATION
,Store_10710,NORTH,,TN,India,2023-06-29,RENOVATION
S10711,Store_10711,CENTRAL,,,India,2023-08-15,RENOVATION
S10712,Store_10712,NORTH,,KL,India,,CLOSED
S10713,,EAST,,TS,India,2022-06-15,OPEN
,Store_10714,EAST,Pune,RJ,India,,RENOVATION
S10715,Store_10715,EAST,,KA,India,,RENOVATION
S10716,Store_10716,,Pune,TS,India,2025-05-19,
S10717,,EAST,Indore,DL,,2022-12-04,CLOSED
S10718,Store_10718,WEST,Delhi,TS,,,RENOVATION
,,CENTRAL,Jaipur,WB,India,2026-01-09,CLOSED
S10720,,CENTRAL,Pune,TN,,2025-08-30,OPEN
S10721,,,Mumbai,KL,India,2022-04-22,OPEN
S10722,Store_10722,EAST,Kolkata,RJ,India,,
S10723,,NORTH,Pune,RJ,India,2024-01-18,
S10724,,SOUTH,,KL,India,2021-02-13,OPEN
,Store_10725,EAST,Mumbai,WB,,2024-11-29,RENOVATION
S10726,,EAST,Delhi,MP,,2024-08-18,CLOSED
S10727,Store_10727,,Jaipur,DL,India,,CLOSED
S10728,,WEST,Hyderabad,KA,India,2024-06-05,
,Store_10729,WEST,Jaipur,TN,,2022-04-19,RENOVATION
S10730,Store_10730,,Indore,TN,India,,CLOSED
S10731,,,Bengaluru,TN,India,2024-07-18,CLOSED
S10732,,CENTRAL,Kochi,TS,,2021-08-05,CLOSED
,Store_10733,CENTRAL,Delhi,WB,,2023-07-11,OPEN
,,SOUTH,Delhi,KL,India,2025-07-24,RENOVATION
S10735,,WEST,,KA,India,2022-08-18,OPEN
S10736,,CENTRAL,Indore,MP,India,,OPEN
S10737,Store_10737,NORTH,Delhi,,,2022-04-16,RENOVATION
S10738,,WEST,Jaipur,DL,,2025-05-20,CLOSED
S10739,,CENTRAL,,TN,India,2021-07-30,OPEN
S10740,Store_10740,EAST,,WB,India,2021-12-06,
,,SOUTH,Bengaluru,RJ,India,2022-10-18,RENOVATION
S10742,Store_10742,NORTH,,,India,2025-08-08,RENOVATION
,Store_10743,EAST,,MH,India,2022-08-28,CLOSED
S10744,Store_10744,SOUTH,Bengaluru,,India,,CLOSED
S10745,,NORTH,Delhi,RJ,India,,OPEN
S10746,Store_10746,WEST,Hyderabad,TN,India,,
S10747,Store_10747,EAST,,,India,2022-09-09,OPEN
S10748,Store_10748,EAST,Pune,MH,India,,
S10749,,,Chennai,RJ,India,2021-08-15,OPEN
S10750,Store_10750,CENTRAL,Bengaluru,TS,,,RENOVATION
S10751,Store_10751,,,KA,India,2023-08-15,RENOVATION
,Store_10752,NORTH,Kolkata,,India,2025-06-10,CLOSED
S10753,Store_10753,EAST,,,India,2024-01-29,OPEN
S10754,Store_10754,WEST,Indore,RJ,,,RENOVATION
,Store_10755,NORTH,Mumbai,,India,2023-01-01,CLOSED
,Store_10756,EAST,Pune,WB,India,,CLOSED
S10757,Store_10757,SOUTH,Hyderabad,MH,,2024-06-07,
S10758,,NORTH,,RJ,India,2025-12-16,CLOSED
,Store_10759,SOUTH,,MH,India,2021-04-15,OPEN
,Store_10760,EAST,Chennai,RJ,India,2024-08-19,
S10761,Store_10761,NORTH,Bengaluru,MH,,,RENOVATION
S10762,,NORTH,Hyderabad,MP,India,,RENOVATION
,Store_10763,SOUTH,Hyderabad,DL,,2022-12-20,RENOVATION
S10764,,CENTRAL,Bengaluru,TS,India,,OPEN
,Store_10765,EAST,,WB,India,2023-01-19,CLOSED
S10766,,WEST,,TN,India,2025-02-06,RENOVATION
,Store_10767,SOUTH,,MP,India,2026-01-19,CLOSED
S10768,,WEST,Kochi,TS,,2022-11-27,RENOVATION
,Store_10769,CENTRAL,Pune,KA,,2021-04-24,CLOSED
,Store_10770,EAST,,KL,India,2021-04-14,RENOVATION
S10771,Store_10771,,Mumbai,TS,,2024-09-18,RENOVATION
S10772,Store_10772,,Mumbai,TS,,2025-02-01,RENOVATION
S10773,,CENTRAL,Hyderabad,KA,,2021-07-13,CLOSED
,Store_10774,WEST,Pune,TS,India,2025-02-23,
,Store_10775,WEST,Hyderabad,WB,India,,OPEN
S10776,Store_10776,,Mumbai,MP,India,,CLOSED
S10777,Store_10777,WEST,Hyderabad,,India,2024-09-22,
,Store_10778,NORTH,Mumbai,KA,India,,RENOVATION
,Store_10779,WEST,Hyderabad,,India,2022-12-03,CLOSED
,Store_10780,,Jaipur,MH,India,2022-07-10,RENOVATION
S10781,,EAST,,WB,India,2021-11-07,OPEN
,Store_10782,SOUTH,Indore,MP,India,2025-04-14,
S10783,Store_10783,CENTRAL,Kochi,,,2026-02-01,CLOSED
S10784,,CENTRAL,Jaipur,,India,2024-12-22,CLOSED
S10785,Store_10785,,,TN,India,2022-11-04,OPEN
S10786,Store_10786,SOUTH,,,India,2023-10-20,OPEN
,,NORTH,Indore,KL,India,2025-09-24,OPEN
,Store_10788,WEST,,MH,India,2026-01-31,RENOVATION
,Store_10789,NORTH,Jaipur,DL,India,,CLOSED
,,CENTRAL,Kolkata,RJ,India,2023-02-25,CLOSED
S10791,Store_10791,SOUTH,,,India,2023-04-11,OPEN
S10792,Store_10792,,Kochi,RJ,,2021-10-24,RENOVATION
,Store_10793,WEST,Hyderabad,MP,,2023-07-20,RENOVATION
,Store_10794,SOUTH,Delhi,TS,India,2024-06-09,
,Store_10795,CENTRAL,,MH,India,2021-05-13,CLOSED
S10796,Store_10796,,Mumbai,DL,India,,RENOVATION
S10797,Store_10797,,Mumbai,WB,India,2022-06-18,
S10798,,SOUTH,,DL,India,2024-04-21,OPEN
S10799,,WEST,Kolkata,MH,India,,CLOSED
S10800,,,Bengaluru,MH,India,2021-03-22,OPEN
,Store_10801,,Kochi,MH,India,2024-08-06,RENOVATION
S10802,Store_10802,,Chennai,DL,India,,CLOSED
,Store_10803,NORTH,,KA,India,2025-10-27,CLOSED
S10804,Store_10804,WEST,Mumbai,WB,,2024-11-15,
S10805,Store_10805,EAST,Bengaluru,TS,,2024-04-17,
S10806,Store_10806,,Chennai,KA,India,2025-07-05,
S10807,Store_10807,,Bengaluru,TS,,2021-07-02,RENOVATION
,Store_10808,NORTH,Delhi,,India,2022-06-10,CLOSED
S10809,Store_10809,,,KA,India,2024-11-29,CLOSED
S10810,Store_10810,SOUTH,Hyderabad,,,2025-06-14,OPEN
S10811,Store_10811,,Kolkata,,India,2021-11-11,RENOVATION
,Store_10812,WEST,Indore,KL,India,2022-02-14,
S10813,Store_10813,WEST,,TN,,2021-09-27,CLOSED
S10814,Store_10814,,Mumbai,WB,India,,OPEN
S10815,Store_10815,NORTH,,TN,India,2023-05-19,
S10816,,CENTRAL,,MH,India,2025-09-11,OPEN
S10817,Store_10817,CENTRAL,Mumbai,,,2024-11-17,OPEN
S10818,Store_10818,EAST,Bengaluru,RJ,,2021-09-18,
S10819,,NORTH,Pune,WB,India,2021-11-03,
,Store_10820,SOUTH,Delhi,DL,India,2021-04-13,
,Store_10821,EAST,Pune,WB,India,,CLOSED
,Store_10822,CENTRAL,Kochi,KL,India,,CLOSED
S10823,Store_10823,,,DL,India,2022-08-02,RENOVATION
,Store_10824,EAST,,WB,India,2022-05-20,OPEN
S10825,Store_10825,,Kolkata,KL,,2025-08-01,CLOSED
,Store_10826,,Mumbai,MH,India,2021-04-10,RENOVATION
S10827,Store_10827,NORTH,Bengaluru,,,2021-09-22,CLOSED
,Store_10828,SOUTH,,RJ,India,2025-03-28,CLOSED
,Store_10829,,Kolkata,KL,India,2023-04-11,RENOVATION
,,CENTRAL,Hyderabad,MP,India,2023-08-30,CLOSED
,Store_10831,CENTRAL,Kochi,WB,,2025-03-02,RENOVATION
S10832,Store_10832,,Pune,MH,India,2021-12-04,
S10833,Store_10833,,Kolkata,,India,2025-04-24,OPEN
S10834,,SOUTH,Mumbai,DL,India,,OPEN
S10835,Store_10835,WEST,,RJ,India,2023-05-12,
S10836,,,Jaipur,WB,India,2021-08-24,RENOVATION
S10837,Store_10837,,,KA,India,2021-03-02,RENOVATION
S10838,Store_10838,,Chennai,,India,2022-05-11,RENOVATION
S10839,,SOUTH,Kolkata,,India,2022-10-27,OPEN
S10840,Store_10840,,Delhi,KL,India,2025-05-16,
S10841,Store_10841,SOUTH,,KL,,2022-04-26,CLOSED
S10842,Store_10842,,Bengaluru,TS,,2023-05-18,RENOVATION
S10843,,WEST,Hyderabad,MH,India,,RENOVATION
,Store_10844,SOUTH,,TN,India,2022-09-09,CLOSED
S10845,Store_10845,SOUTH,,WB,India,2024-12-31,
,Store_10846,NORTH,Indore,KA,India,2022-07-10,
S10847,,CENTRAL,Bengaluru,MP,India,,RENOVATION
,Store_10848,EAST,,KL,India,2025-08-13,CLOSED
S10849,Store_10849,EAST,Hyderabad,MP,,2021-12-10,
S10850,,SOUTH,,RJ,India,2023-04-03,RENOVATION
,Store_10851,,Hyderabad,MH,India,2023-07-04,CLOSED
S10852,Store_10852,WEST,,MH,,2023-04-14,RENOVATION
S10853,Store_10853,CENTRAL,Indore,MH,India,,
S10854,,NORTH,Hyderabad,,India,2022-11-15,CLOSED
S10855,Store_10855,EAST,,TN,India,2024-05-14,
S10856,Store_10856,,,MH,India,2023-10-26,RENOVATION
S10857,,SOUTH,,DL,India,2021-07-14,RENOVATION
,Store_10858,EAST,Delhi,,India,2025-01-15,CLOSED
S10859,,CENTRAL,Jaipur,TN,India,2022-06-22,
,Store_10860,EAST,Bengaluru,MP,India,,RENOVATION
S10861,Store_10861,EAST,Chennai,,India,,OPEN
S10862,,EAST,Kochi,KA,,2025-05-28,RENOVATION
S10863,,WEST,Bengaluru,MP,,2021-09-25,OPEN
S10864,Store_10864,NORTH,,TS,,2025-03-30,OPEN
,Store_10865,CENTRAL,,RJ,India,2021-06-03,OPEN
S10866,Store_10866,CENTRAL,Jaipur,TN,,2023-01-18,
S10867,Store_10867,SOUTH,,,India,2021-05-29,CLOSED
,Store_10868,NORTH,Kochi,WB,India,2022-06-02,
S10869,,SOUTH,Indore,KA,,2021-07-10,RENOVATION
,,NORTH,Kochi,TS,India,2025-09-21,CLOSED
S10871,Store_10871,WEST,Chennai,,,2025-10-27,RENOVATION
S10872,Store_10872,,,RJ,India,2021-03-09,CLOSED
,Store_10873,,Delhi,RJ,India,2023-10-02,RENOVATION
S10874,Store_10874,NORTH,Jaipur,,India,,OPEN
S10875,,WEST,Mumbai,KA,,2021-08-06,CLOSED
S10876,Store_10876,,Jaipur,WB,India,2022-07-27,
S10877,Store_10877,WEST,Bengaluru,KA,,2025-02-25,
,Store_10878,NORTH,Kolkata,,India,2023-09-05,CLOSED
S10879,Store_10879,SOUTH,Indore,MP,,,OPEN
S10880,,CENTRAL,Bengaluru,KA,India,2025-12-15,
S10881,,,Chennai,TN,India,2021-04-23,CLOSED
S10882,Store_10882,NORTH,,MH,India,2024-04-21,
S10883,Store_10883,NORTH,,TN,,2025-11-20,CLOSED
S10884,Store_10884,,Kolkata,RJ,India,,RENOVATION
,Store_10885,CENTRAL,Indore,TN,,2022-08-23,OPEN
,Store_10886,,Indore,KL,India,2025-04-02,OPEN
S10887,Store_10887,,Chennai,,India,2023-05-29,CLOSED
S10888,Store_10888,,,TS,India,2025-06-12,RENOVATION
S10889,Store_10889,,Jaipur,MH,,2023-06-15,CLOSED
S10890,Store_10890,,Chennai,MP,India,2026-01-06,
S10891,Store_10891,,Kolkata,KA,India,,OPEN
S10892,Store_10892,,,MP,India,2025-06-15,RENOVATION
S10893,Store_10893,CENTRAL,Mumbai,,India,,OPEN
S10894,,CENTRAL,Delhi,,India,2023-11-12,OPEN
,Store_10895,CENTRAL,Delhi,DL,,2023-06-09,RENOVATION
S10896,,WEST,Bengaluru,RJ,India,,RENOVATION
S10897,Store_10897,CENTRAL,,WB,India,,CLOSED
,Store_10898,CENTRAL,Bengaluru,WB,,2021-03-07,CLOSED
S10899,Store_10899,,Hyderabad,WB,India,,CLOSED
S10900,Store_10900,NORTH,,,India,2023-02-14,OPEN
,Store_10901,WEST,Mumbai,MH,,2025-01-30,CLOSED
S10902,Store_10902,,Kolkata,MH,India,2021-12-18,
S10903,Store_10903,,Pune,,India,2022-02-27,OPEN
S10904,,CENTRAL,Kochi,WB,,2022-05-31,OPEN
S10905,Store_10905,WEST,,KL,,2022-07-24,RENOVATION
S10906,Store_10906,,,DL,India,2025-08-28,RENOVATION
,Store_10907,WEST,Pune,DL,,2023-06-09,CLOSED
S10908,Store_10908,CENTRAL,,,India,2022-04-29,OPEN
,Store_10909,NORTH,,TN,India,2022-08-08,RENOVATION
S10910,,,Delhi,KL,India,2025-11-26,RENOVATION
S10911,Store_10911,EAST,,MP,India,2023-11-06,
,Store_10912,EAST,Delhi,,India,2023-06-02,OPEN
S10913,Store_10913,NORTH,Delhi,,,2024-09-12,RENOVATION
,Store_10914,WEST,Kolkata,,India,2022-11-26,CLOSED
S10915,Store_10915,WEST,,,India,2021-11-07,OPEN
S10916,,NORTH,Delhi,,India,2025-10-21,CLOSED
S10917,Store_10917,SOUTH,,DL,,2024-07-01,OPEN
S10918,,WEST,Chennai,WB,,2023-12-20,RENOVATION
S10919,,CENTRAL,Jaipur,WB,,2023-09-27,RENOVATION
S10920,Store_10920,NORTH,Jaipur,TN,India,,
S10921,,,Kochi,KL,India,2021-04-27,RENOVATION
,Store_10922,CENTRAL,Kochi,KL,India,2026-01-23,
,Store_10923,,Hyderabad,KL,India,2024-03-12,CLOSED
S10924,,EAST,Bengaluru,RJ,,2025-01-05,RENOVATION
S10925,,WEST,,WB,India,2025-07-05,CLOSED
S10926,Store_10926,WEST,Kochi,,India,,OPEN
S10927,Store_10927,WEST,Pune,,India,2024-11-20,
S10928,Store_10928,,Delhi,KL,India,,RENOVATION
S10929,,SOUTH,Delhi,TS,India,2024-04-16,
S10930,Store_10930,SOUTH,Mumbai,MP,,,CLOSED
,Store_10931,NORTH,Kochi,TN,India,,OPEN
S10932,,NORTH,,DL,India,2022-06-26,OPEN
S10933,Store_10933,CENTRAL,Hyderabad,WB,India,,
S10934,Store_10934,WEST,Kolkata,,India,,CLOSED
S10935,Store_10935,CENTRAL,Indore,,India,2025-08-08,
S10936,Store_10936,,,RJ,India,2022-07-26,OPEN
S10937,Store_10937,EAST,Bengaluru,TS,,,RENOVATION
S10938,,CENTRAL,Chennai,KA,India,,RENOVATION
S10939,Store_10939,,Pune,,India,2023-04-11,OPEN
S10940,,CENTRAL,Pune,WB,,2022-09-08,RENOVATION
,Store_10941,EAST,Kolkata,KL,,2024-12-19,CLOSED
,Store_10942,CENTRAL,Chennai,RJ,India,,CLOSED
,Store_10943,CENTRAL,Bengaluru,RJ,India,,OPEN
,Store_10944,NORTH,,TS,India,2021-12-11,CLOSED
S10945,,WEST,Delhi,WB,India,2024-05-07,
S10946,Store_10946,NORTH,,DL,,2025-02-13,RENOVATION
,Store_10947,CENTRAL,Mumbai,,India,2025-12-23,OPEN
S10948,,,Kochi,TN,India,2025-07-30,CLOSED
S10949,,WEST,Chennai,TS,India,2022-03-10,
S10950,,NORTH,Chennai,KA,,2024-06-01,RENOVATION
S10951,Store_10951,EAST,Hyderabad,RJ,,,OPEN
S10952,Store_10952,,,KA,India,2021-03-09,CLOSED
,Store_10953,CENTRAL,Kochi,,India,2021-08-10,OPEN
S10954,,WEST,Delhi,MP,India,,RENOVATION
,,SOUTH,Hyderabad,MH,India,2023-07-31,CLOSED
S10956,,NORTH,Hyderabad,,India,2022-03-25,RENOVATION
S10957,Store_10957,,,KL,India,2022-11-01,CLOSED
S10958,Store_10958,NORTH,Chennai,TS,,2023-04-30,
S10959,,,Pune,WB,India,2025-04-10,RENOVATION
S10960,Store_10960,CENTRAL,,,India,2022-03-01,RENOVATION
S10961,Store_10961,NORTH,,,India,2025-07-09,RENOVATION
S10962,Store_10962,,Mumbai,KA,India,2023-01-13,
S10963,,,Indore,KL,India,2023-01-21,RENOVATION
S10964,Store_10964,CENTRAL,,,India,2023-06-15,CLOSED
S10965,,WEST,,KL,India,2022-09-20,CLOSED
S10966,Store_10966,WEST,,KA,India,,CLOSED
,,SOUTH,Pune,KL,India,2024-12-21,OPEN
S10968,Store_10968,CENTRAL,Kochi,DL,,2022-06-30,
,Store_10969,EAST,Bengaluru,TN,India,2023-08-17,
S10970,Store_10970,EAST,Pune,,India,,RENOVATION
,Store_10971,SOUTH,Hyderabad,DL,India,2024-12-09,
S10972,,SOUTH,Hyderabad,,India,2021-03-05,CLOSED
,Store_10973,NORTH,Chennai,WB,,2024-05-13,RENOVATION
,,WEST,Kolkata,RJ,India,2025-12-09,RENOVATION
,Store_10975,WEST,Bengaluru,MH,,2026-01-21,OPEN
,,SOUTH,Mumbai,RJ,India,2022-10-06,CLOSED
,Store_10977,,Hyderabad,RJ,India,2024-03-06,OPEN
S10978,Store_10978,WEST,Delhi,,India,,RENOVATION
,Store_10979,NORTH,Delhi,MH,,2023-02-13,CLOSED
S10980,Store_10980,,Kochi,,India,2025-03-06,CLOSED
,Store_10981,EAST,Chennai,MH,India,2023-05-05,
S10982,,EAST,Chennai,,India,2024-03-08,CLOSED
S10983,Store_10983,,Bengaluru,DL,,2022-08-15,OPEN
S10984,Store_10984,,Bengaluru,MP,,2023-10-15,CLOSED
,Store_10985,CENTRAL,Pune,KA,,2021-05-02,RENOVATION
S10986,Store_10986,,,WB,India,2023-05-15,RENOVATION
S10987,,EAST,Delhi,RJ,India,2025-07-02,
,Store_10988,EAST,Delhi,TS,,2022-01-23,CLOSED
,,SOUTH,Indore,TS,India,2024-12-17,OPEN
S10990,Store_10990,,Pune,TS,,2025-02-01,RENOVATION
S10991,Store_10991,NORTH,Mumbai,DL,,,RENOVATION
S10992,,WEST,,KA,India,2025-08-02,CLOSED
S10993,Store_10993,WEST,Bengaluru,,India,2024-07-29,
S10994,,WEST,Pune,MP,India,2025-09-25,
S10995,,,Jaipur,MP,India,2023-08-29,RENOVATION
S10996,,NORTH,Hyderabad,KA,India,2025-06-23,
,Store_10997,WEST,Jaipur,,India,2023-05-10,OPEN
,Store_10998,EAST,,RJ,India,2021-08-19,OPEN
S10999,Store_10999,CENTRAL,,KL,India,2022-06-08,
S11000,Store_11000,,Chennai,KA,India,2021-07-30,
S11001,Store_11001,NORTH,Jaipur,TN,,,CLOSED
S11002,Store_11002,EAST,Kolkata,,India,,CLOSED
S11003,Store_11003,,Mumbai,MH,India,,RENOVATION
S11004,,EAST,Pune,RJ,India,,RENOVATION
,Store_11005,CENTRAL,Bengaluru,,India,2026-01-26,RENOVATION
S11006,Store_11006,SOUTH,Mumbai,,India,2021-12-04,
S11007,Store_11007,EAST,,WB,India,,RENOVATION
S11008,Store_11008,,Kolkata,,India,2023-01-14,CLOSED
S11009,Store_11009,CENTRAL,Mumbai,MP,India,,
,Store_11010,,Indore,MH,India,2023-04-13,CLOSED
,,WEST,Jaipur,WB,India,2024-09-03,CLOSED
S11012,,,Kochi,TN,India,2021-08-25,CLOSED
S11013,Store_11013,SOUTH,Indore,MH,,2021-12-07,
S11014,Store_11014,NORTH,Chennai,,India,,CLOSED
S11015,Store_11015,NORTH,Jaipur,RJ,,2023-06-07,
S11016,Store_11016,WEST,Kochi,WB,India,,
S11017,Store_11017,NORTH,Indore,,India,,RENOVATION
S11018,Store_11018,WEST,Chennai,TN,India,,
S11019,,,Pune,DL,India,2023-05-25,CLOSED
S11020,Store_11020,WEST,,MH,India,2022-11-03,
,Store_11021,EAST,Chennai,RJ,India,2024-02-07,
,Store_11022,NORTH,Pune,RJ,India,,CLOSED
,,EAST,Chennai,TN,India,2023-02-04,OPEN
,Store_11024,,Jaipur,DL,India,2022-09-12,RENOVATION
,Store_11025,,Delhi,MP,India,2022-02-02,RENOVATION
S11026,Store_11026,CENTRAL,Kolkata,,,2025-04-12,OPEN
S11027,Store_11027,SOUTH,Delhi,KA,,,RENOVATION
S11028,,NORTH,Jaipur,,India,2022-02-22,OPEN
S11029,Store_11029,SOUTH,Chennai,RJ,,,CLOSED
S11030,Store_11030,,Kolkata,,India,2025-08-29,OPEN
S11031,,WEST,Pune,TS,India,2023-08-09,
S11032,,CENTRAL,Jaipur,,India,2025-02-23,OPEN
S11033,,,Delhi,MH,India,2023-11-06,CLOSED
,Store_11034,,Mumbai,TS,India,2025-01-24,RENOVATION
S11035,Store_11035,EAST,Kochi,KA,India,,
S11036,Store_11036,WEST,Jaipur,,,2024-12-02,CLOSED
S11037,,WEST,Hyderabad,MH,,2021-05-10,RENOVATION
S11038,Store_11038,,,TN,India,2022-08-12,OPEN
S11039,Store_11039,CENTRAL,Chennai,,,2024-10-31,RENOVATION
S11040,,CENTRAL,Bengaluru,TN,India,2024-01-28,
S11041,,EAST,,MP,India,2024-01-12,OPEN
S11042,Store_11042,WEST,Hyderabad,,,2023-11-30,RENOVATION
S11043,Store_11043,,Bengaluru,,India,2021-04-25,RENOVATION
,,CENTRAL,Mumbai,TS,India,2021-09-17,CLOSED
S11045,Store_11045,CENTRAL,Kochi,TS,,2022-08-27,
S11046,Store_11046,WEST,Kochi,,,2025-10-10,RENOVATION
S11047,Store_11047,,Delhi,,India,2025-03-07,OPEN
S11048,Store_11048,,Indore,RJ,,2023-04-17,CLOSED
S11049,Store_11049,NORTH,Kochi,RJ,,,OPEN
S11050,,CENTRAL,Indore,KA,India,2022-03-10,
,,SOUTH,Delhi,TS,India,2025-01-02,CLOSED
,Store_11052,NORTH,Mumbai,RJ,India,2025-02-18,
S11053,,EAST,Chennai,WB,India,2025-09-06,
,Store_11054,EAST,Chennai,,India,2021-06-15,OPEN
,Store_11055,,Chennai,MH,India,2025-01-02,CLOSED
S11056,,,Jaipur,TS,India,2022-03-10,RENOVATION
S11057,Store_11057,NORTH,Jaipur,RJ,,2025-08-13,
S11058,Store_11058,EAST,,TS,,2025-01-12,CLOSED
S11059,,NORTH,Indore,RJ,India,2022-01-26,
S11060,Store_11060,NORTH,,,India,2025-04-28,OPEN
,Store_11061,CENTRAL,,RJ,India,2024-11-29,OPEN
,Store_11062,CENTRAL,,MH,India,2024-05-20,OPEN
S11063,,NORTH,Pune,KA,,2024-08-21,RENOVATION
S11064,Store_11064,NORTH,Jaipur,MH,,2025-04-11,
S11065,,,Chennai,WB,India,2021-02-15,CLOSED
S11066,Store_11066,SOUTH,,TN,India,2025-09-05,
,Store_11067,CENTRAL,Chennai,KA,,2025-06-06,RENOVATION
S11068,Store_11068,,Delhi,WB,,2024-06-19,RENOVATION
S11069,Store_11069,CENTRAL,Bengaluru,,India,2022-03-06,
S11070,,WEST,,WB,India,2024-02-24,OPEN
,Store_11071,CENTRAL,,TS,India,2025-10-13,RENOVATION
S11072,Store_11072,SOUTH,,TN,India,2025-04-16,
S11073,,EAST,Bengaluru,DL,India,,CLOSED
S11074,,CENTRAL,Indore,KL,,2023-02-07,RENOVATION
,Store_11075,,Hyderabad,TS,India,2022-01-11,RENOVATION
,Store_11076,NORTH,,MH,India,2023-03-12,RENOVATION
S11077,,CENTRAL,Indore,MH,India,2024-08-17,
S11078,Store_11078,CENTRAL,Delhi,WB,,2023-11-20,
S11079,Store_11079,SOUTH,Indore,,India,2023-10-12,
,Store_11080,,Indore,KL,India,2022-05-15,RENOVATION
S11081,Store_11081,NORTH,Delhi,MP,India,,
S11082,Store_11082,SOUTH,Delhi,,,2023-12-14,OPEN
S11083,Store_11083,,Indore,DL,India,,CLOSED
S11084,Store_11084,,,TN,India,2025-10-18,RENOVATION
S11085,Store_11085,EAST,Kolkata,RJ,India,,
S11086,Store_11086,WEST,,KL,,2024-01-11,OPEN
S11087,Store_11087,NORTH,Delhi,MP,,2023-03-31,
S11088,Store_11088,NORTH,Delhi,,India,,CLOSED
S11089,Store_11089,,Delhi,MP,,2026-01-02,OPEN
,Store_11090,EAST,Indore,DL,India,2025-11-19,
S11091,,SOUTH,Bengaluru,KA,,2024-03-29,RENOVATION
S11092,,CENTRAL,Hyderabad,RJ,India,,OPEN
S11093,Store_11093,SOUTH,,RJ,India,,RENOVATION
,Store_11094,EAST,Jaipur,KL,,2021-06-16,RENOVATION
S11095,Store_11095,CENTRAL,Mumbai,,India,2021-12-01,
S11096,Store_11096,EAST,,,India,2024-08-07,CLOSED
S11097,,EAST,Delhi,WB,,2023-12-06,RENOVATION
S11098,Store_11098,WEST,Bengaluru,,India,2024-01-08,
S11099,,NORTH,Hyderabad,MP,India,,RENOVATION
,Store_11100,SOUTH,,TS,India,2022-05-15,RENOVATION
,Store_11101,SOUTH,Jaipur,TS,,2023-05-11,CLOSED
S11102,Store_11102,,,MP,India,2023-11-07,OPEN
,,CENTRAL,Bengaluru,MP,India,2026-01-10,RENOVATION
S11104,Store_11104,,Hyderabad,,India,2025-03-16,OPEN
,Store_11105,,Bengaluru,TN,India,2024-09-26,CLOSED
S11106,,EAST,Chennai,KA,India,2023-11-29,
S11107,Store_11107,,,WB,India,2025-07-10,OPEN
S11108,Store_11108,CENTRAL,,MH,India,,OPEN
S11109,Store_11109,CENTRAL,,MP,India,2022-04-25,
S11110,Store_11110,WEST,Mumbai,WB,,2022-04-04,
,Store_11111,NORTH,,MP,India,2023-12-17,CLOSED
,,SOUTH,Indore,KA,India,2024-01-06,RENOVATION
S11113,,NORTH,Delhi,WB,India,2025-07-20,
S11114,,SOUTH,Bengaluru,KA,India,,OPEN
S11115,Store_11115,EAST,,,India,2021-09-11,CLOSED
S11116,Store_11116,,Kolkata,KL,India,2021-04-20,
,,CENTRAL,Mumbai,TN,India,2021-06-28,RENOVATION
,Store_11118,WEST,,RJ,India,2023-03-08,RENOVATION
,Store_11119,NORTH,Kochi,WB,,2021-05-26,RENOVATION
S11120,Store_11120,EAST,Hyderabad,,India,,OPEN
S11121,Store_11121,,Hyderabad,DL,,2023-10-15,OPEN
,Store_11122,SOUTH,Hyderabad,WB,India,,RENOVATION
S11123,Store_11123,WEST,Kochi,,India,,OPEN
S11124,Store_11124,WEST,Jaipur,,India,2022-09-23,
,Store_11125,,Mumbai,KA,India,2021-08-02,CLOSED
S11126,,WEST,Indore,DL,,2025-10-08,RENOVATION
S11127,Store_11127,,Jaipur,KA,India,,RENOVATION
S11128,Store_11128,,,MP,India,2024-12-09,RENOVATION
S11129,,EAST,Mumbai,MH,India,,CLOSED
,Store_11130,EAST,Bengaluru,TS,India,,RENOVATION
S11131,Store_11131,SOUTH,,,India,2022-07-13,RENOVATION
,,NORTH,Delhi,MH,India,2024-07-02,CLOSED
S11133,Store_11133,SOUTH,Jaipur,TN,,,CLOSED
,Store_11134,CENTRAL,,DL,India,2021-05-18,CLOSED
,Store_11135,CENTRAL,Kochi,,India,2023-07-01,OPEN
S11136,Store_11136,WEST,Bengaluru,,India,,RENOVATION
S11137,Store_11137,NORTH,,WB,,2024-05-09,RENOVATION
S11138,Store_11138,WEST,Chennai,KA,,2023-11-14,
S11139,Store_11139,SOUTH,,MH,,2022-02-05,OPEN
S11140,Store_11140,NORTH,,TN,India,2024-03-10,
S11141,,NORTH,Bengaluru,,India,2022-06-18,CLOSED
,,WEST,Chennai,DL,India,2021-03-26,RENOVATION
S11143,Store_11143,SOUTH,Kochi,KL,,2024-03-31,
S11144,Store_11144,WEST,Delhi,RJ,India,,
S11145,Store_11145,CENTRAL,,KA,India,2023-02-09,
,Store_11146,WEST,Mumbai,WB,India,,OPEN
S11147,Store_11147,EAST,Chennai,,India,2021-10-09,
,Store_11148,,Delhi,WB,India,2023-01-26,RENOVATION
S11149,Store_11149,NORTH,,KA,India,2021-02-07,
S11150,Store_11150,CENTRAL,,,India,2024-09-06,OPEN
S11151,Store_11151,WEST,Kolkata,,India,,RENOVATION
S11152,Store_11152,NORTH,Bengaluru,,,2021-04-03,RENOVATION
S11153,Store_11153,CENTRAL,,MP,India,,OPEN
S11154,Store_11154,,Kolkata,,India,2022-04-05,OPEN
S11155,Store_11155,NORTH,,TN,,2021-09-15,RENOVATION
S11156,,WEST,,TS,India,2023-06-02,CLOSED
,Store_11157,EAST,Bengaluru,MH,,2025-02-27,CLOSED
S11158,,SOUTH,Hyderabad,TS,India,,CLOSED
S11159,,NORTH,Pune,TS,India,,OPEN
S11160,,EAST,Kochi,,India,2022-03-24,OPEN
S11161,Store_11161,EAST,Indore,,,2021-03-16,RENOVATION
S11162,Store_11162,CENTRAL,,KL,India,2021-08-08,
S11163,,,Pune,RJ,India,2025-12-27,RENOVATION
,,SOUTH,Chennai,WB,India,2022-10-09,CLOSED
S11165,Store_11165,,,RJ,India,2023-10-16,OPEN
,,SOUTH,Delhi,MP,India,2024-05-09,CLOSED
S11167,Store_11167,WEST,Chennai,,,2022-02-11,OPEN
,Store_11168,NORTH,Pune,RJ,,2025-02-17,RENOVATION
S11169,Store_11169,SOUTH,Pune,TS,India,,
S11170,,WEST,Hyderabad,,India,2022-08-19,CLOSED
S11171,Store_11171,CENTRAL,Mumbai,,,2021-11-12,OPEN
S11172,,SOUTH,Kolkata,,India,2021-08-04,OPEN
S11173,Store_11173,,,MP,India,2025-01-02,RENOVATION
S11174,Store_11174,NORTH,,,India,2022-03-03,CLOSED
,Store_11175,NORTH,Jaipur,,India,2021-10-23,RENOVATION
,Store_11176,WEST,,TS,India,2021-10-11,CLOSED
S11177,Store_11177,,Mumbai,KA,India,,RENOVATION
S11178,,WEST,,RJ,India,2023-03-20,RENOVATION
S11179,,CENTRAL,Indore,,India,2022-11-28,CLOSED
S11180,Store_11180,,,MP,India,2025-07-21,OPEN
,,EAST,Bengaluru,TS,India,2026-01-10,OPEN
,Store_11182,EAST,Kolkata,,India,2024-03-19,OPEN
S11183,Store_11183,SOUTH,Kolkata,,India,2025-10-11,
S11184,,EAST,Pune,MP,India,,RENOVATION
S11185,Store_11185,CENTRAL,,TN,,2025-09-28,OPEN
S11186,Store_11186,,Jaipur,TN,India,,OPEN
S11187,Store_11187,NORTH,,TS,India,,CLOSED
,Store_11188,CENTRAL,,TN,India,2025-11-25,RENOVATION
S11189,Store_11189,WEST,,WB,India,2025-07-06,
,Store_11190,NORTH,Mumbai,MP,India,2025-03-10,
S11191,,EAST,Kochi,TS,,2023-08-11,CLOSED
S11192,Store_11192,EAST,,TS,India,,RENOVATION
,Store_11193,SOUTH,Hyderabad,TS,India,2025-06-06,
S11194,,WEST,Jaipur,,India,2025-04-30,OPEN
S11195,Store_11195,,Mumbai,KA,,2024-07-29,OPEN
S11196,,CENTRAL,Hyderabad,,India,2025-12-21,RENOVATION
,Store_11197,,Indore,KL,India,2021-09-27,OPEN
S11198,Store_11198,EAST,Mumbai,,,2024-04-28,OPEN
S11199,Store_11199,WEST,,RJ,India,2024-05-25,
S11200,Store_11200,NORTH,Kolkata,,India,2022-11-29,
S11201,,,Jaipur,MP,India,2021-04-10,OPEN
,Store_11202,,Jaipur,WB,India,2025-02-15,RENOVATION
,Store_11203,NORTH,Bengaluru,RJ,India,,RENOVATION
S11204,Store_11204,WEST,,,India,2024-09-20,RENOVATION
,Store_11205,,Mumbai,MP,India,2024-11-16,OPEN
S11206,Store_11206,,Jaipur,KA,India,2021-11-08,
,Store_11207,,Jaipur,KL,India,2022-03-09,OPEN
S11208,Store_11208,CENTRAL,Indore,KL,India,,
S11209,,,Hyderabad,DL,India,2022-11-25,CLOSED
S11210,,EAST,Delhi,TS,India,2024-06-12,
S11211,Store_11211,,Indore,,India,2023-02-03,RENOVATION
S11212,Store_11212,,Indore,TN,,2021-10-24,CLOSED
S11213,,NORTH,,TN,India,2022-08-19,CLOSED
S11214,Store_11214,,Kolkata,KA,,2023-12-17,CLOSED
S11215,Store_11215,,Hyderabad,DL,,2023-01-13,CLOSED
S11216,,CENTRAL,Chennai,KL,India,2024-12-19,
S11217,,,Bengaluru,KL,India,2025-10-02,RENOVATION
,Store_11218,NORTH,Bengaluru,,India,2021-06-18,CLOSED
S11219,,NORTH,Kochi,KL,India,,CLOSED
S11220,,SOUTH,Indore,TS,India,2024-05-17,
S11221,Store_11221,SOUTH,Indore,RJ,,2022-01-22,
,Store_11222,,Jaipur,MP,India,2025-08-18,OPEN
S11223,,CENTRAL,,DL,India,2024-06-26,CLOSED
S11224,Store_11224,WEST,Kochi,TS,India,,
,Store_11225,SOUTH,,KL,India,2022-02-11,CLOSED
S11226,Store_11226,SOUTH,,DL,India,2023-12-11,
S11227,Store_11227,,Bengaluru,,India,2024-06-22,CLOSED
S11228,Store_11228,EAST,,MH,,2023-07-03,OPEN
S11229,Store_11229,NORTH,Kolkata,RJ,India,,
S11230,Store_11230,SOUTH,,MH,India,,OPEN
S11231,Store_11231,SOUTH,,KA,,2022-05-04,OPEN
S11232,Store_11232,,Indore,DL,,2025-12-27,OPEN
,Store_11233,CENTRAL,Bengaluru,KL,India,,CLOSED
S11234,,,Indore,TS,India,2021-09-05,CLOSED
,Store_11235,,Delhi,RJ,India,2021-06-25,RENOVATION
S11236,Store_11236,,Kolkata,RJ,India,2023-02-09,
S11237,Store_11237,WEST,,,India,2025-12-07,CLOSED
S11238,,SOUTH,Kochi,KL,,2021-04-25,RENOVATION
,Store_11239,NORTH,Chennai,,India,2021-09-02,RENOVATION
,Store_11240,SOUTH,Delhi,RJ,India,2025-04-26,
S11241,Store_11241,WEST,Chennai,,,2024-02-02,OPEN
S11242,Store_11242,,Delhi,,India,2021-04-30,RENOVATION
S11243,Store_11243,,Jaipur,WB,,2024-05-13,OPEN
S11244,Store_11244,,,TN,India,2025-12-20,OPEN
S11245,Store_11245,,Mumbai,KA,India,2024-09-25,
,Store_11246,SOUTH,,KL,India,2023-12-23,RENOVATION
S11247,,NORTH,Kochi,TS,,2021-10-15,CLOSED
S11248,Store_11248,WEST,Mumbai,,,2021-10-22,CLOSED
S11249,Store_11249,CENTRAL,Delhi,,India,2024-01-12,
,Store_11250,WEST,Kochi,TS,India,2024-09-10,
,,NORTH,Delhi,RJ,India,2023-08-26,OPEN
,Store_11252,NORTH,,KL,India,2026-01-26,RENOVATION
S11253,Store_11253,SOUTH,Hyderabad,,India,2023-01-04,
S11254,Store_11254,EAST,,KL,India,,CLOSED
S11255,Store_11255,,Jaipur,MH,,2025-06-11,RENOVATION
S11256,Store_11256,EAST,Chennai,,,2022-10-24,CLOSED
S11257,Store_11257,CENTRAL,,MH,India,2023-09-02,
,Store_11258,WEST,Kolkata,MH,,2022-11-03,CLOSED
S11259,Store_11259,NORTH,Indore,KL,,,OPEN
S11260,,,Bengaluru,TS,India,2021-06-05,OPEN
S11261,Store_11261,SOUTH,,RJ,India,,RENOVATION
S11262,,NORTH,,KA,India,2021-12-13,CLOSED
,Store_11263,CENTRAL,Delhi,KL,India,2025-05-14,
,Store_11264,WEST,Kolkata,DL,India,2021-03-09,
S11265,Store_11265,WEST,Bengaluru,,India,2022-07-20,
S11266,Store_11266,CENTRAL,Indore,,,2024-03-21,CLOSED
S11267,Store_11267,NORTH,Hyderabad,KA,India,,
S11268,,,Hyderabad,MH,India,2021-12-11,CLOSED
S11269,Store_11269,CENTRAL,Jaipur,TN,,2025-04-30,
S11270,Store_11270,SOUTH,Mumbai,,India,,OPEN
S11271,Store_11271,CENTRAL,Kolkata,,India,2025-01-18,
S11272,Store_11272,EAST,Kochi,,India,,RENOVATION
S11273,Store_11273,,Mumbai,KA,India,2025-06-04,
,Store_11274,SOUTH,Kolkata,WB,India,,RENOVATION
S11275,Store_11275,NORTH,Chennai,,India,2021-06-13,
S11276,Store_11276,CENTRAL,,MH,,2022-03-18,OPEN
S11277,Store_11277,NORTH,Indore,DL,,2023-03-06,
S11278,,EAST,Delhi,DL,India,2023-07-25,
S11279,,WEST,Jaipur,TS,India,2021-02-20,
S11280,Store_11280,,Bengaluru,KL,India,,RENOVATION
S11281,,NORTH,Kolkata,,India,2024-11-14,RENOVATION
S11282,Store_11282,,Kolkata,KA,India,,CLOSED
S11283,,NORTH,Jaipur,,India,2023-02-21,RENOVATION
S11284,,,Pune,MH,India,2024-11-12,CLOSED
S11285,Store_11285,NORTH,Hyderabad,,India,,RENOVATION
S11286,Store_11286,CENTRAL,,RJ,,2025-11-28,RENOVATION
,Store_11287,NORTH,,TS,India,2025-12-31,RENOVATION
,Store_11288,WEST,Chennai,KA,India,2026-01-14,
S11289,Store_11289,WEST,,,India,2024-10-07,RENOVATION
S11290,Store_11290,EAST,Bengaluru,,India,2023-11-29,
,Store_11291,WEST,Kolkata,TS,,2022-07-21,OPEN
S11292,Store_11292,SOUTH,Kochi,MH,India,,
,Store_11293,WEST,Hyderabad,KL,India,2021-12-06,
S11294,Store_11294,,,TS,India,2023-04-15,CLOSED
S11295,Store_11295,WEST,,MH,,2022-01-04,RENOVATION
S11296,,WEST,Mumbai,,India,2024-05-28,OPEN
,Store_11297,NORTH,Delhi,,India,2024-10-03,CLOSED
,Store_11298,WEST,,TN,India,2022-11-18,OPEN
S11299,,,Jaipur,MH,India,2024-06-09,OPEN
S11300,Store_11300,WEST,Mumbai,,India,2023-06-02,
S11301,Store_11301,,Jaipur,KA,,2021-12-11,CLOSED
S11302,,WEST,Chennai,DL,,2026-01-26,OPEN
S11303,Store_11303,,Hyderabad,MP,India,,CLOSED
S11304,Store_11304,CENTRAL,,,India,2021-02-05,CLOSED
S11305,,EAST,,RJ,India,2025-01-01,RENOVATION
S11306,,WEST,,KA,India,2023-02-04,CLOSED
,Store_11307,CENTRAL,Jaipur,WB,India,2024-11-02,
S11308,Store_11308,NORTH,Jaipur,DL,India,,
S11309,Store_11309,EAST,Kochi,MP,,2025-12-03,
S11310,Store_11310,SOUTH,Pune,,India,,RENOVATION
S11311,Store_11311,,Pune,,India,2023-08-16,CLOSED
S11312,,WEST,,KL,India,2023-05-06,OPEN
S11313,,NORTH,Kolkata,TN,India,,OPEN
S11314,,,Indore,TN,India,2023-10-31,CLOSED
S11315,,EAST,Pune,MP,India,2024-11-24,
S11316,,NORTH,,TS,India,2024-05-29,CLOSED
S11317,Store_11317,EAST,Jaipur,RJ,,2023-04-13,
S11318,Store_11318,,,RJ,India,2024-04-29,RENOVATION
,Store_11319,CENTRAL,,MH,India,2025-08-25,OPEN
S11320,,NORTH,Mumbai,MP,,2021-11-01,OPEN
S11321,,WEST,Indore,DL,India,,CLOSED
S11322,,SOUTH,,TS,India,2024-11-30,RENOVATION
,Store_11323,SOUTH,,TS,India,2025-03-24,RENOVATION
S11324,,CENTRAL,,KA,India,2022-07-07,CLOSED
,Store_11325,WEST,,MH,India,2025-08-01,CLOSED
S11326,,EAST,Kolkata,,India,2022-03-22,OPEN
S11327,Store_11327,NORTH,Pune,,India,2023-11-02,
S11328,Store_11328,,Kolkata,TS,,2022-11-22,CLOSED
S11329,,SOUTH,,KL,India,2024-05-26,CLOSED
S11330,,SOUTH,Kochi,MH,,2026-01-20,RENOVATION
,Store_11331,WEST,Delhi,RJ,,2022-11-21,OPEN
S11332,Store_11332,WEST,Hyderabad,,India,,OPEN
,Store_11333,SOUTH,Mumbai,,India,2024-04-21,OPEN
S11334,Store_11334,,Indore,,India,2023-05-11,CLOSED
S11335,Store_11335,WEST,Jaipur,DL,India,,
S11336,,NORTH,,MP,India,2021-10-05,CLOSED
S11337,Store_11337,,Kolkata,TS,India,2022-02-06,
S11338,Store_11338,EAST,,,India,2023-02-13,RENOVATION
S11339,Store_11339,SOUTH,,MP,,2024-04-27,RENOVATION
S11340,Store_11340,CENTRAL,Pune,,,2023-05-23,OPEN
S11341,,CENTRAL,Jaipur,KA,India,2024-03-15,
,Store_11342,NORTH,Indore,RJ,,2023-09-02,OPEN
S11343,Store_11343,,,MH,India,2023-05-11,CLOSED
S11344,Store_11344,,Pune,DL,India,,CLOSED
S11345,,EAST,,MP,India,2023-12-26,RENOVATION
S11346,Store_11346,,Kochi,KA,,2025-03-06,RENOVATION
S11347,Store_11347,NORTH,,RJ,India,,OPEN
,Store_11348,SOUTH,Delhi,RJ,India,2023-10-06,
S11349,Store_11349,SOUTH,,TN,India,2022-06-27,
,Store_11350,,Kolkata,WB,India,2024-07-16,OPEN
S11351,Store_11351,,Kochi,RJ,India,2021-12-16,
S11352,,,Hyderabad,KL,India,2023-08-03,OPEN
S11353,,SOUTH,,RJ,India,2022-11-17,OPEN
S11354,,NORTH,Hyderabad,MH,,2023-12-03,RENOVATION
S11355,Store_11355,CENTRAL,Indore,,,2024-07-06,RENOVATION
S11356,,NORTH,Hyderabad,,India,2022-05-29,CLOSED
S11357,Store_11357,WEST,,,India,2023-12-14,CLOSED
S11358,,,Kolkata,KA,India,2025-08-16,CLOSED
S11359,Store_11359,WEST,Kochi,KL,India,,
S11360,,,Kolkata,TS,India,2024-12-14,RENOVATION
S11361,,SOUTH,Kolkata,,India,2025-06-15,CLOSED
S11362,,EAST,Jaipur,MH,India,2023-02-19,
S11363,Store_11363,EAST,Indore,,,2025-07-20,OPEN
S11364,,CENTRAL,,MP,India,2023-12-26,OPEN
,,WEST,Jaipur,TS,India,2022-01-19,RENOVATION
S11366,Store_11366,WEST,Bengaluru,MH,,2021-04-14,
S11367,,,Bengaluru,TS,India,2021-05-05,RENOVATION
,Store_11368,WEST,Delhi,KA,India,,CLOSED
,Store_11369,WEST,Hyderabad,RJ,,2022-04-12,OPEN
,Store_11370,WEST,,TS,India,2022-09-16,CLOSED
S11371,,,Kochi,TN,India,2022-06-29,OPEN
S11372,,,Indore,WB,India,2022-12-24,OPEN
S11373,Store_11373,WEST,Kochi,MP,,,CLOSED
S11374,Store_11374,,Delhi,DL,India,2022-02-10,
S11375,Store_11375,SOUTH,Indore,,India,2021-05-10,
,Store_11376,,Pune,MH,India,2022-11-23,CLOSED
,Store_11377,CENTRAL,Bengaluru,DL,India,,RENOVATION
S11378,Store_11378,SOUTH,Mumbai,MH,,,CLOSED
S11379,Store_11379,SOUTH,Mumbai,,India,2024-10-05,
S11380,Store_11380,,Jaipur,TN,India,2022-06-18,
,Store_11381,CENTRAL,,TS,India,2021-02-19,OPEN
,Store_11382,EAST,Mumbai,KL,India,2022-08-11,
S11383,Store_11383,WEST,Jaipur,WB,India,,
S11384,Store_11384,,Pune,MH,,2022-12-05,CLOSED
,Store_11385,CENTRAL,,DL,India,2021-04-08,RENOVATION
S11386,,WEST,Hyderabad,KL,India,2024-10-25,
,Store_11387,NORTH,Pune,,India,2022-07-05,OPEN
S11388,Store_11388,SOUTH,Indore,RJ,India,,
S11389,Store_11389,SOUTH,Kochi,,India,,CLOSED
S11390,Store_11390,CENTRAL,Bengaluru,,,2024-01-02,CLOSED
S11391,,,Kochi,TN,India,2025-02-14,OPEN
S11392,,SOUTH,Pune,TS,India,,RENOVATION
S11393,,CENTRAL,,KA,India,2022-02-13,CLOSED
S11394,Store_11394,EAST,,KA,,2023-08-09,RENOVATION
S11395,,EAST,Jaipur,TS,India,,OPEN
S11396,,WEST,Chennai,,India,2022-08-03,CLOSED
S11397,Store_11397,NORTH,,DL,India,2025-10-30,
S11398,Store_11398,SOUTH,,MH,India,2021-12-04,
S11399,,WEST,Hyderabad,,India,2024-09-12,OPEN
,Store_11400,,Pune,MH,India,2024-05-29,CLOSED
S11401,Store_11401,EAST,Kochi,,India,,RENOVATION
S11402,Store_11402,CENTRAL,Pune,,India,,OPEN
S11403,Store_11403,EAST,,MP,,2021-03-22,OPEN
S11404,Store_11404,,Kochi,TN,India,2021-05-27,
S11405,Store_11405,CENTRAL,Indore,,,2022-12-30,OPEN
S11406,Store_11406,EAST,,KL,India,2023-10-12,
,Store_11407,NORTH,,DL,India,2021-06-28,CLOSED
S11408,Store_11408,,Delhi,KL,India,2021-03-08,
S11409,Store_11409,WEST,Pune,KL,,,CLOSED
S11410,,CENTRAL,Hyderabad,KA,,2024-05-01,CLOSED
S11411,Store_11411,NORTH,Kolkata,MP,,,RENOVATION
S11412,,SOUTH,Bengaluru,KL,,2024-11-03,CLOSED
S11413,Store_11413,NORTH,,MP,India,,CLOSED
S11414,,SOUTH,,WB,India,2021-08-03,RENOVATION
S11415,Store_11415,SOUTH,,DL,India,2025-06-22,
S11416,Store_11416,NORTH,Mumbai,TN,,,OPEN
S11417,Store_11417,NORTH,Bengaluru,RJ,,2023-05-08,
S11418,,SOUTH,Jaipur,,India,2021-07-04,RENOVATION
S11419,Store_11419,,Mumbai,WB,,2024-10-19,CLOSED
,,SOUTH,Hyderabad,TN,India,2022-11-15,RENOVATION
S11421,Store_11421,NORTH,Mumbai,MH,India,,
S11422,Store_11422,SOUTH,Indore,,,2021-12-02,OPEN
S11423,Store_11423,SOUTH,Chennai,,India,,CLOSED
,Store_11424,WEST,,TN,India,2024-09-07,RENOVATION
S11425,,NORTH,Indore,MP,India,2021-03-30,
S11426,Store_11426,,Kochi,,India,2021-12-08,RENOVATION
,Store_11427,NORTH,,MP,India,2021-08-24,RENOVATION
,Store_11428,NORTH,Bengaluru,KA,India,,CLOSED
,Store_11429,EAST,Kochi,MH,India,2023-11-25,
S11430,Store_11430,NORTH,,MH,India,,CLOSED
,,NORTH,Pune,MH,India,2023-05-08,CLOSED
S11432,Store_11432,EAST,,MP,India,,CLOSED
S11433,,WEST,Pune,KL,India,,OPEN
S11434,Store_11434,NORTH,Kolkata,TS,,,OPEN
S11435,Store_11435,CENTRAL,,KL,India,2023-11-11,
S11436,Store_11436,CENTRAL,Bengaluru,,India,,CLOSED
S11437,Store_11437,CENTRAL,,WB,,2021-07-07,CLOSED
S11438,Store_11438,,Hyderabad,KL,India,,CLOSED
S11439,Store_11439,,Kochi,RJ,India,2023-09-12,
S11440,,SOUTH,Mumbai,,India,2021-02-12,OPEN
S11441,Store_11441,,Mumbai,MH,India,,RENOVATION
S11442,Store_11442,SOUTH,,MH,,2025-08-01,CLOSED
,Store_11443,SOUTH,Hyderabad,,India,2023-03-24,OPEN
S11444,Store_11444,,,DL,India,2023-03-12,OPEN
,Store_11445,,Mumbai,RJ,India,2023-04-14,CLOSED
,Store_11446,WEST,Kolkata,KL,India,2022-02-21,
S11447,Store_11447,SOUTH,Jaipur,,India,,OPEN
S11448,Store_11448,,,KL,India,2024-12-28,OPEN
S11449,Store_11449,CENTRAL,,,India,2023-04-28,CLOSED
S11450,Store_11450,NORTH,Kochi,WB,India,,
S11451,Store_11451,,,WB,India,2025-08-06,RENOVATION
S11452,,WEST,Indore,DL,India,2021-04-23,
S11453,,CENTRAL,Pune,KL,,2021-04-30,RENOVATION
S11454,,EAST,Indore,KA,India,2022-04-19,
S11455,,SOUTH,Kochi,MP,,2025-09-27,OPEN
,Store_11456,WEST,Indore,RJ,,2023-07-03,OPEN
S11457,Store_11457,,Hyderabad,,India,2025-06-25,RENOVATION
,Store_11458,CENTRAL,Mumbai,RJ,India,,CLOSED
,Store_11459,NORTH,Bengaluru,KA,India,,RENOVATION
S11460,,EAST,,KA,India,2024-06-12,OPEN
S11461,,,Jaipur,TN,India,2023-05-12,OPEN
,Store_11462,WEST,Kolkata,TS,India,,RENOVATION
S11463,Store_11463,SOUTH,,MP,,2021-08-15,RENOVATION
S11464,Store_11464,,Hyderabad,TS,India,,RENOVATION
S11465,Store_11465,EAST,,KL,,2025-04-01,OPEN
S11466,,WEST,Bengaluru,,India,2022-04-30,CLOSED
S11467,Store_11467,WEST,Kochi,MP,India,,
S11468,,WEST,,KL,India,2022-02-09,OPEN
S11469,Store_11469,NORTH,,RJ,India,,CLOSED
S11470,Store_11470,CENTRAL,,RJ,India,2024-05-21,
,Store_11471,SOUTH,Indore,KA,,2025-01-24,RENOVATION
,Store_11472,SOUTH,Delhi,RJ,,2022-11-04,OPEN
S11473,Store_11473,EAST,,MH,,2022-07-13,OPEN
S11474,,,Indore,MH,India,2025-03-19,RENOVATION
S11475,Store_11475,EAST,Kochi,TN,,,RENOVATION
S11476,Store_11476,EAST,Jaipur,,,2021-08-21,RENOVATION
S11477,,NORTH,Mumbai,,India,2021-10-31,RENOVATION
S11478,Store_11478,EAST,Mumbai,,India,,OPEN
S11479,Store_11479,SOUTH,Chennai,MH,India,,
S11480,Store_11480,,Mumbai,MP,India,2021-02-25,
S11481,,WEST,Mumbai,RJ,India,,OPEN
,Store_11482,CENTRAL,Chennai,,India,2023-06-29,CLOSED
S11483,,WEST,Hyderabad,RJ,,2025-03-08,OPEN
,,SOUTH,Kochi,KL,India,2024-08-14,RENOVATION
S11485,Store_11485,WEST,Indore,,,2025-02-03,OPEN
,Store_11486,EAST,Kolkata,WB,India,,OPEN
S11487,,NORTH,,RJ,India,2022-09-09,RENOVATION
S11488,Store_11488,SOUTH,Pune,,India,,RENOVATION
S11489,Store_11489,NORTH,,,India,2025-05-25,CLOSED
S11490,Store_11490,,Jaipur,RJ,,2025-11-21,OPEN
,Store_11491,WEST,Kochi,KA,India,,OPEN
S11492,Store_11492,EAST,Chennai,MH,,2025-12-22,
,,NORTH,Jaipur,WB,India,2021-10-07,RENOVATION
,Store_11494,CENTRAL,Chennai,KL,,2025-05-31,OPEN
S11495,Store_11495,CENTRAL,,MH,,2022-04-14,OPEN
S11496,,EAST,Pune,MP,India,2022-03-02,
S11497,,SOUTH,Jaipur,MP,India,2022-01-13,
S11498,Store_11498,SOUTH,,MP,India,2023-12-10,
,Store_11499,EAST,Pune,MH,,2023-05-11,OPEN
,Store_11500,CENTRAL,Chennai,RJ,India,2025-12-14,
S11501,Store_11501,SOUTH,Delhi,WB,,,RENOVATION
S11502,,EAST,Kolkata,WB,India,,CLOSED
,,SOUTH,Pune,WB,India,2025-02-10,CLOSED
S11504,Store_11504,CENTRAL,,MH,India,2021-04-19,
S11505,Store_11505,,Kolkata,MP,,2024-12-25,RENOVATION
S11506,,NORTH,,MP,India,2023-12-22,RENOVATION
S11507,Store_11507,NORTH,Delhi,,India,2021-04-26,
,Store_11508,EAST,Hyderabad,DL,India,,RENOVATION
S11509,,EAST,Indore,MP,India,,CLOSED
,Store_11510,CENTRAL,Jaipur,,India,2023-07-01,OPEN
S11511,,,Delhi,TN,India,2025-07-08,OPEN
S11512,Store_11512,,Delhi,,India,2022-04-06,OPEN
S11513,Store_11513,WEST,Kolkata,TN,,,OPEN
S11514,Store_11514,EAST,,,India,2023-11-25,RENOVATION
S11515,Store_11515,,Bengaluru,TS,India,2022-05-29,
S11516,Store_11516,SOUTH,,,India,2024-02-14,RENOVATION
S11517,Store_11517,,Delhi,MP,India,,OPEN
,Store_11518,EAST,Mumbai,MH,,2021-07-03,OPEN
S11519,Store_11519,,Indore,MH,India,2025-07-12,
S11520,Store_11520,,Jaipur,,India,2022-05-15,CLOSED
S11521,Store_11521,WEST,Kolkata,WB,,2023-08-27,
S11522,Store_11522,CENTRAL,,,India,2023-07-28,OPEN
,Store_11523,EAST,,MH,India,2023-03-09,RENOVATION
S11524,Store_11524,CENTRAL,,KA,,2023-04-13,RENOVATION
,Store_11525,SOUTH,Kochi,KL,,2021-06-07,CLOSED
,Store_11526,,Delhi,MH,India,2025-09-12,OPEN
S11527,,CENTRAL,Hyderabad,KL,India,2021-10-23,
S11528,,CENTRAL,Hyderabad,TS,India,,OPEN
S11529,Store_11529,,Kochi,TS,,2023-09-27,CLOSED
S11530,,NORTH,Mumbai,RJ,India,2021-06-16,
S11531,,CENTRAL,Bengaluru,MH,India,2023-04-12,
S11532,,NORTH,Kochi,MH,India,,OPEN
S11533,,CENTRAL,Kolkata,WB,India,2025-02-23,
S11534,,CENTRAL,Bengaluru,KA,India,2022-07-16,
S11535,,NORTH,Mumbai,MH,India,,CLOSED
,Store_11536,WEST,Jaipur,MH,,2022-02-05,CLOSED
S11537,,,Mumbai,KA,India,2022-07-02,OPEN
S11538,Store_11538,SOUTH,Mumbai,,India,2022-05-12,
S11539,Store_11539,CENTRAL,Delhi,KL,,,CLOSED
S11540,,WEST,Pune,TS,,2021-09-09,CLOSED
,Store_11541,,Indore,KL,India,2022-08-27,OPEN
,Store_11542,WEST,Kolkata,WB,,2021-02-15,OPEN
,Store_11543,SOUTH,Kochi,MP,India,,RENOVATION
S11544,Store_11544,,Kolkata,WB,,2021-03-16,CLOSED
S11545,,NORTH,Chennai,MP,India,,OPEN
S11546,Store_11546,EAST,Mumbai,,,2024-10-15,RENOVATION
,Store_11547,,Pune,TN,India,2025-03-04,CLOSED
S11548,Store_11548,EAST,,,India,2022-03-30,CLOSED
S11549,Store_11549,CENTRAL,,KA,India,2021-11-11,
,Store_11550,,Mumbai,TS,India,2024-10-02,CLOSED
S11551,Store_11551,,Hyderabad,KL,,2021-10-31,RENOVATION
S11552,Store_11552,NORTH,Chennai,KL,India,,
S11553,,,Mumbai,WB,India,2022-04-18,RENOVATION
S11554,Store_11554,,,MH,India,2024-02-10,CLOSED
S11555,Store_11555,NORTH,Mumbai,,India,,OPEN
S11556,,,Indore,MP,India,2022-08-19,RENOVATION
S11557,,CENTRAL,,MH,India,2023-01-11,OPEN
S11558,Store_11558,NORTH,Kolkata,KL,,,RENOVATION
S11559,,WEST,,TS,India,2021-07-14,RENOVATION
S11560,,,Mumbai,MH,India,2025-05-10,RENOVATION
S11561,Store_11561,,,RJ,India,2025-03-13,OPEN
,,NORTH,Chennai,TN,India,2023-04-11,OPEN
S11563,,NORTH,Chennai,KA,India,2022-10-07,
,Store_11564,SOUTH,Chennai,,India,2025-02-03,RENOVATION
S11565,Store_11565,,Kochi,TS,,2024-11-04,CLOSED
S11566,Store_11566,WEST,,KA,,2023-07-25,RENOVATION
S11567,Store_11567,WEST,,MP,India,,CLOSED
S11568,Store_11568,NORTH,Chennai,,India,2024-05-28,
S11569,Store_11569,,Kochi,,India,2024-03-15,RENOVATION
S11570,Store_11570,,,TS,India,2024-12-04,OPEN
S11571,Store_11571,CENTRAL,Indore,,India,,OPEN
S11572,,WEST,Chennai,TS,,2023-04-10,OPEN
,Store_11573,SOUTH,Kochi,MH,,2021-10-11,CLOSED
,Store_11574,WEST,Chennai,WB,,2023-07-25,RENOVATION
S11575,Store_11575,WEST,,MH,,2021-06-24,RENOVATION
S11576,,SOUTH,Kochi,DL,India,2024-04-01,
S11577,Store_11577,SOUTH,Hyderabad,,,2024-11-24,OPEN
,Store_11578,CENTRAL,,KA,India,2021-11-07,RENOVATION
S11579,Store_11579,,Jaipur,,India,2025-05-08,RENOVATION
S11580,Store_11580,CENTRAL,Bengaluru,,India,,OPEN
S11581,Store_11581,WEST,,KL,India,,OPEN
S11582,Store_11582,WEST,,KA,India,2022-02-27,
S11583,,CENTRAL,Chennai,DL,India,2021-10-25,
S11584,Store_11584,NORTH,Pune,,India,,OPEN
S11585,Store_11585,SOUTH,Jaipur,,India,,CLOSED
,Store_11586,SOUTH,Bengaluru,KA,India,,CLOSED
S11587,Store_11587,,Delhi,TS,,2021-05-26,RENOVATION
S11588,Store_11588,,Hyderabad,KL,,2022-08-25,RENOVATION
S11589,,,Jaipur,WB,India,2021-12-31,OPEN
S11590,,,Kochi,DL,India,2024-05-28,OPEN
S11591,Store_11591,,Bengaluru,TS,India,,CLOSED
S11592,Store_11592,SOUTH,,KA,India,2024-07-14,
S11593,Store_11593,CENTRAL,Jaipur,RJ,,2024-01-03,
S11594,,CENTRAL,Delhi,,India,2021-06-15,OPEN
,Store_11595,NORTH,Pune,MH,India,2025-04-06,
,Store_11596,EAST,Kolkata,RJ,,2024-09-11,OPEN
S11597,Store_11597,CENTRAL,,MP,India,2024-10-14,
,,EAST,Indore,KA,India,2022-07-14,OPEN
S11599,Store_11599,,Pune,DL,India,,RENOVATION
,Store_11600,CENTRAL,,WB,India,2024-03-15,RENOVATION
,Store_11601,NORTH,Delhi,DL,,2024-05-12,RENOVATION
S11602,Store_11602,,,KA,India,2025-06-14,CLOSED
,Store_11603,EAST,Delhi,DL,India,2021-12-10,
S11604,Store_11604,SOUTH,,,India,2021-11-12,CLOSED
,Store_11605,,Chennai,TN,India,2024-03-15,CLOSED
,Store_11606,,Bengaluru,DL,India,2024-02-11,OPEN
S11607,Store_11607,WEST,Hyderabad,WB,,2022-07-14,
S11608,,NORTH,Mumbai,KA,India,2023-11-24,
,Store_11609,,Pune,KL,India,2025-02-21,RENOVATION
S11610,,SOUTH,,DL,India,2021-07-27,OPEN
S11611,Store_11611,NORTH,Mumbai,,India,2022-09-08,
S11612,Store_11612,,Indore,,India,2021-08-22,OPEN
S11613,Store_11613,,Bengaluru,,India,2023-01-19,OPEN
S11614,Store_11614,NORTH,Pune,,,2021-10-12,CLOSED
S11615,,,Hyderabad,MP,India,2024-12-06,OPEN
,Store_11616,,Indore,TS,India,2023-03-29,OPEN
S11617,,,Jaipur,RJ,India,2021-02-25,OPEN
S11618,,WEST,Chennai,RJ,India,2025-02-24,
S11619,,EAST,Bengaluru,KA,,2025-04-15,RENOVATION
S11620,Store_11620,CENTRAL,,WB,India,,RENOVATION
,Store_11621,EAST,Pune,TS,,2022-04-19,OPEN
S11622,,WEST,Chennai,WB,,2021-11-20,OPEN
S11623,Store_11623,SOUTH,Mumbai,TS,,,CLOSED
S11624,Store_11624,EAST,,KA,,2022-08-16,CLOSED
S11625,,WEST,Hyderabad,TN,India,,OPEN
S11626,Store_11626,WEST,Bengaluru,MP,,2024-09-21,
S11627,Store_11627,WEST,Chennai,,India,2023-01-15,
S11628,,SOUTH,Pune,KL,,2023-08-16,CLOSED
S11629,,NORTH,Mumbai,TS,,2022-02-13,OPEN
,Store_11630,EAST,Chennai,,India,2021-06-17,OPEN
S11631,,WEST,Delhi,WB,India,,CLOSED
S11632,Store_11632,SOUTH,,TS,India,,RENOVATION
,Store_11633,WEST,,KL,India,2024-06-19,OPEN
,Store_11634,NORTH,Bengaluru,TS,,2022-08-01,CLOSED
,Store_11635,,Jaipur,DL,India,2023-05-10,CLOSED
S11636,,SOUTH,,TS,India,2024-03-21,OPEN
S11637,,SOUTH,Mumbai,,India,2023-05-10,RENOVATION
S11638,Store_11638,,Bengaluru,,India,2025-10-13,CLOSED
,Store_11639,,Kolkata,WB,India,2023-02-14,CLOSED
S11640,Store_11640,EAST,Hyderabad,,India,2023-10-17,
,Store_11641,WEST,Jaipur,,India,2021-02-03,RENOVATION
S11642,,WEST,Bengaluru,DL,India,2025-10-02,
S11643,,EAST,Chennai,RJ,India,2025-08-30,
,Store_11644,SOUTH,Indore,RJ,,2024-09-14,OPEN
S11645,,CENTRAL,Indore,RJ,,2021-10-18,OPEN
S11646,Store_11646,,Jaipur,MH,,2025-09-03,CLOSED
S11647,Store_11647,EAST,Kolkata,,India,,OPEN
S11648,Store_11648,WEST,,MH,India,,CLOSED
S11649,Store_11649,SOUTH,,RJ,India,,OPEN
,Store_11650,EAST,Chennai,,India,2022-02-07,OPEN
S11651,Store_11651,,,TS,India,2024-09-18,OPEN
S11652,Store_11652,NORTH,Jaipur,MP,,,CLOSED
S11653,,SOUTH,,KA,India,2024-09-07,CLOSED
S11654,,EAST,Indore,KL,India,,OPEN
,Store_11655,NORTH,Mumbai,,India,2024-07-24,RENOVATION
S11656,Store_11656,NORTH,,WB,,2022-03-18,CLOSED
S11657,Store_11657,EAST,,TN,,2026-01-08,RENOVATION
S11658,Store_11658,EAST,Delhi,,India,2024-11-11,
S11659,Store_11659,EAST,Kolkata,DL,India,,
S11660,Store_11660,,Indore,TN,,2025-02-11,OPEN
,Store_11661,WEST,Chennai,RJ,India,2025-04-17,
,,CENTRAL,Mumbai,KL,India,2025-06-24,OPEN
,,CENTRAL,Chennai,RJ,India,2022-11-27,RENOVATION
,Store_11664,SOUTH,Indore,TS,India,,RENOVATION
S11665,,WEST,Bengaluru,MH,India,,CLOSED
S11666,,,Pune,TS,India,2023-02-25,RENOVATION
,,EAST,Pune,KA,India,2021-04-17,RENOVATION
,Store_11668,WEST,Hyderabad,DL,India,,OPEN
S11669,Store_11669,SOUTH,Kochi,,India,2021-08-12,
S11670,Store_11670,,Kolkata,,India,2021-09-22,RENOVATION
S11671,Store_11671,WEST,Delhi,MH,India,,
S11672,Store_11672,EAST,Pune,,India,2025-05-02,
S11673,Store_11673,EAST,,MH,,2022-08-07,OPEN
S11674,Store_11674,,Mumbai,DL,India,2021-05-11,
S11675,Store_11675,,Jaipur,WB,India,2024-12-12,
S11676,Store_11676,NORTH,Delhi,MH,,2022-05-16,
S11677,Store_11677,SOUTH,Indore,WB,India,,
S11678,Store_11678,,Jaipur,DL,,2022-11-11,RENOVATION
S11679,,,Indore,DL,India,2024-05-08,CLOSED
S11680,Store_11680,EAST,Mumbai,,India,,OPEN
S11681,Store_11681,SOUTH,Pune,DL,India,,
S11682,,SOUTH,Indore,WB,,2021-11-18,OPEN
,Store_11683,WEST,,TN,India,2025-05-03,OPEN
,Store_11684,SOUTH,Jaipur,WB,India,2021-05-04,
S11685,,WEST,Jaipur,,India,2025-03-14,OPEN
S11686,,EAST,Indore,TS,,2024-06-21,CLOSED
S11687,,SOUTH,,TS,India,2022-08-18,OPEN
S11688,Store_11688,CENTRAL,Bengaluru,,India,2022-06-06,
S11689,Store_11689,NORTH,,,India,2025-10-18,OPEN
,Store_11690,NORTH,Kolkata,WB,,2023-10-14,RENOVATION
S11691,Store_11691,,Bengaluru,KL,,2022-09-02,OPEN
,Store_11692,,Pune,KL,India,2025-02-28,CLOSED
S11693,Store_11693,NORTH,Hyderabad,,,2025-11-05,CLOSED
,Store_11694,EAST,Jaipur,KL,,2023-06-11,CLOSED
S11695,Store_11695,,,KA,India,2021-05-04,RENOVATION
S11696,Store_11696,WEST,Jaipur,,,2021-03-11,OPEN
S11697,Store_11697,,,KL,India,2024-03-07,OPEN
S11698,Store_11698,,Pune,KA,India,2023-10-07,
,,CENTRAL,Chennai,KA,India,2022-03-17,CLOSED
S11700,Store_11700,CENTRAL,Bengaluru,,,2025-10-16,OPEN
S11701,,CENTRAL,Indore,TN,India,,RENOVATION
,Store_11702,WEST,Mumbai,,India,2023-09-29,RENOVATION
S11703,Store_11703,CENTRAL,Hyderabad,MH,,,OPEN
,Store_11704,WEST,Delhi,,India,2023-04-18,RENOVATION
S11705,Store_11705,,Kolkata,KA,India,,RENOVATION
S11706,Store_11706,,Kochi,MP,India,2021-05-26,
S11707,Store_11707,NORTH,Kolkata,,India,,CLOSED
S11708,Store_11708,WEST,,TS,India,2024-01-21,
,Store_11709,,Mumbai,KA,India,2021-12-25,OPEN
S11710,Store_11710,EAST,Indore,TS,India,,
S11711,,EAST,,DL,India,2022-05-14,RENOVATION
,Store_11712,WEST,Indore,TN,India,,RENOVATION
S11713,Store_11713,,Chennai,DL,India,,RENOVATION
S11714,Store_11714,CENTRAL,,,India,2025-11-16,CLOSED
S11715,Store_11715,,,DL,India,2024-01-03,RENOVATION
S11716,Store_11716,EAST,Bengaluru,KA,,,OPEN
S11717,,WEST,Pune,KA,India,,CLOSED
S11718,Store_11718,,,WB,India,2024-10-01,CLOSED
S11719,Store_11719,WEST,Hyderabad,,,2024-06-22,CLOSED
,Store_11720,SOUTH,Delhi,WB,,2021-08-03,RENOVATION
,Store_11721,NORTH,Kochi,TS,,2024-10-09,CLOSED
S11722,Store_11722,,Kolkata,TN,India,,CLOSED
,Store_11723,NORTH,,DL,India,2021-04-22,RENOVATION
S11724,Store_11724,WEST,Jaipur,,India,2021-11-01,
S11725,Store_11725,,Pune,,India,2022-07-29,OPEN
S11726,Store_11726,,Kochi,MH,India,2024-12-13,
S11727,Store_11727,CENTRAL,Chennai,,India,,CLOSED
S11728,Store_11728,EAST,,,India,2023-09-19,OPEN
S11729,Store_11729,SOUTH,,,India,2025-11-06,RENOVATION
,Store_11730,CENTRAL,,DL,India,2022-03-21,OPEN
S11731,Store_11731,,,DL,India,2024-09-07,OPEN
S11732,Store_11732,WEST,,KL,India,,OPEN
S11733,,CENTRAL,,TS,India,2022-03-16,RENOVATION
S11734,,CENTRAL,Bengaluru,RJ,,2021-05-17,CLOSED
S11735,,SOUTH,Bengaluru,TN,,2024-10-10,CLOSED
S11736,,NORTH,Delhi,KL,,2023-03-09,CLOSED
S11737,Store_11737,,Kolkata,,India,2025-05-21,OPEN
S11738,,,Kolkata,DL,India,2023-07-11,RENOVATION
S11739,,NORTH,,TS,India,2023-08-01,CLOSED
S11740,Store_11740,EAST,Indore,DL,India,,
S11741,Store_11741,,Kochi,KA,India,2024-03-07,
,Store_11742,WEST,Indore,MP,,2021-02-09,OPEN
S11743,Store_11743,CENTRAL,,,India,2021-06-25,RENOVATION
S11744,Store_11744,NORTH,,,India,2022-08-03,OPEN
S11745,Store_11745,EAST,,,India,2023-02-01,OPEN
S11746,Store_11746,,Bengaluru,DL,,2025-12-21,OPEN
S11747,Store_11747,,Jaipur,WB,,2022-12-19,RENOVATION
S11748,Store_11748,WEST,Delhi,,India,,RENOVATION
S11749,Store_11749,WEST,Jaipur,,India,2024-12-18,
,,WEST,Kochi,TN,India,2024-12-30,OPEN
S11751,Store_11751,,Hyderabad,WB,,2021-09-29,RENOVATION
S11752,Store_11752,,Mumbai,,India,2021-12-10,CLOSED
S11753,,EAST,Bengaluru,,India,2023-09-06,CLOSED
S11754,,CENTRAL,,DL,India,2022-02-08,OPEN
,Store_11755,SOUTH,Jaipur,MH,,2022-11-18,RENOVATION
S11756,Store_11756,,Mumbai,,India,2021-05-30,CLOSED
S11757,,,Chennai,DL,India,2023-09-29,OPEN
,Store_11758,WEST,,TN,India,2025-01-14,CLOSED
S11759,Store_11759,NORTH,Chennai,,,2025-07-01,OPEN
S11760,Store_11760,CENTRAL,,MP,India,2024-04-30,
S11761,,EAST,,KA,India,2023-03-13,RENOVATION
,Store_11762,NORTH,Indore,DL,India,2025-12-25,
S11763,Store_11763,NORTH,Chennai,,,2022-06-25,RENOVATION
S11764,Store_11764,,Mumbai,MP,,2024-05-17,CLOSED
S11765,Store_11765,WEST,Mumbai,,,2023-01-08,RENOVATION
S11766,Store_11766,SOUTH,Kochi,TN,India,,
S11767,Store_11767,CENTRAL,,TN,India,2022-05-31,
S11768,Store_11768,EAST,Hyderabad,DL,,,RENOVATION
S11769,Store_11769,WEST,Jaipur,,India,2021-11-22,
,Store_11770,CENTRAL,Hyderabad,RJ,India,,OPEN
S11771,,NORTH,Bengaluru,,India,2023-12-12,OPEN
S11772,,NORTH,Kolkata,KA,,2021-10-05,OPEN
S11773,,,Hyderabad,MP,India,2021-10-26,RENOVATION
S11774,Store_11774,SOUTH,Kolkata,TN,,2024-08-21,
S11775,Store_11775,WEST,,KL,India,2024-06-13,
S11776,,NORTH,Delhi,KA,India,2021-02-27,
S11777,,,Hyderabad,KA,India,2024-06-06,CLOSED
S11778,,WEST,,KL,India,2022-02-16,CLOSED
S11779,Store_11779,EAST,Pune,,,2024-10-18,OPEN
S11780,Store_11780,NORTH,,MH,India,2022-06-08,
S11781,,WEST,Hyderabad,MH,India,2025-06-30,
S11782,Store_11782,NORTH,Bengaluru,TS,India,,
S11783,Store_11783,WEST,,,India,2022-10-06,RENOVATION
S11784,Store_11784,SOUTH,Kolkata,,India,2022-06-05,
S11785,Store_11785,CENTRAL,Bengaluru,TN,India,,
,Store_11786,CENTRAL,Kolkata,KA,,2021-03-27,OPEN
S11787,Store_11787,CENTRAL,Jaipur,KL,,2021-09-17,
,Store_11788,SOUTH,,KL,India,2022-06-29,RENOVATION
S11789,Store_11789,,Indore,KL,,2026-01-30,RENOVATION
S11790,,WEST,Hyderabad,MH,India,2025-08-22,
,,WEST,Jaipur,KA,India,2023-09-01,OPEN
S11792,Store_11792,,,TN,India,2021-12-05,OPEN
,,CENTRAL,Mumbai,TN,India,2022-01-13,OPEN
S11794,Store_11794,NORTH,Kochi,KA,,2022-07-21,
S11795,Store_11795,WEST,Chennai,,,2024-04-06,CLOSED
S11796,Store_11796,SOUTH,Mumbai,,,2022-11-15,RENOVATION
S11797,Store_11797,NORTH,,,India,2024-12-21,OPEN
S11798,Store_11798,WEST,Jaipur,TS,,2022-02-06,
S11799,,EAST,,MP,India,2026-01-25,CLOSED
,Store_11800,WEST,Jaipur,KL,India,,OPEN
S11801,Store_11801,WEST,,,India,2021-06-07,CLOSED
,Store_11802,,Mumbai,KL,India,2025-04-28,RENOVATION
S11803,,CENTRAL,,KL,India,2025-12-04,CLOSED
S11804,Store_11804,,,RJ,India,2024-08-31,RENOVATION
S11805,,NORTH,Bengaluru,DL,,2021-05-14,OPEN
S11806,Store_11806,WEST,Hyderabad,,India,2023-08-05,
,Store_11807,CENTRAL,Mumbai,,India,2025-09-29,CLOSED
S11808,Store_11808,,Kolkata,WB,,2023-07-10,OPEN
S11809,Store_11809,,,TN,India,2022-03-13,CLOSED
S11810,Store_11810,,Delhi,TN,India,2025-04-15,
S11811,Store_11811,,Hyderabad,RJ,,2022-08-24,OPEN
S11812,,,Mumbai,KL,India,2025-06-25,CLOSED
S11813,,WEST,Bengaluru,TN,,2025-10-22,CLOSED
S11814,,CENTRAL,,KL,India,2022-10-02,CLOSED
S11815,Store_11815,WEST,,RJ,,2022-02-16,CLOSED
S11816,Store_11816,,Delhi,KL,,2025-08-26,OPEN
,Store_11817,EAST,Indore,MP,India,2023-07-14,
S11818,Store_11818,CENTRAL,,MP,India,,OPEN
S11819,,CENTRAL,Kolkata,MP,India,,CLOSED
,Store_11820,NORTH,Delhi,KL,,2024-12-16,OPEN
S11821,Store_11821,,,KL,India,2022-10-24,OPEN
,Store_11822,EAST,Chennai,RJ,India,2021-03-29,
,Store_11823,SOUTH,Chennai,,India,2021-06-11,OPEN
,Store_11824,NORTH,Bengaluru,,India,2024-12-06,OPEN
S11825,,CENTRAL,Kolkata,WB,India,2023-05-29,
S11826,Store_11826,WEST,Hyderabad,RJ,India,,
,Store_11827,,Bengaluru,MH,India,2021-09-06,RENOVATION
S11828,Store_11828,CENTRAL,Indore,,,2025-06-20,RENOVATION
,Store_11829,WEST,,DL,India,2023-03-31,OPEN
S11830,Store_11830,,Hyderabad,,India,2025-07-11,OPEN
S11831,Store_11831,,Delhi,WB,India,2025-07-24,
S11832,Store_11832,,,MP,India,2021-09-12,OPEN
S11833,Store_11833,WEST,Pune,KL,India,,
S11834,,SOUTH,,RJ,India,2024-06-09,RENOVATION
S11835,,WEST,Pune,WB,India,2022-09-13,
,Store_11836,SOUTH,,MP,India,2025-09-01,RENOVATION
S11837,,WEST,Kochi,MP,India,2022-10-26,
,Store_11838,,Mumbai,WB,India,2026-01-26,OPEN
S11839,Store_11839,,Indore,MP,India,2025-05-25,
S11840,,SOUTH,Indore,TS,India,,RENOVATION
S11841,,NORTH,Chennai,MH,,2024-04-18,OPEN
,Store_11842,,Bengaluru,TN,India,2022-08-31,RENOVATION
,Store_11843,SOUTH,Kolkata,,India,2021-06-16,OPEN
S11844,Store_11844,,Mumbai,TN,India,,CLOSED
S11845,Store_11845,,,MP,India,2024-02-15,OPEN
S11846,Store_11846,NORTH,,KA,India,2025-11-24,
S11847,Store_11847,,Indore,WB,India,,OPEN
S11848,,EAST,Indore,MH,India,2024-05-07,
S11849,,CENTRAL,,TN,India,2022-11-22,RENOVATION
S11850,Store_11850,NORTH,Indore,,India,2023-05-02,
S11851,,,Bengaluru,DL,India,2023-10-20,RENOVATION
,Store_11852,SOUTH,Pune,WB,India,,RENOVATION
,Store_11853,WEST,,MH,India,2021-05-11,CLOSED
S11854,Store_11854,,Kochi,,India,2021-04-25,RENOVATION
S11855,Store_11855,,Indore,RJ,India,,RENOVATION
,Store_11856,SOUTH,Delhi,,India,2021-02-04,OPEN
S11857,Store_11857,,Kolkata,TS,India,2022-08-27,
S11858,,CENTRAL,Jaipur,RJ,India,2025-02-24,
,,WEST,Kochi,KA,India,2022-03-24,CLOSED
S11860,Store_11860,WEST,,,India,2023-04-19,OPEN
S11861,Store_11861,CENTRAL,Chennai,TN,,2022-08-17,
,Store_11862,EAST,Indore,RJ,India,,RENOVATION
S11863,Store_11863,SOUTH,Kolkata,MP,,2023-10-22,
S11864,Store_11864,CENTRAL,,WB,India,,RENOVATION
S11865,Store_11865,NORTH,Kolkata,KL,India,,
,Store_11866,NORTH,Jaipur,MP,India,2023-12-16,
S11867,Store_11867,,Mumbai,,India,2024-04-25,RENOVATION
S11868,,NORTH,Mumbai,KL,India,,OPEN
S11869,Store_11869,CENTRAL,,KL,,2025-11-16,OPEN
S11870,Store_11870,WEST,Kolkata,,India,,OPEN
S11871,,WEST,Delhi,,India,2024-05-30,CLOSED
S11872,Store_11872,EAST,Pune,MH,,2022-07-27,
S11873,,WEST,Delhi,,India,2025-12-01,CLOSED
S11874,Store_11874,,Jaipur,MP,,2023-11-03,RENOVATION
S11875,,WEST,Mumbai,MP,India,2024-04-07,
,Store_11876,NORTH,Chennai,KL,India,,CLOSED
S11877,,WEST,Indore,TS,India,2024-01-26,
,,SOUTH,Delhi,WB,India,2023-11-17,RENOVATION
,,CENTRAL,Mumbai,KL,India,2024-01-07,RENOVATION
,Store_11880,EAST,Bengaluru,KA,India,2023-03-17,
S11881,Store_11881,CENTRAL,,DL,India,2022-01-07,
S11882,Store_11882,,Bengaluru,DL,India,2021-05-24,
S11883,Store_11883,,Bengaluru,DL,,2025-08-02,CLOSED
S11884,,NORTH,,KA,India,2025-05-28,CLOSED
S11885,Store_11885,,Pune,TN,,2025-04-21,RENOVATION
S11886,Store_11886,CENTRAL,Mumbai,MH,India,,
S11887,Store_11887,CENTRAL,,,India,2022-01-01,OPEN
,Store_11888,CENTRAL,Chennai,TS,India,2022-09-27,
S11889,Store_11889,EAST,Kochi,,India,2024-02-15,
S11890,Store_11890,NORTH,,,India,2024-04-20,RENOVATION
S11891,Store_11891,SOUTH,Kolkata,,India,,RENOVATION
S11892,Store_11892,NORTH,,,India,2021-09-13,RENOVATION
S11893,,SOUTH,Kochi,KL,India,2023-03-30,
S11894,Store_11894,,Kolkata,KL,,2025-07-06,CLOSED
S11895,Store_11895,CENTRAL,,WB,India,,OPEN
,Store_11896,WEST,Pune,MP,India,2023-04-26,
S11897,Store_11897,,Chennai,TN,India,2023-03-14,
,Store_11898,,Delhi,TS,India,2024-04-22,RENOVATION
S11899,Store_11899,WEST,,KA,,2024-01-29,RENOVATION
S11900,Store_11900,SOUTH,,KA,India,,CLOSED
S11901,Store_11901,SOUTH,Jaipur,,India,2023-03-07,
S11902,Store_11902,,,DL,India,2024-04-14,OPEN
S11903,Store_11903,,Indore,MP,India,,CLOSED
,Store_11904,SOUTH,Bengaluru,TN,India,2023-11-28,
S11905,Store_11905,NORTH,,MH,India,,RENOVATION
S11906,,SOUTH,Chennai,TS,India,2023-01-30,
,Store_11907,NORTH,Indore,MP,India,,CLOSED
S11908,Store_11908,CENTRAL,,KL,,2022-08-30,CLOSED
S11909,Store_11909,EAST,Indore,,,2023-03-14,RENOVATION
S11910,Store_11910,CENTRAL,,RJ,,2022-01-10,CLOSED
,Store_11911,EAST,,WB,India,2023-11-29,RENOVATION
S11912,Store_11912,CENTRAL,Pune,MP,,,RENOVATION
S11913,,SOUTH,,WB,India,2021-09-10,RENOVATION
S11914,Store_11914,,Kolkata,TN,,2023-02-04,CLOSED
S11915,Store_11915,,,TS,India,2024-09-05,OPEN
S11916,Store_11916,CENTRAL,,WB,India,,OPEN
,Store_11917,,Jaipur,TN,India,2021-05-01,CLOSED
,Store_11918,,Pune,KL,India,2022-12-01,CLOSED
S11919,Store_11919,,Kolkata,KL,India,,OPEN
,,CENTRAL,Bengaluru,TS,India,2024-11-15,OPEN
S11921,,,Kochi,RJ,India,2021-07-12,OPEN
,Store_11922,NORTH,Pune,MH,India,2022-09-05,
S11923,Store_11923,,Kolkata,TS,India,2024-11-03,
S11924,Store_11924,NORTH,,RJ,India,2024-10-03,
S11925,Store_11925,,,RJ,India,2024-08-22,RENOVATION
S11926,Store_11926,CENTRAL,,,India,2023-01-14,OPEN
,Store_11927,EAST,Pune,TN,India,2025-12-24,
S11928,Store_11928,EAST,Hyderabad,,India,2021-03-12,
,Store_11929,NORTH,Kolkata,MH,India,,CLOSED
,,CENTRAL,Hyderabad,WB,India,2024-12-24,CLOSED
,Store_11931,WEST,Chennai,,India,2021-03-26,RENOVATION
S11932,,WEST,Delhi,MH,India,2022-01-01,
S11933,,EAST,Kolkata,TS,India,,CLOSED
S11934,Store_11934,,Pune,TS,India,,OPEN
S11935,Store_11935,CENTRAL,,TS,India,,RENOVATION
S11936,Store_11936,,Indore,TS,India,2025-04-08,
S11937,Store_11937,,Jaipur,,India,2023-04-19,CLOSED
S11938,Store_11938,WEST,,,India,2025-07-20,RENOVATION
,Store_11939,SOUTH,Kolkata,DL,,2024-09-07,CLOSED
S11940,Store_11940,NORTH,,,India,2021-07-26,RENOVATION
,Store_11941,SOUTH,Chennai,WB,,2022-04-02,RENOVATION
S11942,Store_11942,EAST,Delhi,RJ,,2022-12-10,
,Store_11943,SOUTH,Bengaluru,,India,2025-11-30,CLOSED
S11944,Store_11944,SOUTH,Bengaluru,TS,,2025-01-25,
,,NORTH,Hyderabad,TN,India,2025-05-14,OPEN
S11946,Store_11946,,,KL,India,2023-04-04,CLOSED
S11947,Store_11947,,Pune,MP,,2022-08-18,OPEN
S11948,Store_11948,,Kochi,MP,India,,OPEN
S11949,Store_11949,EAST,Kochi,,India,,RENOVATION
,Store_11950,EAST,,WB,India,2024-02-05,RENOVATION
S11951,Store_11951,CENTRAL,,,India,2025-03-14,OPEN
S11952,Store_11952,WEST,,KL,,2022-03-22,RENOVATION
,Store_11953,WEST,Mumbai,KL,India,,CLOSED
,Store_11954,WEST,Delhi,,India,2022-02-28,RENOVATION
,Store_11955,,Mumbai,TS,India,2024-04-06,CLOSED
S11956,Store_11956,EAST,Mumbai,,India,2023-07-20,
S11957,,WEST,Mumbai,WB,India,,CLOSED
,Store_11958,CENTRAL,Kolkata,MH,India,2024-02-13,
,Store_11959,,Chennai,TS,India,2021-12-14,OPEN
S11960,,CENTRAL,Kolkata,KL,,2021-10-27,RENOVATION
S11961,Store_11961,NORTH,,,India,2025-04-12,OPEN
S11962,Store_11962,WEST,Indore,,India,,CLOSED
S11963,Store_11963,,Kochi,,India,2024-01-22,CLOSED
S11964,Store_11964,WEST,,TS,,2022-03-17,CLOSED
S11965,Store_11965,NORTH,,DL,India,2025-01-27,
,Store_11966,EAST,Jaipur,KA,India,,CLOSED
,Store_11967,,Pune,KL,India,2021-02-08,RENOVATION
S11968,,CENTRAL,Indore,RJ,,2025-03-30,RENOVATION
,Store_11969,WEST,,MP,India,2023-03-14,CLOSED
S11970,,SOUTH,Chennai,RJ,India,,CLOSED
,Store_11971,NORTH,Hyderabad,,India,2024-05-14,CLOSED
S11972,Store_11972,SOUTH,Kolkata,MP,,2024-09-21,
S11973,Store_11973,WEST,Chennai,WB,India,,
S11974,,CENTRAL,Hyderabad,MP,,2024-03-27,CLOSED
S11975,,SOUTH,Kolkata,MH,,2024-05-04,RENOVATION
,Store_11976,CENTRAL,Mumbai,KA,India,,RENOVATION
S11977,Store_11977,EAST,Indore,TS,,2022-02-03,
S11978,,NORTH,Chennai,KA,India,2022-05-31,
S11979,Store_11979,SOUTH,,,India,2025-12-13,OPEN
S11980,Store_11980,,Jaipur,WB,India,,RENOVATION
S11981,,SOUTH,Delhi,,India,2024-09-11,RENOVATION
S11982,Store_11982,,Pune,,India,2022-07-12,CLOSED
S11983,Store_11983,CENTRAL,,RJ,India,,RENOVATION
,Store_11984,SOUTH,Jaipur,MH,India,,CLOSED
S11985,Store_11985,CENTRAL,,TN,India,2021-02-10,
S11986,Store_11986,,Kochi,,India,2023-06-19,RENOVATION
S11987,Store_11987,EAST,Delhi,,,2024-03-17,CLOSED
S11988,,NORTH,Kolkata,KA,India,2023-03-27,
,Store_11989,CENTRAL,Bengaluru,TN,India,,RENOVATION
,Store_11990,CENTRAL,Bengaluru,DL,India,2024-11-01,
S11991,,SOUTH,Indore,KA,India,,CLOSED
S11992,Store_11992,,Delhi,MH,India,,OPEN
S11993,Store_11993,,Bengaluru,DL,India,2023-06-03,
S11994,Store_11994,EAST,Mumbai,,India,,RENOVATION
S11995,Store_11995,EAST,,,India,2023-01-16,RENOVATION
S11996,Store_11996,WEST,Bengaluru,,India,2022-11-22,
S11997,Store_11997,EAST,,,India,2022-12-19,CLOSED
S11998,Store_11998,,Pune,KA,India,2025-01-18,
S11999,Store_11999,NORTH,Bengaluru,DL,,2021-08-01,
S12000,Store_12000,NORTH,Hyderabad,TS,,,OPEN
,Store_12001,SOUTH,Hyderabad,MP,India,,CLOSED
,Store_12002,NORTH,Hyderabad,DL,,2025-12-27,RENOVATION
,Store_12003,CENTRAL,,MH,India,2023-12-25,OPEN
S12004,Store_12004,CENTRAL,,,India,2025-07-19,CLOSED
S12005,Store_12005,,Kolkata,,India,2022-04-20,RENOVATION
S12006,Store_12006,CENTRAL,,KA,India,,CLOSED
S12007,Store_12007,,Mumbai,MP,India,,OPEN
S12008,Store_12008,,,WB,India,2023-04-15,CLOSED
,Store_12009,EAST,Hyderabad,RJ,India,2026-01-06,
S12010,,CENTRAL,Bengaluru,,India,2023-01-14,OPEN
S12011,Store_12011,SOUTH,,RJ,India,,CLOSED
,Store_12012,EAST,,RJ,India,2021-07-28,RENOVATION
S12013,Store_12013,EAST,Pune,KL,,,RENOVATION
S12014,Store_12014,,Bengaluru,MH,India,,CLOSED
S12015,Store_12015,EAST,,MP,India,2025-10-18,
S12016,Store_12016,EAST,Pune,WB,,2023-03-04,
S12017,Store_12017,SOUTH,Chennai,DL,,2022-11-19,
,Store_12018,SOUTH,Mumbai,MH,India,2022-05-02,
S12019,Store_12019,,Bengaluru,MP,India,,RENOVATION
S12020,Store_12020,,Kolkata,KL,India,,RENOVATION
S12021,,CENTRAL,Pune,RJ,,2024-09-28,OPEN
S12022,Store_12022,NORTH,,TS,India,2022-05-27,
,,CENTRAL,Bengaluru,KL,India,2024-12-09,RENOVATION
S12024,Store_12024,,Kochi,MH,India,,CLOSED
S12025,,NORTH,Pune,WB,India,2023-07-14,
,Store_12026,CENTRAL,Jaipur,RJ,India,,RENOVATION
S12027,,,Indore,TN,India,2025-08-25,OPEN
S12028,Store_12028,CENTRAL,Pune,MH,India,,
S12029,Store_12029,,Hyderabad,,India,2022-09-16,CLOSED
,,EAST,Chennai,MH,India,2021-05-17,OPEN
S12031,,WEST,,MP,India,2021-12-25,CLOSED
S12032,Store_12032,NORTH,Pune,MH,,,CLOSED
,Store_12033,WEST,Hyderabad,,India,2021-10-19,RENOVATION
S12034,Store_12034,,Jaipur,KA,India,2021-07-06,
,,CENTRAL,Delhi,KA,India,2022-04-05,RENOVATION
,Store_12036,WEST,Pune,MP,India,2025-01-24,
,Store_12037,SOUTH,Kochi,MP,,2022-08-13,CLOSED
S12038,Store_12038,EAST,Mumbai,KA,India,,
S12039,Store_12039,SOUTH,,RJ,India,2024-12-01,
,Store_12040,SOUTH,Kolkata,KA,India,,OPEN
,Store_12041,SOUTH,Pune,,India,2025-04-08,CLOSED
S12042,,EAST,,TN,India,2023-04-16,OPEN
S12043,,EAST,Delhi,RJ,India,2025-11-07,
,Store_12044,CENTRAL,,MP,India,2021-05-06,CLOSED
S12045,Store_12045,WEST,Indore,MH,,,CLOSED
S12046,Store_12046,,Kolkata,,India,2022-09-12,RENOVATION
S12047,Store_12047,,Kochi,TN,India,2023-10-19,
S12048,Store_12048,CENTRAL,,WB,,2025-01-05,RENOVATION
,Store_12049,NORTH,Indore,TN,India,2024-09-30,
S12050,Store_12050,,Bengaluru,RJ,India,2025-11-05,
,Store_12051,NORTH,Indore,,India,2022-10-08,RENOVATION
,Store_12052,CENTRAL,Delhi,,India,2021-08-30,OPEN
S12053,Store_12053,,Chennai,WB,India,2023-11-13,
S12054,Store_12054,NORTH,Jaipur,,,2023-07-07,OPEN
S12055,,SOUTH,Mumbai,,India,2022-10-03,RENOVATION
S12056,,NORTH,Kochi,,India,2025-04-15,CLOSED
S12057,Store_12057,,Kolkata,,India,2023-11-18,RENOVATION
S12058,Store_12058,,Jaipur,WB,,2025-05-01,OPEN
S12059,,EAST,,TN,India,2025-03-04,OPEN
S12060,Store_12060,SOUTH,Hyderabad,,India,,RENOVATION
S12061,,SOUTH,Hyderabad,,India,2025-05-22,OPEN
S12062,,NORTH,Chennai,MP,India,,RENOVATION
S12063,Store_12063,WEST,,,India,2022-08-04,RENOVATION
,,WEST,Indore,TN,India,2022-09-04,RENOVATION
,Store_12065,EAST,Pune,KL,India,2022-04-04,
S12066,Store_12066,CENTRAL,Bengaluru,KL,,,OPEN
S12067,,CENTRAL,Indore,KA,,2026-01-31,CLOSED
S12068,Store_12068,,,DL,India,2024-11-28,RENOVATION
S12069,Store_12069,NORTH,Kolkata,RJ,,,RENOVATION
S12070,Store_12070,,Chennai,MH,India,,CLOSED
S12071,Store_12071,NORTH,Delhi,KL,,,RENOVATION
S12072,Store_12072,EAST,Hyderabad,TN,,2021-07-06,
,Store_12073,CENTRAL,Delhi,WB,India,,OPEN
,Store_12074,,Hyderabad,TS,India,2022-11-28,CLOSED
,Store_12075,NORTH,,KA,India,2024-05-10,OPEN
,Store_12076,WEST,Mumbai,DL,India,,CLOSED
S12077,,CENTRAL,Bengaluru,MP,India,,CLOSED
S12078,Store_12078,SOUTH,,MH,India,2025-03-18,
S12079,Store_12079,SOUTH,,MP,India,2021-12-15,
,Store_12080,SOUTH,Pune,MP,India,,CLOSED
,,CENTRAL,Indore,MH,India,2024-11-20,OPEN
S12082,Store_12082,NORTH,,MP,,2022-10-13,OPEN
,Store_12083,NORTH,Chennai,MH,,2021-07-30,CLOSED
S12084,Store_12084,NORTH,Jaipur,,India,2024-06-09,
S12085,Store_12085,SOUTH,Jaipur,DL,,2022-03-19,
S12086,Store_12086,NORTH,Indore,,India,,CLOSED
S12087,,WEST,Chennai,TS,,2022-08-27,RENOVATION
S12088,,CENTRAL,Chennai,KA,,2024-06-25,OPEN
S12089,Store_12089,,Chennai,RJ,India,,RENOVATION
S12090,Store_12090,WEST,Bengaluru,RJ,,2021-04-24,
,Store_12091,WEST,Hyderabad,KA,India,,RENOVATION
S12092,Store_12092,WEST,Indore,,India,2025-10-31,
S12093,,CENTRAL,Bengaluru,RJ,India,2025-07-20,
S12094,Store_12094,SOUTH,Jaipur,KA,,,CLOSED
,Store_12095,CENTRAL,Jaipur,RJ,India,,OPEN
S12096,Store_12096,,Kolkata,KL,India,2022-07-10,
S12097,Store_12097,EAST,,KA,India,,CLOSED
S12098,Store_12098,SOUTH,Kolkata,,India,2024-03-13,
S12099,Store_12099,,Delhi,TN,India,,RENOVATION
S12100,Store_12100,NORTH,,,India,2025-01-16,RENOVATION
,,WEST,Jaipur,KA,India,2022-03-04,OPEN
,,NORTH,Mumbai,TS,India,2026-01-26,OPEN
S12103,Store_12103,NORTH,Mumbai,KA,,2021-06-15,
,Store_12104,,Jaipur,WB,India,2024-03-26,CLOSED
S12105,Store_12105,,Bengaluru,,India,2023-03-31,CLOSED
S12106,Store_12106,SOUTH,Delhi,TS,India,,
S12107,Store_12107,WEST,,TN,India,,CLOSED
S12108,Store_12108,,Jaipur,DL,India,2025-05-06,
S12109,Store_12109,,Hyderabad,RJ,,2024-02-25,RENOVATION
S12110,Store_12110,CENTRAL,Jaipur,,,2025-12-11,OPEN
S12111,,CENTRAL,Pune,,India,2024-09-29,CLOSED
,Store_12112,SOUTH,Delhi,,India,2022-01-19,CLOSED
S12113,Store_12113,,Jaipur,,India,2022-09-03,CLOSED
S12114,Store_12114,,Pune,MP,India,2022-05-07,
,Store_12115,CENTRAL,Jaipur,,India,2023-02-10,CLOSED
S12116,,CENTRAL,Kochi,,India,2024-06-30,CLOSED
S12117,,WEST,Hyderabad,,India,2022-01-12,RENOVATION
S12118,Store_12118,WEST,Hyderabad,WB,India,,
,Store_12119,EAST,Pune,,India,2025-01-07,RENOVATION
S12120,,CENTRAL,Jaipur,,India,2026-01-27,OPEN
S12121,Store_12121,CENTRAL,,MH,India,2023-12-28,
S12122,Store_12122,,Jaipur,WB,India,2021-02-07,
S12123,Store_12123,SOUTH,Delhi,,,2024-04-21,RENOVATION
,Store_12124,NORTH,Mumbai,MH,,2025-01-21,RENOVATION
S12125,Store_12125,CENTRAL,Indore,,India,,CLOSED
S12126,,NORTH,Hyderabad,KA,India,,CLOSED
S12127,Store_12127,SOUTH,,MH,India,,OPEN
,,EAST,Delhi,MP,India,2025-05-17,CLOSED
,Store_12129,SOUTH,,TN,India,2022-03-14,CLOSED
S12130,,NORTH,Kochi,,India,2021-08-10,OPEN
S12131,,SOUTH,Delhi,,India,2023-05-19,CLOSED
S12132,Store_12132,NORTH,Jaipur,MP,India,,
,Store_12133,CENTRAL,Chennai,KL,,2021-03-20,OPEN
S12134,Store_12134,,Kolkata,TS,India,,CLOSED
S12135,Store_12135,,,MP,India,2021-11-14,RENOVATION
S12136,,CENTRAL,Bengaluru,KA,,2025-03-05,OPEN
S12137,Store_12137,CENTRAL,Mumbai,MH,,,RENOVATION
S12138,Store_12138,,,DL,India,2021-12-30,RENOVATION
S12139,Store_12139,,Bengaluru,,India,2023-08-11,CLOSED
,Store_12140,,Kolkata,RJ,India,2025-10-07,CLOSED
S12141,Store_12141,EAST,Mumbai,DL,India,,
S12142,,WEST,Chennai,,India,2022-07-17,OPEN
S12143,Store_12143,,,MP,India,2025-06-11,RENOVATION
,Store_12144,CENTRAL,Jaipur,,India,2025-04-07,CLOSED
S12145,,CENTRAL,Indore,WB,,2021-02-20,CLOSED
S12146,Store_12146,SOUTH,Pune,MP,,2024-02-03,
S12147,,CENTRAL,Hyderabad,WB,India,,CLOSED
S12148,Store_12148,,Jaipur,TS,,2023-11-24,CLOSED
S12149,Store_12149,NORTH,,DL,India,,CLOSED
,,NORTH,Bengaluru,DL,India,2023-03-25,CLOSED
S12151,Store_12151,,Indore,RJ,India,2022-03-16,
S12152,,NORTH,Jaipur,MH,,2025-09-11,RENOVATION
S12153,Store_12153,,,WB,India,2021-09-12,RENOVATION
,Store_12154,,Pune,MP,India,2021-11-27,OPEN
S12155,,EAST,Hyderabad,DL,,2022-07-07,CLOSED
S12156,Store_12156,SOUTH,Delhi,,India,,RENOVATION
S12157,Store_12157,SOUTH,Mumbai,RJ,,2024-07-03,
S12158,,CENTRAL,Jaipur,MP,India,,CLOSED
,Store_12159,EAST,Kolkata,DL,India,,OPEN
S12160,Store_12160,,Hyderabad,MH,India,2023-11-23,
S12161,Store_12161,NORTH,,KL,India,2022-10-25,
,Store_12162,NORTH,Indore,WB,India,,RENOVATION
S12163,,,Indore,RJ,India,2024-07-10,OPEN
,Store_12164,WEST,Indore,KA,India,2022-11-13,
,Store_12165,,Kochi,WB,India,2022-07-23,CLOSED
S12166,,CENTRAL,Indore,,India,2024-06-05,CLOSED
,Store_12167,WEST,,WB,India,2022-10-11,CLOSED
,Store_12168,CENTRAL,Jaipur,,India,2021-07-03,CLOSED
S12169,Store_12169,CENTRAL,Bengaluru,,,2023-12-26,OPEN
S12170,Store_12170,CENTRAL,Bengaluru,MH,,,OPEN
S12171,Store_12171,,Chennai,,India,2021-05-28,RENOVATION
S12172,Store_12172,EAST,Jaipur,,India,2023-11-14,
,Store_12173,,Kolkata,RJ,India,2024-04-28,CLOSED
S12174,Store_12174,,Bengaluru,KL,,2023-10-12,CLOSED
S12175,Store_12175,EAST,Kochi,MP,India,,
S12176,,NORTH,Chennai,TN,India,2025-07-06,
S12177,Store_12177,CENTRAL,Pune,KA,India,,
S12178,Store_12178,EAST,Jaipur,RJ,,2022-09-23,
S12179,Store_12179,WEST,,,India,2024-05-11,RENOVATION
,Store_12180,SOUTH,Bengaluru,,India,2024-05-09,OPEN
S12181,Store_12181,,Pune,,India,2022-12-13,CLOSED
S12182,,,Hyderabad,MP,India,2024-04-08,OPEN
,Store_12183,WEST,Mumbai,DL,,2021-10-08,RENOVATION
S12184,Store_12184,NORTH,Indore,,India,,OPEN
S12185,Store_12185,WEST,Chennai,,,2023-06-29,OPEN
S12186,Store_12186,SOUTH,Kochi,MH,India,,
,Store_12187,NORTH,Indore,TS,India,,OPEN
,Store_12188,,Jaipur,KA,India,2021-06-21,RENOVATION
S12189,Store_12189,,Chennai,KA,India,,RENOVATION
,Store_12190,EAST,Kolkata,TS,India,2025-04-24,
,Store_12191,,Mumbai,KA,India,2021-08-24,RENOVATION
S12192,Store_12192,,Jaipur,,India,2024-08-07,OPEN
S12193,,SOUTH,Chennai,DL,,2023-01-29,OPEN
S12194,Store_12194,SOUTH,Bengaluru,,,2024-11-17,OPEN
S12195,Store_12195,NORTH,Bengaluru,RJ,,2023-07-06,
,Store_12196,SOUTH,,DL,India,2023-10-17,CLOSED
S12197,,NORTH,,WB,India,2022-10-21,OPEN
S12198,,,Bengaluru,MP,India,2024-12-07,CLOSED
S12199,Store_12199,EAST,Hyderabad,,India,2021-08-17,
S12200,Store_12200,WEST,,KA,,2024-07-19,CLOSED
S12201,Store_12201,WEST,,KA,,2023-12-20,OPEN
S12202,,,Delhi,KL,India,2025-02-13,CLOSED
S12203,Store_12203,EAST,Kochi,,,2021-09-07,RENOVATION
S12204,Store_12204,SOUTH,Kochi,,India,2023-08-29,
S12205,,WEST,Delhi,DL,India,,CLOSED
S12206,,WEST,Indore,KL,India,2022-06-15,
S12207,Store_12207,NORTH,,RJ,,2024-10-03,RENOVATION
,Store_12208,CENTRAL,Bengaluru,KA,,2024-12-10,CLOSED
,Store_12209,CENTRAL,Indore,DL,India,,CLOSED
S12210,Store_12210,,Indore,,India,2024-03-31,CLOSED
S12211,Store_12211,EAST,Chennai,MH,,,CLOSED
S12212,,NORTH,,MH,India,2023-01-11,RENOVATION
,Store_12213,CENTRAL,Mumbai,,India,2025-06-13,OPEN
S12214,Store_12214,,Pune,TS,India,2024-09-07,
,Store_12215,NORTH,,RJ,India,2022-07-31,RENOVATION
S12216,,NORTH,Jaipur,DL,,2023-08-16,RENOVATION
S12217,Store_12217,WEST,,DL,,2022-01-27,OPEN
S12218,Store_12218,EAST,Chennai,,India,2026-01-30,
S12219,Store_12219,,,TS,India,2021-04-22,RENOVATION
S12220,Store_12220,,Indore,,India,2022-04-16,OPEN
S12221,Store_12221,EAST,Indore,TN,India,,
S12222,Store_12222,WEST,,MH,India,2024-10-14,
S12223,,,Pune,RJ,India,2025-12-20,OPEN
,Store_12224,NORTH,,DL,India,2025-05-23,CLOSED
S12225,Store_12225,NORTH,Hyderabad,,,2025-12-03,CLOSED
S12226,Store_12226,,Jaipur,RJ,,2024-10-23,CLOSED
,,NORTH,Delhi,KL,India,2024-10-06,OPEN
S12228,Store_12228,SOUTH,Indore,MP,,,RENOVATION
S12229,Store_12229,,Jaipur,KL,India,2024-03-24,
S12230,Store_12230,,Delhi,,India,2022-03-01,RENOVATION
S12231,,NORTH,,TN,India,2023-10-16,RENOVATION
S12232,Store_12232,EAST,Hyderabad,TS,,2025-10-14,
S12233,,,Kolkata,DL,India,2024-02-17,RENOVATION
,Store_12234,WEST,Indore,,India,2021-07-17,CLOSED
S12235,,SOUTH,Bengaluru,KL,India,2024-12-04,
,Store_12236,EAST,Pune,,India,2021-11-01,CLOSED
S12237,,CENTRAL,Bengaluru,,India,2024-11-07,CLOSED
S12238,Store_12238,NORTH,,,India,2024-03-29,OPEN
S12239,Store_12239,EAST,,MP,India,,OPEN
S12240,Store_12240,SOUTH,Indore,TS,India,,
S12241,,NORTH,Mumbai,DL,India,2025-10-21,
S12242,Store_12242,CENTRAL,Jaipur,KA,,2021-03-29,
S12243,,NORTH,Pune,TN,India,2024-03-31,
S12244,Store_12244,,Bengaluru,KA,,2023-05-09,OPEN
S12245,Store_12245,SOUTH,Bengaluru,,India,2024-11-27,
,Store_12246,SOUTH,Delhi,MH,India,,OPEN
,Store_12247,WEST,Delhi,,India,2022-12-27,RENOVATION
,Store_12248,EAST,Delhi,MH,India,,CLOSED
S12249,,SOUTH,Mumbai,KL,India,,OPEN
S12250,Store_12250,NORTH,Kochi,KA,India,,
S12251,Store_12251,CENTRAL,,MH,India,,OPEN
S12252,Store_12252,,,KA,India,2022-05-08,RENOVATION
,,WEST,Kolkata,DL,India,2022-07-26,OPEN
S12254,Store_12254,SOUTH,,RJ,India,2021-03-25,
S12255,Store_12255,NORTH,,,India,2022-04-11,CLOSED
,Store_12256,WEST,Delhi,WB,India,,CLOSED
S12257,Store_12257,NORTH,Kolkata,RJ,India,,
S12258,,,Pune,KA,India,2024-01-03,CLOSED
,Store_12259,WEST,Mumbai,DL,India,,OPEN
S12260,Store_12260,,,DL,India,2022-11-28,OPEN
S12261,Store_12261,,,MH,India,2023-07-24,CLOSED
S12262,Store_12262,SOUTH,Delhi,DL,,,RENOVATION
,Store_12263,NORTH,Mumbai,TS,India,2022-03-04,
,Store_12264,CENTRAL,Chennai,RJ,India,2025-02-26,
S12265,Store_12265,SOUTH,Mumbai,,India,2025-11-29,
S12266,,CENTRAL,Pune,,India,2022-03-08,CLOSED
S12267,Store_12267,SOUTH,Jaipur,MP,,2022-06-17,
S12268,Store_12268,,Jaipur,,India,2023-09-02,CLOSED
,Store_12269,,Kolkata,KL,India,2024-06-14,RENOVATION
S12270,Store_12270,,Bengaluru,,India,2023-01-05,RENOVATION
S12271,Store_12271,EAST,Jaipur,,India,2021-03-21,
S12272,Store_12272,WEST,,KA,,2025-06-12,RENOVATION
S12273,,CENTRAL,Chennai,,India,2022-01-12,CLOSED
S12274,Store_12274,WEST,,RJ,India,,OPEN
S12275,Store_12275,EAST,Indore,KL,,2025-07-18,
S12276,Store_12276,WEST,Kochi,,,2022-06-06,CLOSED
,Store_12277,CENTRAL,Hyderabad,,India,2022-02-06,RENOVATION
S12278,Store_12278,,Kochi,,India,2023-11-03,CLOSED
S12279,Store_12279,SOUTH,,,India,2023-09-02,RENOVATION
S12280,,,Hyderabad,KA,India,2025-08-08,OPEN
S12281,,SOUTH,,TS,India,2022-07-19,CLOSED
S12282,Store_12282,NORTH,Bengaluru,MH,,,RENOVATION
S12283,,,Pune,MH,India,2023-07-10,OPEN
S12284,Store_12284,NORTH,,,India,2021-08-09,RENOVATION
S12285,,WEST,,WB,India,2025-11-20,RENOVATION
,Store_12286,CENTRAL,Hyderabad,WB,India,,OPEN
S12287,Store_12287,SOUTH,,DL,,2024-12-05,CLOSED
S12288,Store_12288,SOUTH,Kochi,DL,India,,
S12289,Store_12289,NORTH,Indore,KL,India,,
S12290,Store_12290,,Kochi,MP,India,,OPEN
,,NORTH,Hyderabad,DL,India,2022-12-18,RENOVATION
S12292,,NORTH,Indore,RJ,India,,OPEN
,Store_12293,EAST,,RJ,India,2022-10-25,CLOSED
,Store_12294,NORTH,,DL,India,2025-12-27,OPEN
S12295,,SOUTH,Pune,RJ,India,,RENOVATION
S12296,,SOUTH,Hyderabad,WB,India,2023-11-17,
S12297,Store_12297,WEST,Hyderabad,WB,,,RENOVATION
S12298,Store_12298,WEST,,KA,India,2021-04-05,
,Store_12299,EAST,,KL,India,2022-11-04,OPEN
,,CENTRAL,Kolkata,RJ,India,2025-02-23,CLOSED
,,WEST,Bengaluru,TN,India,2025-10-07,CLOSED
,Store_12302,NORTH,,MP,India,2024-06-02,OPEN
S12303,Store_12303,,Mumbai,RJ,India,2021-06-19,
S12304,,SOUTH,Mumbai,,India,2024-09-14,OPEN
S12305,Store_12305,,Kolkata,,India,2021-07-30,RENOVATION
S12306,,EAST,Kochi,MP,India,2022-03-08,
S12307,Store_12307,CENTRAL,Indore,DL,India,,
S12308,Store_12308,,Indore,TN,India,2021-09-14,
S12309,Store_12309,,Bengaluru,MH,India,2021-05-06,
S12310,Store_12310,EAST,,MP,India,,OPEN
S12311,Store_12311,,Indore,,India,2024-09-30,OPEN
S12312,Store_12312,CENTRAL,Kolkata,MH,,,RENOVATION
S12313,Store_12313,,,TS,India,2023-05-23,CLOSED
S12314,Store_12314,,Chennai,KA,India,,CLOSED
S12315,Store_12315,,Chennai,,India,2024-10-03,RENOVATION
S12316,Store_12316,EAST,,TN,,2025-07-15,OPEN
S12317,,EAST,Hyderabad,,India,2022-04-19,RENOVATION
S12318,Store_12318,SOUTH,,DL,,2021-09-07,RENOVATION
,Store_12319,EAST,Delhi,KL,,2024-04-20,CLOSED
S12320,Store_12320,,Chennai,KL,,2022-03-16,OPEN
S12321,,EAST,Jaipur,,India,2022-07-07,RENOVATION
S12322,Store_12322,NORTH,Pune,MP,India,,
,Store_12323,SOUTH,Kochi,KA,,2021-11-13,OPEN
,Store_12324,NORTH,,TS,India,2024-11-08,CLOSED
S12325,Store_12325,CENTRAL,,RJ,India,,RENOVATION
S12326,Store_12326,,Hyderabad,,India,2023-06-08,RENOVATION
S12327,Store_12327,SOUTH,Mumbai,,India,2022-08-30,
S12328,Store_12328,CENTRAL,Jaipur,,India,,RENOVATION
S12329,Store_12329,,Mumbai,TN,,2022-05-20,CLOSED
S12330,Store_12330,SOUTH,Indore,,India,,CLOSED
S12331,Store_12331,CENTRAL,Bengaluru,KL,,,OPEN
,Store_12332,SOUTH,Indore,DL,,2021-05-24,CLOSED
S12333,Store_12333,SOUTH,Pune,,India,,CLOSED
S12334,Store_12334,NORTH,,WB,,2022-01-13,OPEN
S12335,Store_12335,EAST,Kochi,,India,2024-10-29,
S12336,Store_12336,SOUTH,Bengaluru,DL,India,,
,,NORTH,Mumbai,TS,India,2022-04-28,CLOSED
S12338,Store_12338,NORTH,Hyderabad,MP,,2023-12-25,
S12339,,EAST,Mumbai,TN,,2024-10-05,CLOSED
S12340,Store_12340,SOUTH,Delhi,,,2023-05-13,OPEN
S12341,Store_12341,CENTRAL,Mumbai,,India,,CLOSED
,Store_12342,NORTH,,TS,India,2023-09-09,OPEN
,Store_12343,WEST,Bengaluru,,India,2024-10-25,OPEN
S12344,Store_12344,WEST,Delhi,MP,,2023-07-27,
S12345,Store_12345,,Pune,KL,India,,OPEN
S12346,Store_12346,,Delhi,,India,2023-11-29,RENOVATION
S12347,,SOUTH,Kolkata,RJ,India,2023-12-09,
S12348,Store_12348,EAST,Chennai,,,2021-12-10,OPEN
,Store_12349,WEST,,KA,India,2023-05-06,RENOVATION
S12350,Store_12350,,Hyderabad,,India,2022-11-19,CLOSED
S12351,Store_12351,,Chennai,RJ,India,2023-03-29,
S12352,,EAST,Kochi,KA,India,,OPEN
S12353,Store_12353,WEST,,KL,,2022-11-09,RENOVATION
,,EAST,Bengaluru,KA,India,2022-07-08,OPEN
S12355,Store_12355,,Bengaluru,TS,India,,OPEN
S12356,Store_12356,SOUTH,,KL,India,,OPEN
S12357,,EAST,Hyderabad,MP,India,,RENOVATION
S12358,Store_12358,,Jaipur,DL,India,,CLOSED
S12359,Store_12359,SOUTH,,,India,2022-03-02,CLOSED
S12360,,,Kochi,DL,India,2025-04-08,RENOVATION
S12361,,,Kolkata,KL,India,2021-11-14,RENOVATION
,Store_12362,CENTRAL,Delhi,,India,2023-05-12,OPEN
S12363,Store_12363,NORTH,Indore,,India,2024-01-28,
,Store_12364,EAST,Kolkata,KA,India,2025-05-08,
S12365,Store_12365,EAST,,,India,2021-05-24,OPEN
S12366,Store_12366,,Hyderabad,MH,,2021-06-02,CLOSED
S12367,,EAST,Kochi,KL,India,2025-11-09,
S12368,Store_12368,,Chennai,DL,India,2024-10-29,
S12369,,CENTRAL,Bengaluru,,India,2025-01-17,CLOSED
S12370,Store_12370,,Indore,MH,India,2025-07-21,
S12371,Store_12371,CENTRAL,Delhi,TS,,2023-02-27,
S12372,Store_12372,,,WB,India,2024-11-04,RENOVATION
S12373,Store_12373,,,DL,India,2024-09-22,CLOSED
S12374,Store_12374,EAST,Kochi,,,2025-10-06,OPEN
S12375,Store_12375,NORTH,Delhi,,India,,CLOSED
,Store_12376,SOUTH,Hyderabad,MP,India,2023-12-04,
S12377,Store_12377,WEST,Mumbai,KL,,,RENOVATION
S12378,,WEST,Delhi,KA,India,2022-04-12,
S12379,,NORTH,Mumbai,,India,2023-01-07,RENOVATION
S12380,Store_12380,,Bengaluru,KA,,2026-01-28,CLOSED
S12381,Store_12381,,Hyderabad,,India,2021-07-20,CLOSED
S12382,,SOUTH,Jaipur,TN,India,,RENOVATION
S12383,Store_12383,NORTH,,,India,2022-09-06,RENOVATION
S12384,,NORTH,Kochi,WB,,2024-12-22,RENOVATION
S12385,Store_12385,EAST,,MP,India,,CLOSED
S12386,Store_12386,EAST,Jaipur,TS,India,,
S12387,,NORTH,Mumbai,,India,2021-10-15,RENOVATION
S12388,Store_12388,NORTH,,,India,2024-10-13,CLOSED
S12389,,WEST,Chennai,KL,,2024-07-05,OPEN
S12390,Store_12390,EAST,,,India,2021-03-05,CLOSED
,Store_12391,CENTRAL,Chennai,TN,,2024-06-14,OPEN
S12392,Store_12392,,Chennai,TS,,2021-12-24,RENOVATION
S12393,Store_12393,EAST,,MH,India,,RENOVATION
S12394,Store_12394,WEST,,KA,India,,CLOSED
S12395,Store_12395,EAST,,WB,India,2024-09-26,
S12396,Store_12396,WEST,,KA,,2022-10-07,RENOVATION
S12397,,EAST,Mumbai,KL,,2021-11-04,CLOSED
S12398,Store_12398,NORTH,Indore,,India,,CLOSED
S12399,Store_12399,,Pune,,India,2021-09-12,OPEN
S12400,Store_12400,,Delhi,MP,India,,CLOSED
S12401,,,Chennai,DL,India,2024-02-04,CLOSED
S12402,Store_12402,,Hyderabad,WB,India,,RENOVATION
,Store_12403,WEST,Hyderabad,WB,India,2024-10-10,
,Store_12404,WEST,Mumbai,,India,2023-08-07,OPEN
S12405,,NORTH,,KA,India,2023-05-31,RENOVATION
S12406,,NORTH,Jaipur,MH,,2022-12-26,OPEN
S12407,Store_12407,WEST,Bengaluru,,India,,OPEN
S12408,Store_12408,NORTH,Bengaluru,TN,,,RENOVATION
S12409,Store_12409,,,DL,India,2022-08-17,RENOVATION
S12410,,SOUTH,,MP,India,2024-09-03,RENOVATION
,Store_12411,CENTRAL,Bengaluru,RJ,,2024-10-22,OPEN
S12412,,CENTRAL,Kochi,TN,India,,RENOVATION
S12413,Store_12413,WEST,,DL,India,,OPEN
S12414,Store_12414,CENTRAL,Bengaluru,TS,India,,
S12415,Store_12415,SOUTH,,TN,India,2022-05-30,
S12416,,EAST,Mumbai,TN,India,2022-12-10,
,Store_12417,WEST,Indore,TN,India,,RENOVATION
S12418,,WEST,Delhi,,India,2025-10-15,RENOVATION
S12419,Store_12419,CENTRAL,Pune,,,2022-07-21,RENOVATION
S12420,,CENTRAL,Delhi,WB,India,,CLOSED
S12421,,CENTRAL,,TN,India,2023-02-06,OPEN
S12422,Store_12422,,Indore,KA,India,2023-12-27,
,,NORTH,Jaipur,KA,India,2022-08-01,OPEN
S12424,Store_12424,,Chennai,RJ,India,,RENOVATION
S12425,Store_12425,CENTRAL,,KA,India,2024-09-29,
S12426,,WEST,Bengaluru,DL,India,2025-02-10,
S12427,Store_12427,,Indore,TS,India,2025-10-12,
S12428,Store_12428,,Bengaluru,DL,India,2024-01-24,
,Store_12429,,Indore,TS,India,2021-09-23,OPEN
S12430,,NORTH,Kochi,KA,India,2025-02-10,
S12431,,WEST,,RJ,India,2025-11-10,OPEN
S12432,Store_12432,,Kochi,RJ,India,,CLOSED
S12433,Store_12433,,Mumbai,WB,India,,CLOSED
S12434,Store_12434,WEST,Chennai,,,2022-05-07,RENOVATION
S12435,,SOUTH,Hyderabad,TN,India,2022-08-03,
S12436,,CENTRAL,Kochi,KA,India,2022-02-04,
S12437,Store_12437,,Jaipur,,India,2022-05-31,RENOVATION
S12438,Store_12438,WEST,Delhi,,India,2023-09-23,
S12439,Store_12439,,Kochi,TN,India,2025-07-08,
S12440,Store_12440,,Pune,WB,,2023-03-15,RENOVATION
S12441,Store_12441,EAST,Hyderabad,,,2022-01-20,OPEN
S12442,Store_12442,EAST,Indore,MH,,,CLOSED
S12443,Store_12443,EAST,,,India,2021-07-01,RENOVATION
,Store_12444,CENTRAL,Chennai,TN,India,,OPEN
S12445,,CENTRAL,,MH,India,2023-05-05,RENOVATION
,Store_12446,SOUTH,Chennai,MH,India,,OPEN
S12447,Store_12447,EAST,Mumbai,,India,2021-08-23,
S12448,Store_12448,NORTH,Pune,,India,2023-01-04,
S12449,Store_12449,EAST,Indore,MP,India,,
S12450,,CENTRAL,Hyderabad,WB,,2021-04-21,RENOVATION
S12451,Store_12451,NORTH,,DL,,2023-03-18,RENOVATION
S12452,,SOUTH,Bengaluru,MP,India,2023-04-18,
S12453,Store_12453,CENTRAL,Chennai,KL,,2023-06-11,
S12454,Store_12454,WEST,,,India,2024-05-01,OPEN
S12455,Store_12455,CENTRAL,Kolkata,MH,,,CLOSED
S12456,,SOUTH,Jaipur,TS,India,,OPEN
S12457,,WEST,Indore,TS,,2025-11-23,CLOSED
S12458,,SOUTH,Mumbai,KL,,2024-12-05,CLOSED
S12459,,NORTH,Bengaluru,,India,2021-09-02,RENOVATION
S12460,,,Indore,WB,India,2021-07-22,OPEN
S12461,,CENTRAL,Delhi,,India,2022-09-25,CLOSED
,Store_12462,EAST,Bengaluru,MH,,2024-12-07,RENOVATION
S12463,Store_12463,NORTH,Chennai,,India,,OPEN
S12464,Store_12464,NORTH,,WB,India,2025-12-01,
S12465,,EAST,Jaipur,TN,India,2025-06-20,
S12466,Store_12466,WEST,Hyderabad,TN,India,,
,Store_12467,NORTH,,KL,India,2023-08-24,CLOSED
S12468,Store_12468,WEST,Indore,,India,2024-06-08,
S12469,,SOUTH,Pune,KA,India,,OPEN
,,WEST,Kochi,RJ,India,2021-12-22,RENOVATION
S12471,,WEST,Chennai,,India,2025-09-30,RENOVATION
,Store_12472,SOUTH,Pune,MH,India,,CLOSED
,Store_12473,EAST,Chennai,WB,,2025-10-07,CLOSED
,Store_12474,EAST,,MP,India,2023-12-17,RENOVATION
,Store_12475,SOUTH,Bengaluru,,India,2025-04-21,OPEN
S12476,Store_12476,EAST,Bengaluru,WB,,,OPEN
,,WEST,Indore,KA,India,2023-03-21,OPEN
,Store_12478,,Hyderabad,MP,India,2025-01-02,RENOVATION
,,EAST,Indore,TN,India,2025-04-26,OPEN
S12480,Store_12480,SOUTH,Chennai,,India,,OPEN
S12481,Store_12481,,,WB,India,2022-07-07,OPEN
S12482,,CENTRAL,Kolkata,DL,India,,CLOSED
S12483,Store_12483,WEST,Delhi,TN,,,CLOSED
,Store_12484,SOUTH,,TS,India,2023-06-23,OPEN
S12485,Store_12485,SOUTH,,TS,India,,OPEN
S12486,Store_12486,NORTH,,,India,2024-03-16,RENOVATION
S12487,Store_12487,EAST,,TN,India,2022-12-09,
S12488,Store_12488,NORTH,Kochi,,,2024-11-29,CLOSED
S12489,Store_12489,SOUTH,,,India,2025-01-10,OPEN
S12490,Store_12490,,,TN,India,2023-02-03,RENOVATION
S12491,,CENTRAL,Kochi,TN,India,,CLOSED
S12492,,,Delhi,MP,India,2022-11-15,RENOVATION
S12493,,EAST,Chennai,,India,2023-08-08,RENOVATION
,Store_12494,NORTH,Indore,,India,2021-06-23,RENOVATION
S12495,Store_12495,EAST,Delhi,,,2021-10-15,RENOVATION
S12496,Store_12496,NORTH,,KL,India,2023-04-09,
S12497,Store_12497,EAST,Pune,,India,,CLOSED
S12498,,WEST,Chennai,KL,India,2024-02-18,
S12499,Store_12499,NORTH,Kochi,MP,,2024-03-27,
S12500,Store_12500,CENTRAL,Bengaluru,DL,,,CLOSED
S12501,Store_12501,SOUTH,Chennai,,India,2021-05-29,
S12502,Store_12502,CENTRAL,Kolkata,,,2022-12-10,OPEN
,,WEST,Hyderabad,TS,India,2021-05-04,RENOVATION
S12504,Store_12504,CENTRAL,,RJ,India,2022-04-08,
S12505,,CENTRAL,Kolkata,DL,India,,CLOSED
S12506,Store_12506,NORTH,Pune,WB,India,,
S12507,Store_12507,CENTRAL,,TS,,2023-06-03,CLOSED
,,WEST,Delhi,KA,India,2024-12-29,OPEN
,Store_12509,NORTH,Pune,MP,,2023-04-10,RENOVATION
S12510,,EAST,Hyderabad,WB,India,,CLOSED
S12511,,EAST,Kolkata,,India,2025-07-29,CLOSED
S12512,Store_12512,NORTH,Kolkata,,,2025-04-05,CLOSED
S12513,Store_12513,SOUTH,Bengaluru,KL,,2025-05-09,
S12514,Store_12514,SOUTH,Hyderabad,KL,,,RENOVATION
,Store_12515,,Pune,TS,India,2023-12-06,CLOSED
S12516,Store_12516,,Delhi,TN,India,,OPEN
,,SOUTH,Delhi,WB,India,2024-10-01,OPEN
,Store_12518,WEST,,KL,India,2021-06-24,CLOSED
S12519,Store_12519,,,TN,India,2021-11-11,RENOVATION
,Store_12520,CENTRAL,Indore,,India,2022-10-21,RENOVATION
S12521,Store_12521,EAST,Mumbai,,India,,RENOVATION
S12522,,WEST,Hyderabad,WB,India,2021-02-15,
S12523,,,Kolkata,WB,India,2022-11-01,OPEN
S12524,,,Bengaluru,RJ,India,2023-04-03,OPEN
,Store_12525,CENTRAL,Mumbai,WB,,2025-04-19,CLOSED
,Store_12526,EAST,Delhi,WB,India,,OPEN
S12527,Store_12527,,Jaipur,TN,,2021-08-27,RENOVATION
S12528,Store_12528,SOUTH,,MP,,2024-06-26,CLOSED
,Store_12529,CENTRAL,Delhi,MH,,2023-02-01,OPEN
S12530,Store_12530,,Kochi,KA,India,2025-11-28,
,Store_12531,SOUTH,Indore,KA,India,2025-12-29,
S12532,Store_12532,SOUTH,,MH,India,,CLOSED
S12533,Store_12533,SOUTH,,,India,2021-10-07,OPEN
,Store_12534,SOUTH,Delhi,,India,2025-10-12,RENOVATION
S12535,,,Mumbai,MP,India,2021-06-04,RENOVATION
S12536,,,Mumbai,RJ,India,2022-01-18,OPEN
,Store_12537,SOUTH,Kochi,MP,India,2023-07-31,
S12538,,NORTH,Mumbai,DL,,2023-09-18,OPEN
S12539,Store_12539,EAST,Chennai,KL,,2022-02-28,
S12540,Store_12540,NORTH,,KL,,2021-06-27,CLOSED
,Store_12541,EAST,Hyderabad,MP,India,,CLOSED
S12542,,,Kochi,MH,India,2025-07-26,RENOVATION
S12543,Store_12543,CENTRAL,,MH,India,2022-09-03,
S12544,Store_12544,NORTH,Delhi,,India,,RENOVATION
,Store_12545,WEST,Hyderabad,WB,,2024-07-22,CLOSED
S12546,Store_12546,CENTRAL,,DL,,2024-02-19,CLOSED
,Store_12547,SOUTH,Indore,MH,India,,RENOVATION
S12548,,NORTH,Bengaluru,MH,India,2021-09-23,
S12549,Store_12549,WEST,Mumbai,WB,,2022-12-30,
S12550,,WEST,Hyderabad,RJ,India,,CLOSED
S12551,,SOUTH,Kolkata,TS,,2022-10-16,OPEN
S12552,,WEST,,RJ,India,2022-08-01,RENOVATION
S12553,,CENTRAL,Pune,KL,,2025-10-03,RENOVATION
S12554,Store_12554,SOUTH,Kochi,,India,,OPEN
S12555,Store_12555,,Jaipur,KA,India,,RENOVATION
S12556,Store_12556,CENTRAL,,MH,,2024-07-18,OPEN
S12557,Store_12557,,Bengaluru,,India,2023-04-01,CLOSED
,Store_12558,,Kochi,KA,India,2024-11-30,CLOSED
,,EAST,Jaipur,TN,India,2024-06-28,RENOVATION
S12560,Store_12560,,Kochi,KL,,2025-02-25,CLOSED
S12561,Store_12561,EAST,,KA,India,2025-10-09,
S12562,Store_12562,,Chennai,TS,,2022-04-02,RENOVATION
,Store_12563,NORTH,Hyderabad,,India,2022-10-30,RENOVATION
S12564,Store_12564,CENTRAL,Bengaluru,,,2022-06-10,RENOVATION
S12565,Store_12565,SOUTH,,,India,2025-03-28,CLOSED
S12566,Store_12566,,Pune,WB,India,,CLOSED
S12567,,EAST,Kochi,WB,,2023-06-12,RENOVATION
S12568,Store_12568,NORTH,Mumbai,,,2025-12-28,OPEN
S12569,,EAST,Mumbai,WB,,2023-06-02,CLOSED
S12570,,CENTRAL,,TN,India,2023-11-05,OPEN
,Store_12571,CENTRAL,Kochi,WB,India,,CLOSED
S12572,Store_12572,WEST,,TS,,2025-09-27,OPEN
,Store_12573,CENTRAL,Delhi,KL,India,2022-01-04,
S12574,Store_12574,,Pune,TN,,2023-05-30,OPEN
,Store_12575,EAST,Mumbai,,India,2021-02-09,OPEN
S12576,Store_12576,CENTRAL,Delhi,,India,,CLOSED
S12577,Store_12577,,Pune,,India,2024-12-28,RENOVATION
S12578,Store_12578,CENTRAL,Mumbai,WB,India,,
S12579,Store_12579,SOUTH,Chennai,TN,,2022-11-04,
,Store_12580,WEST,,WB,India,2023-05-03,RENOVATION
S12581,,EAST,Mumbai,TS,,2021-03-27,OPEN
S12582,Store_12582,WEST,Mumbai,TN,India,,
S12583,Store_12583,WEST,,TN,,2021-09-08,OPEN
S12584,,NORTH,Indore,,India,2023-07-25,CLOSED
S12585,Store_12585,,Hyderabad,MP,,2024-05-01,CLOSED
S12586,,WEST,,KL,India,2024-02-18,OPEN
S12587,Store_12587,,Hyderabad,,India,2022-08-16,OPEN
,Store_12588,,Jaipur,WB,India,2021-07-25,RENOVATION
S12589,Store_12589,EAST,,,India,2024-07-26,CLOSED
S12590,Store_12590,CENTRAL,,,India,2025-04-06,OPEN
S12591,Store_12591,SOUTH,Bengaluru,,,2023-08-01,RENOVATION
,Store_12592,NORTH,Hyderabad,RJ,India,2021-07-26,
S12593,Store_12593,NORTH,,,India,2021-02-18,OPEN
S12594,Store_12594,NORTH,Hyderabad,,,2023-08-21,OPEN
S12595,Store_12595,CENTRAL,Pune,MH,India,,
S12596,,,Hyderabad,DL,India,2021-03-31,OPEN
S12597,Store_12597,NORTH,,DL,India,,CLOSED
S12598,Store_12598,WEST,,KA,India,2025-12-24,
S12599,,,Kochi,WB,India,2021-06-21,OPEN
S12600,Store_12600,EAST,,,India,2024-02-02,CLOSED
S12601,Store_12601,,Kochi,MP,India,2023-01-10,
S12602,,EAST,Kochi,,India,2023-03-19,OPEN
S12603,Store_12603,NORTH,,KA,India,2024-09-07,
S12604,Store_12604,,Hyderabad,,India,2021-10-20,OPEN
S12605,Store_12605,EAST,Pune,RJ,,2025-09-29,
S12606,,WEST,Bengaluru,DL,India,2025-03-08,
,Store_12607,CENTRAL,Mumbai,,India,2023-09-29,CLOSED
S12608,,CENTRAL,Chennai,,India,2024-10-16,CLOSED
,,NORTH,Kolkata,RJ,India,2025-10-04,CLOSED
S12610,Store_12610,WEST,,,India,2021-12-01,RENOVATION
S12611,Store_12611,,Hyderabad,,India,2024-11-23,CLOSED
S12612,,WEST,Bengaluru,MP,,2022-07-17,RENOVATION
S12613,Store_12613,EAST,,,India,2022-06-23,RENOVATION
S12614,Store_12614,CENTRAL,Mumbai,,India,2024-05-13,
S12615,Store_12615,WEST,Kochi,,India,,CLOSED
S12616,Store_12616,EAST,Kolkata,,India,2025-04-21,
S12617,Store_12617,,Kolkata,WB,India,,RENOVATION
,,SOUTH,Chennai,KA,India,2024-06-06,RENOVATION
,Store_12619,CENTRAL,Mumbai,TN,,2021-11-29,RENOVATION
S12620,Store_12620,NORTH,Jaipur,DL,,,CLOSED
,Store_12621,SOUTH,Hyderabad,RJ,,2021-05-14,OPEN
S12622,,EAST,,MH,India,2025-04-30,CLOSED
,Store_12623,CENTRAL,Mumbai,RJ,India,2024-03-13,
S12624,Store_12624,,Hyderabad,RJ,India,,OPEN
S12625,Store_12625,,Hyderabad,KL,India,2024-07-22,
S12626,,,Delhi,MP,India,2024-06-09,OPEN
S12627,Store_12627,,Chennai,,India,2023-07-29,OPEN
,Store_12628,,Indore,TN,India,2023-02-27,RENOVATION
S12629,,SOUTH,,MP,India,2023-10-09,RENOVATION
,Store_12630,NORTH,Mumbai,DL,,2023-04-10,RENOVATION
,Store_12631,NORTH,Chennai,DL,India,2024-04-24,
S12632,Store_12632,SOUTH,,RJ,India,2021-11-10,
S12633,Store_12633,,Jaipur,KA,,2024-12-30,RENOVATION
S12634,Store_12634,NORTH,,TN,India,2023-06-02,
S12635,Store_12635,NORTH,,,India,2025-01-31,CLOSED
,Store_12636,WEST,Indore,KA,India,,RENOVATION
S12637,,,Kolkata,MP,India,2023-08-17,CLOSED
S12638,Store_12638,,Kolkata,WB,India,,OPEN
,Store_12639,SOUTH,Bengaluru,MH,,2023-12-28,RENOVATION
,Store_12640,,Indore,TS,India,2023-09-30,CLOSED
,Store_12641,,Chennai,MP,India,2025-05-01,RENOVATION
S12642,Store_12642,SOUTH,Indore,,,2021-06-19,OPEN
S12643,Store_12643,NORTH,Mumbai,DL,India,,
S12644,Store_12644,SOUTH,,DL,India,,OPEN
S12645,Store_12645,CENTRAL,Mumbai,TS,,,RENOVATION
,Store_12646,NORTH,,KA,India,2024-12-09,RENOVATION
S12647,,WEST,Chennai,KL,India,,OPEN
,,SOUTH,Bengaluru,RJ,India,2022-08-21,CLOSED
S12649,Store_12649,,Mumbai,,India,2024-04-05,OPEN
S12650,Store_12650,EAST,,MP,India,2024-04-20,
S12651,,CENTRAL,Chennai,KL,India,2025-03-08,
S12652,Store_12652,,Kochi,KA,India,,OPEN
S12653,Store_12653,,Chennai,,India,2023-01-16,CLOSED
S12654,Store_12654,EAST,,,India,2026-01-15,RENOVATION
S12655,Store_12655,EAST,Hyderabad,DL,,2025-02-27,
S12656,Store_12656,,Kolkata,MH,India,2024-08-23,
S12657,,,Pune,TN,India,2025-04-08,OPEN
S12658,Store_12658,NORTH,,,India,2025-01-26,CLOSED
,,CENTRAL,Jaipur,KA,India,2025-07-15,OPEN
S12660,Store_12660,,,KL,India,2021-08-29,OPEN
S12661,Store_12661,NORTH,Bengaluru,DL,,2021-09-15,
S12662,,,Mumbai,RJ,India,2023-03-20,OPEN
S12663,Store_12663,,Pune,RJ,,2024-06-04,RENOVATION
S12664,,WEST,Kochi,TN,,2023-09-28,RENOVATION
S12665,Store_12665,WEST,Chennai,TS,,2024-12-25,
S12666,,SOUTH,Jaipur,,India,2022-04-28,RENOVATION
,Store_12667,SOUTH,Kochi,DL,India,,CLOSED
,Store_12668,NORTH,Kolkata,WB,,2021-11-16,CLOSED
S12669,Store_12669,,Bengaluru,TN,,2025-12-23,CLOSED
S12670,Store_12670,EAST,Pune,WB,,2022-12-12,
S12671,Store_12671,,Chennai,,India,2021-12-05,RENOVATION
S12672,,CENTRAL,Chennai,MH,India,2021-11-23,
S12673,Store_12673,NORTH,Pune,RJ,,2021-05-16,
,Store_12674,,Kochi,MP,India,2025-04-22,OPEN
,Store_12675,EAST,Indore,,India,2024-02-16,OPEN
,Store_12676,SOUTH,Pune,,India,2024-03-03,CLOSED
,Store_12677,SOUTH,Pune,,India,2021-09-27,OPEN
S12678,,SOUTH,Jaipur,KA,India,,RENOVATION
S12679,,,Kochi,KL,India,2023-01-17,OPEN
S12680,Store_12680,,,TS,India,2021-06-13,OPEN
,,NORTH,Mumbai,MH,India,2024-12-31,RENOVATION
S12682,,NORTH,,KA,India,2024-11-15,CLOSED
,Store_12683,,Hyderabad,MH,India,2023-08-09,CLOSED
S12684,Store_12684,,Chennai,DL,India,2025-03-25,
,,WEST,Bengaluru,TS,India,2023-07-11,CLOSED
S12686,,CENTRAL,Kochi,RJ,India,,RENOVATION
S12687,Store_12687,SOUTH,Indore,,,2022-07-05,OPEN
,Store_12688,CENTRAL,Mumbai,,India,2021-11-29,OPEN
,Store_12689,SOUTH,Indore,,India,2023-01-21,CLOSED
S12690,Store_12690,CENTRAL,,TS,,2022-01-30,OPEN
S12691,Store_12691,EAST,,,India,2025-11-08,RENOVATION
S12692,Store_12692,NORTH,,MP,,2021-05-14,RENOVATION
S12693,Store_12693,SOUTH,Hyderabad,,India,2021-04-05,
S12694,Store_12694,WEST,,KL,India,,CLOSED
,Store_12695,CENTRAL,Bengaluru,,India,2025-01-19,CLOSED
,Store_12696,WEST,Chennai,TN,India,,CLOSED
S12697,Store_12697,NORTH,Chennai,MP,,2024-10-23,
S12698,Store_12698,SOUTH,Kochi,,India,,CLOSED
S12699,Store_12699,NORTH,Kochi,,India,,RENOVATION
,Store_12700,WEST,,DL,India,2022-02-02,RENOVATION
,Store_12701,WEST,,KA,India,2022-12-12,CLOSED
S12702,Store_12702,WEST,Hyderabad,,,2023-12-31,RENOVATION
,Store_12703,SOUTH,Indore,DL,India,,RENOVATION
S12704,Store_12704,SOUTH,,DL,India,2024-04-21,
S12705,Store_12705,WEST,Chennai,KL,India,,
S12706,Store_12706,NORTH,Mumbai,KA,,2024-07-28,
S12707,Store_12707,WEST,Hyderabad,,India,,CLOSED
S12708,,NORTH,Pune,WB,,2023-01-02,OPEN
S12709,Store_12709,CENTRAL,,,India,2025-03-22,CLOSED
S12710,,CENTRAL,,MH,India,2021-02-06,RENOVATION
S12711,Store_12711,,Hyderabad,RJ,,2021-05-21,CLOSED
S12712,Store_12712,,Hyderabad,,India,2025-01-20,CLOSED
S12713,Store_12713,,,WB,India,2025-07-02,OPEN
S12714,Store_12714,,Delhi,KL,India,2021-07-22,
,Store_12715,EAST,Mumbai,MP,India,2025-09-10,
S12716,,WEST,Mumbai,KL,,2022-01-21,RENOVATION
S12717,Store_12717,CENTRAL,,DL,India,,CLOSED
S12718,,EAST,Delhi,,India,2025-06-26,RENOVATION
,Store_12719,NORTH,Jaipur,TS,India,2021-07-16,
S12720,,WEST,Hyderabad,RJ,India,2025-11-12,
S12721,,,Kochi,MP,India,2022-01-06,CLOSED
S12722,Store_12722,,Kochi,RJ,,2021-11-17,CLOSED
S12723,,CENTRAL,,MP,India,2025-04-06,CLOSED
S12724,Store_12724,NORTH,,MP,,2022-02-11,OPEN
S12725,Store_12725,,Chennai,DL,,2025-08-26,OPEN
S12726,Store_12726,SOUTH,Hyderabad,,India,,RENOVATION
S12727,,,Mumbai,RJ,India,2025-05-15,RENOVATION
S12728,,EAST,Indore,MP,India,,RENOVATION
S12729,Store_12729,NORTH,Jaipur,DL,,2022-02-17,
,Store_12730,EAST,,KL,India,2025-10-24,CLOSED
,Store_12731,CENTRAL,,RJ,India,2022-10-02,RENOVATION
,,SOUTH,Kolkata,DL,India,2025-03-01,RENOVATION
S12733,,NORTH,Bengaluru,TS,India,2025-06-20,
,Store_12734,WEST,Bengaluru,TN,India,,RENOVATION
,Store_12735,WEST,,MP,India,2021-12-24,OPEN
S12736,Store_12736,,Kochi,TS,India,2022-06-19,
S12737,,,Kolkata,MH,India,2024-03-27,CLOSED
S12738,,NORTH,Pune,KA,India,2022-01-19,
,Store_12739,,Kolkata,MP,India,2021-12-15,RENOVATION
S12740,Store_12740,NORTH,,MH,India,2023-09-21,
S12741,,WEST,Jaipur,KA,,2024-12-03,RENOVATION
S12742,Store_12742,WEST,Bengaluru,,India,,CLOSED
S12743,,CENTRAL,,MH,India,2024-05-26,CLOSED
S12744,,,Chennai,KA,India,2025-08-24,OPEN
,Store_12745,NORTH,Delhi,MP,India,2025-11-11,
S12746,Store_12746,,Chennai,WB,India,,OPEN
S12747,Store_12747,CENTRAL,,WB,India,2023-04-17,
S12748,Store_12748,EAST,Chennai,,India,2021-08-25,
S12749,,CENTRAL,,TN,India,2025-01-24,CLOSED
,Store_12750,NORTH,,MH,India,2021-08-13,RENOVATION
S12751,Store_12751,NORTH,Kochi,,India,,RENOVATION
S12752,,SOUTH,,DL,India,2025-02-08,OPEN
S12753,,NORTH,,MP,India,2021-04-24,OPEN
S12754,Store_12754,CENTRAL,,DL,India,,OPEN
S12755,Store_12755,WEST,,DL,India,2022-01-01,
S12756,Store_12756,,Hyderabad,DL,India,2026-01-16,
,Store_12757,CENTRAL,Pune,TS,,2021-08-07,RENOVATION
S12758,Store_12758,CENTRAL,Hyderabad,,India,2021-12-23,
,Store_12759,NORTH,,TS,India,2023-04-08,CLOSED
S12760,Store_12760,WEST,,TN,,2022-08-18,RENOVATION
S12761,Store_12761,SOUTH,,KA,India,,CLOSED
S12762,Store_12762,SOUTH,Hyderabad,RJ,,,RENOVATION
S12763,Store_12763,WEST,Kolkata,KA,India,,
,Store_12764,EAST,,KL,India,2024-05-06,RENOVATION
S12765,,EAST,Bengaluru,WB,,2024-06-22,OPEN
S12766,Store_12766,NORTH,Hyderabad,DL,India,,
S12767,Store_12767,,Bengaluru,KA,,2023-07-21,OPEN
,Store_12768,WEST,Kochi,RJ,India,2022-07-04,
S12769,Store_12769,SOUTH,Jaipur,KA,,2023-12-13,
S12770,Store_12770,CENTRAL,,TS,,2021-03-03,OPEN
S12771,,CENTRAL,Pune,,India,2025-05-01,OPEN
S12772,Store_12772,EAST,Jaipur,,,2022-09-27,OPEN
S12773,Store_12773,,Hyderabad,DL,,2021-02-13,CLOSED
S12774,,,Pune,MP,India,2022-02-26,OPEN
S12775,Store_12775,CENTRAL,Pune,,India,2024-02-08,
,Store_12776,EAST,Kolkata,KA,,2022-02-01,RENOVATION
S12777,Store_12777,,Bengaluru,TS,India,2024-06-17,
S12778,,,Chennai,RJ,India,2023-02-22,CLOSED
,Store_12779,CENTRAL,Kochi,,India,2024-10-13,OPEN
S12780,Store_12780,SOUTH,,TS,,2025-06-02,CLOSED
S12781,,EAST,Kolkata,KA,India,2023-06-24,
S12782,Store_12782,CENTRAL,Delhi,KL,India,,
,Store_12783,NORTH,Mumbai,DL,India,2024-10-02,
S12784,Store_12784,NORTH,,KA,India,2021-09-13,
,Store_12785,SOUTH,,TS,India,2025-09-27,CLOSED
S12786,Store_12786,,Kochi,WB,India,2021-02-04,
S12787,Store_12787,,Pune,WB,India,,OPEN
S12788,Store_12788,EAST,Kochi,RJ,,2025-09-18,
S12789,Store_12789,,Jaipur,,India,2022-10-07,RENOVATION
S12790,,,Kochi,KL,India,2022-07-07,CLOSED
S12791,,EAST,Kolkata,,India,2025-11-29,CLOSED
S12792,Store_12792,,Kochi,,India,2024-12-18,OPEN
S12793,,NORTH,,WB,India,2025-07-06,OPEN
,Store_12794,SOUTH,Indore,,India,2021-10-13,CLOSED
S12795,Store_12795,,Hyderabad,MH,India,2022-11-03,
S12796,Store_12796,NORTH,,,India,2025-12-19,OPEN
,Store_12797,,Bengaluru,KA,India,2022-09-30,CLOSED
,Store_12798,EAST,,WB,India,2023-06-04,OPEN
S12799,,WEST,Pune,KA,,2021-05-09,OPEN
S12800,Store_12800,CENTRAL,,MH,,2025-11-09,CLOSED
S12801,,NORTH,,WB,India,2025-05-10,RENOVATION
S12802,,CENTRAL,Indore,RJ,India,2022-02-15,
,Store_12803,NORTH,Indore,KA,,2021-11-19,CLOSED
S12804,Store_12804,,Hyderabad,MP,India,,RENOVATION
S12805,Store_12805,,Delhi,MH,India,2023-08-08,
S12806,,CENTRAL,Mumbai,TN,India,,OPEN
S12807,,SOUTH,Kolkata,DL,India,,RENOVATION
S12808,Store_12808,WEST,Jaipur,,,2025-12-04,OPEN
S12809,Store_12809,SOUTH,Kochi,RJ,,2023-04-14,
S12810,Store_12810,CENTRAL,Jaipur,,,2023-05-18,RENOVATION
S12811,Store_12811,NORTH,,RJ,India,2025-06-04,
S12812,Store_12812,SOUTH,,RJ,India,,CLOSED
,Store_12813,EAST,,DL,India,2024-04-28,RENOVATION
S12814,Store_12814,,Mumbai,TN,,2023-12-08,OPEN
S12815,,,Pune,TN,India,2025-02-19,CLOSED
S12816,Store_12816,,Pune,,India,2021-04-16,CLOSED
S12817,Store_12817,CENTRAL,,,India,2025-10-26,RENOVATION
S12818,Store_12818,WEST,,KA,India,2025-06-20,
S12819,Store_12819,CENTRAL,Bengaluru,WB,,,CLOSED
S12820,Store_12820,CENTRAL,,,India,2022-02-09,CLOSED
S12821,,,Chennai,DL,India,2025-11-02,OPEN
S12822,Store_12822,,Kolkata,MP,,2024-10-12,CLOSED
S12823,,NORTH,Hyderabad,,India,2021-02-24,CLOSED
,Store_12824,EAST,Kolkata,WB,India,,CLOSED
S12825,Store_12825,NORTH,Bengaluru,,,2021-04-25,RENOVATION
S12826,,,Chennai,KL,India,2021-08-07,OPEN
S12827,Store_12827,SOUTH,,DL,India,,RENOVATION
,Store_12828,,Hyderabad,WB,India,2021-03-22,OPEN
S12829,,,Kochi,MP,India,2022-08-06,CLOSED
S12830,Store_12830,,Jaipur,DL,,2022-06-04,OPEN
S12831,,WEST,Delhi,WB,India,,CLOSED
S12832,Store_12832,,Pune,MP,India,2022-01-15,
S12833,Store_12833,NORTH,Jaipur,KA,,2025-04-27,
,,EAST,Chennai,MP,India,2022-05-13,OPEN
,Store_12835,NORTH,Bengaluru,MP,India,,RENOVATION
,Store_12836,CENTRAL,Hyderabad,,India,2022-05-21,RENOVATION
S12837,Store_12837,WEST,Bengaluru,,India,,OPEN
S12838,Store_12838,SOUTH,Chennai,,India,2025-07-28,
S12839,Store_12839,CENTRAL,,,India,2025-10-13,RENOVATION
S12840,Store_12840,CENTRAL,Kochi,KL,,2024-11-04,
,,NORTH,Jaipur,TS,India,2024-04-04,OPEN
S12842,Store_12842,SOUTH,Mumbai,,,2024-06-28,OPEN
,Store_12843,WEST,Bengaluru,WB,India,2023-02-17,
S12844,Store_12844,,Indore,,India,2025-09-15,CLOSED
S12845,Store_12845,NORTH,,RJ,,2021-11-25,CLOSED
S12846,Store_12846,SOUTH,,,India,2025-12-31,CLOSED
,Store_12847,WEST,,TN,India,2022-02-20,OPEN
S12848,Store_12848,CENTRAL,,MH,India,,OPEN
S12849,Store_12849,NORTH,Bengaluru,,India,2025-08-20,
,,EAST,Bengaluru,KL,India,2024-08-13,RENOVATION
,Store_12851,,Delhi,TS,India,2024-03-01,CLOSED
S12852,Store_12852,,Bengaluru,DL,India,2025-08-01,
S12853,,NORTH,Hyderabad,TS,India,,RENOVATION
S12854,Store_12854,CENTRAL,,WB,India,,CLOSED
S12855,Store_12855,CENTRAL,Kochi,,India,2024-09-30,
S12856,,WEST,Kolkata,,India,2025-04-28,RENOVATION
S12857,Store_12857,,Hyderabad,TN,,2021-02-18,OPEN
S12858,Store_12858,EAST,,,India,2022-03-09,RENOVATION
S12859,Store_12859,SOUTH,Indore,,,2021-07-28,RENOVATION
S12860,Store_12860,,Delhi,TN,India,,CLOSED
,Store_12861,,Indore,WB,India,2021-03-10,RENOVATION
S12862,Store_12862,NORTH,,,India,2021-04-03,RENOVATION
S12863,Store_12863,,Mumbai,,India,2023-10-22,OPEN
S12864,Store_12864,NORTH,Delhi,,,2022-06-23,RENOVATION
S12865,Store_12865,EAST,,DL,,2025-10-05,OPEN
S12866,Store_12866,,Kochi,MH,,2025-03-20,CLOSED
,Store_12867,SOUTH,,KA,India,2022-12-23,OPEN
S12868,,NORTH,Mumbai,,India,2025-12-30,CLOSED
,Store_12869,WEST,Jaipur,,India,2023-10-31,RENOVATION
S12870,,EAST,Chennai,KA,India,,OPEN
S12871,,WEST,,MP,India,2021-05-15,CLOSED
S12872,Store_12872,,Bengaluru,KL,India,2021-11-15,
S12873,Store_12873,NORTH,Indore,MH,India,,
S12874,Store_12874,WEST,,TN,India,,CLOSED
,Store_12875,WEST,Chennai,TN,,2021-10-03,CLOSED
S12876,Store_12876,WEST,,WB,India,2021-05-11,
S12877,Store_12877,CENTRAL,,,India,2023-02-18,OPEN
S12878,,EAST,Kolkata,,India,2023-03-14,CLOSED
S12879,Store_12879,NORTH,Kolkata,,India,,OPEN
S12880,Store_12880,EAST,Pune,,,2022-02-18,CLOSED
,Store_12881,NORTH,Delhi,KL,India,,CLOSED
S12882,,NORTH,Hyderabad,KA,India,,RENOVATION
,Store_12883,WEST,,MH,India,2026-01-07,CLOSED
S12884,Store_12884,,Indore,DL,,2022-12-17,CLOSED
S12885,,SOUTH,Kochi,WB,India,,CLOSED
,Store_12886,CENTRAL,Kochi,,India,2021-03-03,CLOSED
,Store_12887,CENTRAL,Bengaluru,,India,2023-04-11,OPEN
,Store_12888,NORTH,Indore,MP,India,2025-05-10,
,Store_12889,NORTH,,DL,India,2024-11-18,CLOSED
S12890,,NORTH,Kolkata,,India,2021-08-04,OPEN
S12891,Store_12891,EAST,,KL,India,,OPEN
,Store_12892,,Kochi,DL,India,2023-07-19,OPEN
,Store_12893,SOUTH,Jaipur,TS,India,2022-03-05,
S12894,Store_12894,CENTRAL,Pune,DL,,2023-10-28,
S12895,Store_12895,CENTRAL,Pune,MP,India,,
S12896,,WEST,Mumbai,,India,2025-02-25,OPEN
S12897,Store_12897,WEST,Mumbai,,India,,CLOSED
S12898,Store_12898,WEST,Bengaluru,MH,,,OPEN
S12899,,SOUTH,Hyderabad,KA,,2025-08-30,OPEN
S12900,,SOUTH,Hyderabad,,India,2022-12-12,OPEN
,Store_12901,,Kolkata,MP,India,2021-11-27,RENOVATION
S12902,,WEST,Hyderabad,RJ,,2021-07-10,RENOVATION
S12903,Store_12903,,Chennai,TN,India,,RENOVATION
S12904,Store_12904,CENTRAL,,,India,2021-10-12,CLOSED
S12905,,,Indore,DL,India,2024-02-26,RENOVATION
S12906,Store_12906,,,MP,India,2021-12-27,CLOSED
S12907,Store_12907,WEST,,,India,2022-12-04,OPEN
S12908,,CENTRAL,Mumbai,,India,2024-02-06,OPEN
S12909,,,Delhi,RJ,India,2022-01-05,CLOSED
S12910,Store_12910,SOUTH,Hyderabad,,,2025-04-04,OPEN
,Store_12911,SOUTH,Chennai,,India,2023-10-09,RENOVATION
S12912,Store_12912,NORTH,Hyderabad,,India,2022-01-14,
S12913,,CENTRAL,Delhi,TN,,2024-03-02,OPEN
S12914,Store_12914,,Pune,,India,2025-08-31,CLOSED
S12915,,CENTRAL,,KL,India,2025-04-27,CLOSED
,Store_12916,EAST,,WB,India,2025-09-02,CLOSED
,Store_12917,CENTRAL,Delhi,DL,India,,RENOVATION
,,WEST,Kochi,RJ,India,2024-04-05,OPEN
,Store_12919,EAST,Mumbai,,India,2025-12-18,OPEN
S12920,Store_12920,WEST,Kochi,WB,,2025-02-12,
S12921,Store_12921,,,RJ,India,2025-11-12,RENOVATION
S12922,,,Indore,RJ,India,2025-01-27,RENOVATION
S12923,,SOUTH,Kolkata,TN,India,,CLOSED
S12924,Store_12924,,Kochi,TN,India,2026-01-26,
S12925,Store_12925,CENTRAL,Pune,MP,India,,
,Store_12926,NORTH,Delhi,,India,2022-11-20,OPEN
S12927,Store_12927,EAST,Mumbai,,India,2024-11-22,
,Store_12928,SOUTH,Kochi,RJ,,2025-07-27,RENOVATION
,Store_12929,SOUTH,Hyderabad,TN,,2024-11-25,RENOVATION
S12930,Store_12930,NORTH,Indore,,India,2023-09-16,
S12931,Store_12931,,Jaipur,MH,India,2025-01-12,
,Store_12932,EAST,Indore,DL,India,,OPEN
,Store_12933,EAST,,MP,India,2021-07-26,CLOSED
S12934,Store_12934,SOUTH,,KA,India,2024-06-12,
S12935,Store_12935,CENTRAL,,TS,India,,RENOVATION
S12936,Store_12936,EAST,,KL,,2023-07-07,OPEN
,Store_12937,WEST,Hyderabad,,India,2023-10-04,OPEN
S12938,,,Kochi,TN,India,2024-05-21,OPEN
S12939,,,Chennai,MP,India,2021-12-04,RENOVATION
S12940,Store_12940,,,KA,India,2025-02-04,RENOVATION
,Store_12941,NORTH,,TN,India,2021-12-17,RENOVATION
,Store_12942,SOUTH,,MP,India,2024-02-20,RENOVATION
S12943,Store_12943,,Chennai,WB,India,,CLOSED
S12944,Store_12944,NORTH,Mumbai,DL,,2024-01-24,
,,EAST,Kolkata,DL,India,2025-09-14,CLOSED
S12946,Store_12946,,Kochi,,India,2023-12-30,CLOSED
S12947,Store_12947,CENTRAL,,KL,,2025-09-27,CLOSED
S12948,Store_12948,WEST,,RJ,India,2024-12-01,
,Store_12949,,Delhi,KL,India,2021-05-30,RENOVATION
,Store_12950,NORTH,Kolkata,TN,India,2024-01-28,
S12951,Store_12951,WEST,Hyderabad,TS,,2021-05-25,
,Store_12952,EAST,Hyderabad,,India,2023-03-06,OPEN
S12953,Store_12953,EAST,,,India,2021-09-30,CLOSED
,Store_12954,SOUTH,Bengaluru,,India,2024-11-25,RENOVATION
S12955,Store_12955,WEST,Chennai,,,2023-01-19,RENOVATION
S12956,Store_12956,NORTH,Mumbai,,India,,RENOVATION
S12957,Store_12957,EAST,,MH,India,2024-10-29,
,Store_12958,,Mumbai,DL,India,2022-05-09,OPEN
S12959,Store_12959,SOUTH,,DL,,2021-12-24,OPEN
S12960,Store_12960,CENTRAL,Jaipur,MH,,,RENOVATION
S12961,Store_12961,,Indore,RJ,India,,CLOSED
S12962,Store_12962,,Hyderabad,WB,India,,CLOSED
S12963,Store_12963,EAST,,WB,India,,OPEN
S12964,Store_12964,SOUTH,Indore,DL,India,,
S12965,Store_12965,,,KL,India,2024-04-16,RENOVATION
S12966,Store_12966,,,WB,India,2024-06-10,RENOVATION
S12967,Store_12967,NORTH,,MP,India,,OPEN
S12968,,CENTRAL,,TN,India,2023-01-30,OPEN
S12969,,CENTRAL,Kochi,MP,India,2025-12-05,
S12970,Store_12970,SOUTH,,WB,,2021-03-20,OPEN
S12971,Store_12971,NORTH,Indore,,,2022-05-24,RENOVATION
S12972,,WEST,Chennai,WB,India,2025-03-24,
S12973,Store_12973,,Indore,TN,India,,OPEN
S12974,Store_12974,WEST,Jaipur,MP,,,OPEN
,,CENTRAL,Indore,KA,India,2021-06-15,RENOVATION
S12976,Store_12976,CENTRAL,Jaipur,,,2025-11-24,OPEN
S12977,Store_12977,EAST,,WB,India,2025-11-12,
,Store_12978,NORTH,Indore,MP,,2024-02-15,RENOVATION
S12979,,NORTH,Jaipur,MP,,2021-03-19,CLOSED
S12980,,CENTRAL,,KA,India,2026-01-03,OPEN
,Store_12981,WEST,Chennai,WB,India,,OPEN
,Store_12982,NORTH,Bengaluru,TS,India,,OPEN
,Store_12983,WEST,,MH,India,2023-04-05,CLOSED
S12984,Store_12984,CENTRAL,Bengaluru,,India,,RENOVATION
S12985,Store_12985,SOUTH,Delhi,RJ,,,RENOVATION
S12986,Store_12986,EAST,Pune,,India,2024-03-12,
S12987,Store_12987,,Bengaluru,,India,2024-10-31,OPEN
S12988,Store_12988,,Bengaluru,MH,,2024-01-22,OPEN
S12989,Store_12989,,Chennai,,India,2025-08-07,OPEN
,Store_12990,CENTRAL,Kochi,TN,,2023-10-16,CLOSED
S12991,,SOUTH,Kochi,TS,India,,CLOSED
S12992,Store_12992,SOUTH,,KA,,2021-12-26,CLOSED
S12993,,SOUTH,Kolkata,,India,2024-05-17,OPEN
S12994,Store_12994,CENTRAL,Pune,KL,,2021-07-08,
S12995,Store_12995,WEST,,,India,2023-09-06,OPEN
,Store_12996,SOUTH,Bengaluru,KA,India,2025-05-18,
S12997,Store_12997,EAST,,MH,India,2022-01-08,
S12998,Store_12998,WEST,,KA,India,,CLOSED
S12999,,,Kochi,RJ,India,2025-03-27,RENOVATION
,Store_13000,SOUTH,Kochi,,India,2025-02-19,RENOVATION
S13001,,NORTH,Kolkata,RJ,,2021-04-04,CLOSED
S13002,,NORTH,Pune,,India,2025-02-20,OPEN
S13003,Store_13003,,Indore,,India,2024-07-27,CLOSED
S13004,Store_13004,WEST,,DL,India,,CLOSED
S13005,,,Jaipur,DL,India,2021-08-11,CLOSED
,,SOUTH,Hyderabad,DL,India,2025-10-26,RENOVATION
S13007,,NORTH,,TS,India,2024-11-09,OPEN
S13008,Store_13008,WEST,,MH,India,2023-06-27,
,Store_13009,NORTH,Bengaluru,TN,,2023-05-27,RENOVATION
,Store_13010,CENTRAL,Hyderabad,MP,India,,RENOVATION
S13011,Store_13011,NORTH,,,India,2022-05-31,RENOVATION
S13012,Store_13012,SOUTH,Kolkata,,India,2021-04-15,
,Store_13013,SOUTH,Kolkata,TS,,2024-08-09,OPEN
S13014,Store_13014,,Mumbai,TN,,2025-04-27,OPEN
S13015,Store_13015,NORTH,Bengaluru,,India,,RENOVATION
,Store_13016,NORTH,Pune,,India,2026-01-26,RENOVATION
,Store_13017,WEST,Bengaluru,WB,India,2022-10-20,
S13018,Store_13018,SOUTH,Jaipur,,India,2022-02-14,
S13019,Store_13019,,Pune,DL,India,,RENOVATION
S13020,Store_13020,EAST,,MP,,2021-04-06,RENOVATION
S13021,Store_13021,,Indore,,India,2022-01-01,OPEN
S13022,Store_13022,CENTRAL,Hyderabad,MP,,,RENOVATION
,Store_13023,WEST,Bengaluru,MP,,2024-03-21,CLOSED
,Store_13024,CENTRAL,Chennai,KA,,2024-09-24,CLOSED
S13025,,,Mumbai,MH,India,2021-05-09,RENOVATION
S13026,Store_13026,CENTRAL,,,India,2023-03-07,RENOVATION
S13027,Store_13027,,Pune,KL,India,,OPEN
S13028,,CENTRAL,Chennai,TS,India,,RENOVATION
S13029,Store_13029,EAST,,MH,,2021-11-27,OPEN
,Store_13030,CENTRAL,Kochi,WB,,2025-08-12,OPEN
S13031,Store_13031,NORTH,Pune,,India,2021-12-22,
S13032,Store_13032,,Jaipur,TN,India,,OPEN
S13033,Store_13033,CENTRAL,,,India,2026-01-27,CLOSED
,Store_13034,WEST,Kochi,,India,2021-07-10,RENOVATION
,Store_13035,CENTRAL,Bengaluru,,India,2025-03-11,RENOVATION
,Store_13036,WEST,Kochi,TN,,2024-01-18,RENOVATION
,Store_13037,NORTH,,KA,India,2023-07-09,RENOVATION
S13038,Store_13038,NORTH,,RJ,India,2025-05-08,
,Store_13039,WEST,Hyderabad,RJ,India,2023-06-02,
S13040,Store_13040,,Jaipur,,India,2022-07-19,OPEN
S13041,Store_13041,,Bengaluru,TS,India,2021-05-08,
S13042,Store_13042,EAST,Pune,,India,2023-07-31,
S13043,Store_13043,,Pune,DL,India,,OPEN
S13044,,WEST,Kolkata,TS,India,,RENOVATION
,Store_13045,SOUTH,Indore,DL,India,2025-03-08,
S13046,Store_13046,CENTRAL,,KL,,2021-12-14,CLOSED
S13047,Store_13047,NORTH,,TS,India,,CLOSED
S13048,,SOUTH,Bengaluru,TS,India,,CLOSED
S13049,Store_13049,,Kolkata,MP,,2022-02-14,OPEN
S13050,Store_13050,SOUTH,Indore,,,2023-06-09,RENOVATION
S13051,Store_13051,WEST,Chennai,,India,,RENOVATION
S13052,Store_13052,NORTH,Bengaluru,MH,India,,
S13053,Store_13053,,,RJ,India,2025-09-04,RENOVATION
S13054,Store_13054,,Indore,MP,India,,OPEN
S13055,Store_13055,,Kolkata,,India,2023-12-20,RENOVATION
S13056,,EAST,Delhi,MH,India,2023-07-25,
,,WEST,Jaipur,RJ,India,2025-02-03,CLOSED
S13058,Store_13058,NORTH,Kochi,,India,2021-09-14,
S13059,Store_13059,SOUTH,,KA,,2023-08-22,CLOSED
S13060,Store_13060,NORTH,,WB,India,2021-07-27,
S13061,Store_13061,,Jaipur,MH,India,,CLOSED
S13062,Store_13062,,Mumbai,,India,2026-02-01,RENOVATION
S13063,Store_13063,SOUTH,Kolkata,TN,India,,
S13064,,NORTH,Kolkata,RJ,India,2024-07-18,
S13065,Store_13065,EAST,,TN,India,2025-05-23,
S13066,Store_13066,,Indore,WB,India,,RENOVATION
S13067,,NORTH,,KL,India,2022-11-20,CLOSED
,Store_13068,WEST,Mumbai,WB,India,,OPEN
S13069,,EAST,Hyderabad,WB,,2024-01-26,RENOVATION
S13070,Store_13070,SOUTH,,DL,,2024-06-26,RENOVATION
S13071,,WEST,,KL,India,2022-07-07,OPEN
S13072,Store_13072,NORTH,,,India,2022-10-25,CLOSED
S13073,Store_13073,SOUTH,,KA,India,,OPEN
S13074,Store_13074,,Chennai,KL,,2021-08-05,OPEN
S13075,Store_13075,NORTH,,KL,,2021-06-07,RENOVATION
S13076,,CENTRAL,,KA,India,2025-07-29,OPEN
S13077,Store_13077,SOUTH,,MH,,2023-04-20,RENOVATION
,,WEST,Indore,KL,India,2026-01-30,OPEN
S13079,Store_13079,CENTRAL,Kolkata,,India,,OPEN
S13080,Store_13080,EAST,Indore,,India,,OPEN
S13081,,,Kolkata,RJ,India,2024-04-11,OPEN
S13082,,WEST,,TN,India,2022-04-08,OPEN
S13083,Store_13083,CENTRAL,,,India,2024-07-01,OPEN
S13084,Store_13084,,Kochi,MH,,2021-05-14,CLOSED
S13085,Store_13085,SOUTH,,,India,2022-08-17,OPEN
S13086,Store_13086,SOUTH,,,India,2023-11-01,CLOSED
S13087,Store_13087,EAST,,MH,India,,RENOVATION
,,CENTRAL,Pune,KA,India,2023-01-06,OPEN
,Store_13089,WEST,Hyderabad,MP,India,,RENOVATION
S13090,,,Hyderabad,MH,India,2021-04-28,OPEN
S13091,Store_13091,,Bengaluru,KA,India,,CLOSED
,Store_13092,NORTH,,WB,India,2022-04-13,RENOVATION
S13093,Store_13093,NORTH,,TS,India,2023-07-20,
S13094,Store_13094,WEST,Hyderabad,MH,,2024-09-03,
S13095,Store_13095,,Chennai,MP,India,,OPEN
,Store_13096,NORTH,Indore,WB,,2024-11-20,OPEN
S13097,Store_13097,EAST,,KL,India,,CLOSED
,Store_13098,,Chennai,DL,India,2021-06-26,CLOSED
S13099,Store_13099,,Chennai,TS,India,,RENOVATION
S13100,Store_13100,CENTRAL,,MH,,2024-02-01,CLOSED
S13101,Store_13101,NORTH,,TS,India,2023-12-06,
S13102,Store_13102,,Kochi,WB,India,2024-12-19,
,Store_13103,NORTH,Pune,MP,India,2023-10-16,
S13104,Store_13104,,Pune,,India,2022-02-20,RENOVATION
S13105,Store_13105,,Delhi,MH,India,,CLOSED
S13106,,,Chennai,MH,India,2023-01-09,RENOVATION
S13107,Store_13107,SOUTH,Pune,RJ,India,,
S13108,,WEST,Kolkata,TS,,2023-03-30,RENOVATION
S13109,Store_13109,,,MP,India,2024-08-27,OPEN
S13110,,SOUTH,Jaipur,TS,India,,OPEN
,Store_13111,CENTRAL,Jaipur,TS,,2023-07-09,OPEN
S13112,Store_13112,EAST,Hyderabad,,,2024-01-30,RENOVATION
S13113,,SOUTH,,TN,India,2022-09-21,RENOVATION
,Store_13114,SOUTH,Hyderabad,,India,2023-05-13,CLOSED
S13115,,,Indore,MH,India,2021-10-06,OPEN
S13116,Store_13116,WEST,Delhi,RJ,,,RENOVATION
S13117,Store_13117,WEST,Jaipur,RJ,,,OPEN
,Store_13118,SOUTH,Jaipur,DL,India,2021-08-20,
S13119,Store_13119,,Mumbai,TS,India,,RENOVATION
S13120,Store_13120,EAST,Pune,TS,,,RENOVATION
S13121,Store_13121,NORTH,Chennai,TN,,2022-01-01,
S13122,Store_13122,NORTH,,MP,India,2023-05-31,
,Store_13123,WEST,Chennai,TN,India,2025-01-02,
,Store_13124,NORTH,Kolkata,WB,India,2025-05-14,
S13125,Store_13125,,Kochi,TS,,2023-09-21,CLOSED
S13126,,SOUTH,Chennai,,India,2023-12-30,OPEN
S13127,Store_13127,WEST,,,India,2022-04-12,CLOSED
,,NORTH,Hyderabad,KA,India,2023-04-05,OPEN
,Store_13129,WEST,Bengaluru,TN,India,,CLOSED
,Store_13130,EAST,Mumbai,TS,,2022-11-15,RENOVATION
S13131,Store_13131,WEST,,KL,,2023-08-06,OPEN
S13132,Store_13132,SOUTH,,KL,,2024-05-19,CLOSED
S13133,Store_13133,CENTRAL,Hyderabad,,,2022-06-07,OPEN
S13134,Store_13134,EAST,,RJ,India,2024-05-03,
S13135,Store_13135,SOUTH,,,India,2023-12-24,CLOSED
S13136,,EAST,Bengaluru,,India,2022-06-07,CLOSED
S13137,Store_13137,,Mumbai,KA,India,,CLOSED
S13138,Store_13138,WEST,Delhi,,India,,CLOSED
S13139,,CENTRAL,Kolkata,KL,India,2023-08-22,
S13140,,WEST,Kolkata,KL,,2022-07-15,OPEN
S13141,Store_13141,WEST,Indore,KL,,2022-05-02,
S13142,,,Chennai,KL,India,2026-01-31,OPEN
,Store_13143,WEST,Bengaluru,RJ,India,2022-10-12,
S13144,Store_13144,,Kolkata,MH,,2025-03-04,OPEN
S13145,Store_13145,,Bengaluru,MP,India,2025-02-26,
,,SOUTH,Bengaluru,RJ,India,2021-08-23,RENOVATION
S13147,Store_13147,EAST,,,India,2025-03-18,CLOSED
S13148,Store_13148,,Delhi,DL,,2024-10-02,CLOSED
S13149,,,Delhi,RJ,India,2021-05-11,OPEN
S13150,Store_13150,,Hyderabad,DL,India,2022-10-06,
S13151,,EAST,,KA,India,2022-02-25,RENOVATION
S13152,,EAST,,KA,India,2025-02-28,CLOSED
S13153,,,Jaipur,TN,India,2024-03-08,CLOSED
S13154,Store_13154,SOUTH,Kochi,,,2023-02-07,OPEN
S13155,Store_13155,CENTRAL,Jaipur,RJ,,,CLOSED
,Store_13156,,Bengaluru,RJ,India,2021-07-03,OPEN
S13157,,SOUTH,Hyderabad,,India,2023-12-17,CLOSED
S13158,Store_13158,SOUTH,,MP,,2025-12-20,OPEN
S13159,Store_13159,SOUTH,Pune,,India,2023-03-14,
,Store_13160,,Jaipur,DL,India,2021-06-13,RENOVATION
S13161,Store_13161,CENTRAL,,DL,India,2024-11-29,
,Store_13162,WEST,Pune,TS,India,,OPEN
S13163,Store_13163,,Kolkata,,India,2021-05-08,OPEN
S13164,Store_13164,EAST,Bengaluru,,India,,RENOVATION
S13165,,CENTRAL,Kolkata,,India,2025-10-28,CLOSED
S13166,Store_13166,,Jaipur,KA,India,,OPEN
,Store_13167,CENTRAL,Pune,WB,India,2022-08-27,
S13168,Store_13168,WEST,Pune,MH,,,OPEN
S13169,Store_13169,,Kolkata,,India,2021-10-12,OPEN
S13170,Store_13170,NORTH,,KL,,2021-03-28,CLOSED
S13171,,CENTRAL,Kochi,KA,India,2021-03-04,
S13172,Store_13172,SOUTH,,DL,,2025-09-12,RENOVATION
S13173,Store_13173,,Hyderabad,MH,India,,OPEN
,Store_13174,SOUTH,Pune,RJ,India,2021-04-11,
S13175,,CENTRAL,Jaipur,,India,2023-09-28,CLOSED
S13176,Store_13176,CENTRAL,,,India,2023-02-01,RENOVATION
S13177,Store_13177,NORTH,Pune,TN,,,OPEN
S13178,Store_13178,WEST,,WB,India,,CLOSED
S13179,Store_13179,SOUTH,,,India,2023-10-21,OPEN
S13180,Store_13180,SOUTH,Chennai,,India,,RENOVATION
S13181,Store_13181,WEST,,MH,India,,OPEN
S13182,,CENTRAL,Chennai,RJ,,2021-02-18,RENOVATION
,Store_13183,WEST,Kolkata,,India,2022-01-31,OPEN
,Store_13184,CENTRAL,Kochi,TS,India,,OPEN
S13185,Store_13185,,Kolkata,MH,,2023-02-21,CLOSED
S13186,Store_13186,WEST,Hyderabad,,India,,CLOSED
S13187,Store_13187,WEST,,MH,,2022-07-06,OPEN
S13188,,,Hyderabad,MP,India,2023-10-04,CLOSED
,Store_13189,CENTRAL,Indore,KA,India,2023-09-17,
S13190,,SOUTH,Delhi,,India,2022-08-26,RENOVATION
,Store_13191,CENTRAL,,MH,India,2024-05-25,CLOSED
S13192,Store_13192,,Jaipur,MP,,2024-08-14,OPEN
S13193,Store_13193,WEST,Indore,MH,India,,
S13194,,,Chennai,DL,India,2021-11-19,OPEN
S13195,,,Mumbai,KL,India,2024-04-25,OPEN
S13196,Store_13196,WEST,,TN,,2025-07-31,CLOSED
S13197,,NORTH,,WB,India,2022-02-27,RENOVATION
S13198,Store_13198,,,TS,India,2025-03-01,RENOVATION
S13199,Store_13199,EAST,Pune,,India,,RENOVATION
S13200,,,Jaipur,RJ,India,2023-09-30,OPEN
S13201,Store_13201,NORTH,,RJ,India,,CLOSED
S13202,Store_13202,WEST,Chennai,KL,,2023-10-19,
,,CENTRAL,Pune,TN,India,2021-06-21,CLOSED
S13204,Store_13204,EAST,Hyderabad,TS,,,OPEN
S13205,,NORTH,Kochi,DL,,2021-04-03,CLOSED
,Store_13206,WEST,Pune,,India,2024-08-07,CLOSED
,Store_13207,,Kolkata,KA,India,2024-01-17,RENOVATION
S13208,,WEST,,RJ,India,2024-06-01,OPEN
S13209,Store_13209,NORTH,Pune,KL,,,RENOVATION
S13210,,SOUTH,Indore,WB,India,2024-11-05,
S13211,,CENTRAL,Kolkata,,India,2021-04-10,OPEN
S13212,,EAST,Chennai,TN,,2025-10-20,OPEN
S13213,Store_13213,EAST,,KL,India,,CLOSED
S13214,,NORTH,Pune,,India,2024-08-04,CLOSED
S13215,Store_13215,,Bengaluru,TS,India,2021-11-25,
S13216,Store_13216,,Mumbai,,India,2021-11-08,OPEN
S13217,,NORTH,Delhi,WB,,2024-05-09,CLOSED
S13218,,SOUTH,,KA,India,2025-06-06,OPEN
,Store_13219,WEST,Chennai,WB,,2025-06-10,RENOVATION
S13220,Store_13220,CENTRAL,,TS,India,,RENOVATION
,Store_13221,CENTRAL,Delhi,WB,India,,CLOSED
S13222,,NORTH,Kolkata,KL,India,,CLOSED
S13223,Store_13223,WEST,,DL,,2026-01-29,OPEN
,Store_13224,,Hyderabad,DL,India,2023-07-25,CLOSED
S13225,Store_13225,CENTRAL,,MH,India,,RENOVATION
S13226,Store_13226,,Delhi,TN,,2021-10-20,RENOVATION
S13227,Store_13227,,Kochi,,India,2021-12-25,CLOSED
S13228,Store_13228,,Mumbai,DL,India,2022-07-06,
S13229,Store_13229,EAST,,DL,,2022-01-28,OPEN
S13230,,NORTH,Hyderabad,,India,2025-03-27,OPEN
S13231,Store_13231,,Mumbai,KA,India,2021-11-20,
S13232,Store_13232,,Kochi,TN,India,2023-02-25,
S13233,,WEST,,MP,India,2022-12-24,CLOSED
,Store_13234,NORTH,Kochi,DL,,2025-04-03,OPEN
S13235,Store_13235,WEST,,TS,India,2025-09-27,
S13236,Store_13236,SOUTH,,KL,,2022-02-21,OPEN
S13237,Store_13237,NORTH,Mumbai,MH,,,OPEN
S13238,,,Chennai,MH,India,2023-03-03,OPEN
S13239,Store_13239,,Kochi,TS,India,,CLOSED
,Store_13240,SOUTH,,TS,India,2024-08-16,OPEN
,Store_13241,EAST,Chennai,KA,India,2023-09-27,
S13242,Store_13242,,,TN,India,2025-01-25,OPEN
S13243,,,Chennai,TN,India,2024-03-17,CLOSED
,Store_13244,NORTH,Hyderabad,KL,,2024-06-30,OPEN
S13245,Store_13245,,Jaipur,RJ,India,,CLOSED
,Store_13246,NORTH,Bengaluru,RJ,,2025-02-08,OPEN
S13247,Store_13247,,Bengaluru,KL,,2025-08-08,RENOVATION
,Store_13248,WEST,,RJ,India,2024-07-31,OPEN
S13249,Store_13249,,Pune,TN,India,2025-11-29,
,,CENTRAL,Pune,RJ,India,2025-10-29,CLOSED
S13251,Store_13251,,Kochi,RJ,India,,CLOSED
S13252,Store_13252,,Jaipur,KL,,2023-01-17,RENOVATION
,,EAST,Delhi,KL,India,2025-09-29,OPEN
,Store_13254,SOUTH,Jaipur,KA,India,,CLOSED
S13255,Store_13255,EAST,Jaipur,DL,,,CLOSED
S13256,Store_13256,NORTH,,,India,2022-10-15,CLOSED
S13257,Store_13257,,Indore,MH,,2025-11-03,CLOSED
S13258,Store_13258,,,TS,India,2023-05-05,CLOSED
,Store_13259,EAST,Bengaluru,DL,India,2022-06-18,
S13260,Store_13260,,,KA,India,2025-06-07,CLOSED
S13261,,CENTRAL,Hyderabad,RJ,,2023-02-17,RENOVATION
,Store_13262,,Kochi,TS,India,2022-11-25,RENOVATION
S13263,Store_13263,,Jaipur,,India,2025-12-19,OPEN
,Store_13264,,Mumbai,MP,India,2025-02-27,OPEN
,Store_13265,EAST,Indore,KA,India,2021-12-06,
S13266,,CENTRAL,Indore,TS,India,2022-05-26,
S13267,Store_13267,,Indore,KA,India,2022-02-04,
S13268,Store_13268,SOUTH,Bengaluru,,India,,RENOVATION
,Store_13269,NORTH,,MP,India,2025-03-22,CLOSED
S13270,Store_13270,WEST,,TS,India,2021-10-16,
S13271,,WEST,Chennai,TN,,2023-11-06,RENOVATION
S13272,Store_13272,NORTH,,,India,2022-10-01,RENOVATION
S13273,Store_13273,,Mumbai,KA,,2025-09-20,CLOSED
S13274,,NORTH,,TS,India,2023-04-15,RENOVATION
S13275,Store_13275,CENTRAL,,,India,2024-01-05,RENOVATION
S13276,,NORTH,Kochi,TN,India,,CLOSED
S13277,Store_13277,,Bengaluru,TS,India,2024-09-26,
S13278,,SOUTH,,TN,India,2023-07-17,RENOVATION
S13279,Store_13279,,Kolkata,,India,2024-11-01,OPEN
,Store_13280,NORTH,Bengaluru,DL,,2023-06-22,CLOSED
S13281,Store_13281,,Kolkata,MP,India,2023-03-05,
S13282,,CENTRAL,Delhi,WB,India,,CLOSED
S13283,Store_13283,,Bengaluru,,India,2025-07-18,RENOVATION
S13284,,CENTRAL,,MP,India,2024-08-01,OPEN
S13285,Store_13285,CENTRAL,Kochi,,,2024-10-02,CLOSED
S13286,,NORTH,Jaipur,MH,India,2022-06-11,
S13287,,NORTH,,KA,India,2023-06-08,OPEN
,Store_13288,,Hyderabad,MP,India,2021-12-11,OPEN
S13289,Store_13289,,Mumbai,WB,India,2021-02-25,
S13290,Store_13290,,Jaipur,RJ,,2025-02-08,CLOSED
S13291,Store_13291,CENTRAL,Kochi,,India,,CLOSED
,Store_13292,SOUTH,Mumbai,TN,,2022-08-08,OPEN
S13293,Store_13293,SOUTH,,RJ,India,,CLOSED
S13294,,CENTRAL,Chennai,DL,,2023-03-21,RENOVATION
,Store_13295,EAST,Chennai,RJ,India,2023-10-31,
S13296,Store_13296,NORTH,,MH,,2023-10-08,OPEN
S13297,Store_13297,WEST,,MP,,2023-10-08,RENOVATION
S13298,Store_13298,,,KA,India,2021-04-20,OPEN
,Store_13299,,Mumbai,KA,India,2025-12-10,RENOVATION
,Store_13300,EAST,Pune,DL,India,2025-09-20,
S13301,Store_13301,NORTH,Kolkata,,India,2021-08-29,
S13302,Store_13302,WEST,Jaipur,,India,2021-06-05,
S13303,Store_13303,EAST,Chennai,,India,2022-03-06,
S13304,Store_13304,,Jaipur,TN,India,2024-07-08,
S13305,,SOUTH,Indore,,India,2023-01-06,OPEN
S13306,,EAST,Delhi,,India,2022-10-01,CLOSED
S13307,,EAST,Chennai,KL,India,2024-10-04,
S13308,Store_13308,,Chennai,MH,India,2025-11-07,
S13309,,,Indore,KL,India,2022-06-18,CLOSED
S13310,Store_13310,EAST,,TN,India,,OPEN
S13311,Store_13311,EAST,Delhi,TN,India,,
S13312,,WEST,Jaipur,KL,India,2021-11-21,
S13313,,SOUTH,,TS,India,2023-11-17,RENOVATION
,Store_13314,EAST,Hyderabad,WB,India,,RENOVATION
,Store_13315,SOUTH,Mumbai,TN,India,2025-03-02,
S13316,Store_13316,,Chennai,,India,2025-09-17,CLOSED
,Store_13317,EAST,Jaipur,,India,2022-04-19,RENOVATION
S13318,Store_13318,,Chennai,,India,2021-09-22,OPEN
S13319,Store_13319,EAST,Delhi,,,2025-10-07,CLOSED
S13320,,NORTH,Pune,MH,India,,CLOSED
S13321,,NORTH,,TN,India,2025-11-03,RENOVATION
S13322,Store_13322,,,KL,India,2024-02-21,OPEN
S13323,Store_13323,NORTH,Pune,,India,,OPEN
,,SOUTH,Jaipur,TS,India,2023-06-03,RENOVATION
,Store_13325,EAST,Bengaluru,MH,India,,RENOVATION
S13326,,CENTRAL,Jaipur,TS,India,,CLOSED
S13327,Store_13327,SOUTH,Pune,MH,India,,
S13328,Store_13328,,,WB,India,2024-06-26,OPEN
,Store_13329,NORTH,Indore,TS,India,2023-08-27,
S13330,,WEST,Bengaluru,WB,India,,CLOSED
S13331,,WEST,,WB,India,2025-10-30,CLOSED
S13332,,,Jaipur,MH,India,2022-12-19,OPEN
,Store_13333,SOUTH,Pune,MP,India,2022-03-27,
S13334,Store_13334,,Bengaluru,,India,2025-06-09,RENOVATION
S13335,Store_13335,EAST,,TS,India,2024-10-16,
,Store_13336,EAST,,WB,India,2021-03-19,CLOSED
,,EAST,Indore,DL,India,2022-09-16,RENOVATION
,Store_13338,EAST,Hyderabad,TS,India,2022-01-21,
S13339,,WEST,Mumbai,,India,2022-11-29,CLOSED
,Store_13340,SOUTH,Kolkata,RJ,India,,OPEN
S13341,,WEST,Kolkata,,India,2022-09-06,CLOSED
S13342,,,Bengaluru,TS,India,2026-01-19,OPEN
S13343,Store_13343,NORTH,Pune,,India,,RENOVATION
S13344,Store_13344,,Mumbai,KA,India,2023-06-13,
S13345,Store_13345,,Mumbai,TN,India,2025-11-30,
S13346,,EAST,Jaipur,KL,,2023-12-22,CLOSED
S13347,Store_13347,WEST,Indore,KL,India,,
S13348,,NORTH,Mumbai,,India,2024-12-05,CLOSED
S13349,,NORTH,Indore,MP,,2023-09-27,OPEN
S13350,,NORTH,Hyderabad,,India,2023-02-04,OPEN
S13351,Store_13351,SOUTH,Bengaluru,,,2025-10-08,OPEN
S13352,Store_13352,WEST,,,India,2023-08-15,CLOSED
S13353,,CENTRAL,Indore,WB,,2024-09-30,OPEN
S13354,Store_13354,,Kochi,TS,India,2024-07-18,
S13355,Store_13355,SOUTH,,KL,India,2021-07-18,
S13356,,SOUTH,Chennai,,India,2021-03-05,OPEN
S13357,Store_13357,SOUTH,Delhi,,India,,RENOVATION
S13358,Store_13358,EAST,Kochi,WB,,,RENOVATION
S13359,Store_13359,SOUTH,,MH,India,2022-09-18,
,Store_13360,NORTH,,MH,India,2022-09-01,RENOVATION
S13361,,SOUTH,Hyderabad,TN,India,2021-08-24,
S13362,Store_13362,CENTRAL,Hyderabad,KL,India,,
,,CENTRAL,Bengaluru,DL,India,2021-12-21,RENOVATION
S13364,,,Kolkata,KA,India,2023-01-14,CLOSED
,Store_13365,WEST,,MP,India,2023-07-25,CLOSED
S13366,,CENTRAL,Jaipur,TN,,2025-03-20,OPEN
S13367,,SOUTH,Mumbai,MH,India,2025-10-23,
S13368,,EAST,Kolkata,MH,,2024-05-23,RENOVATION
S13369,Store_13369,,Kolkata,,India,2021-12-04,OPEN
S13370,,,Indore,DL,India,2023-05-07,RENOVATION
,Store_13371,EAST,Kolkata,WB,,2022-05-17,CLOSED
,Store_13372,CENTRAL,Kolkata,TS,,2022-12-31,OPEN
S13373,,SOUTH,Indore,,India,2021-05-20,OPEN
,,CENTRAL,Hyderabad,MH,India,2026-01-28,OPEN
S13375,Store_13375,EAST,,KA,India,,OPEN
S13376,Store_13376,WEST,Pune,TN,,,OPEN
,,CENTRAL,Jaipur,TN,India,2021-06-28,CLOSED
S13378,Store_13378,WEST,,RJ,India,2022-12-09,
S13379,Store_13379,,Delhi,,India,2025-02-06,RENOVATION
,Store_13380,CENTRAL,,TS,India,2022-09-01,OPEN
,Store_13381,SOUTH,Mumbai,MH,India,2023-07-24,
S13382,Store_13382,,Jaipur,MH,,2021-07-22,CLOSED
S13383,,EAST,Hyderabad,MH,India,2021-05-04,
,,CENTRAL,Jaipur,KL,India,2024-02-13,OPEN
S13385,Store_13385,EAST,Hyderabad,RJ,,,OPEN
,Store_13386,NORTH,Mumbai,,India,2021-02-18,OPEN
S13387,Store_13387,,Delhi,RJ,India,,OPEN
S13388,,,Indore,RJ,India,2025-09-07,OPEN
S13389,Store_13389,WEST,,,India,2024-09-18,CLOSED
S13390,Store_13390,,,TS,India,2024-07-04,OPEN
S13391,,WEST,,WB,India,2021-12-09,CLOSED
S13392,,CENTRAL,Kolkata,,India,2024-12-22,RENOVATION
S13393,,SOUTH,Bengaluru,,India,2023-01-01,OPEN
S13394,Store_13394,,Kolkata,KL,India,,CLOSED
S13395,Store_13395,,Kolkata,TS,India,2022-08-02,
S13396,,,Indore,KA,India,2023-03-30,RENOVATION
S13397,Store_13397,SOUTH,Indore,TN,,,RENOVATION
S13398,Store_13398,EAST,Chennai,,,2023-11-09,OPEN
S13399,Store_13399,CENTRAL,Kolkata,TN,,,OPEN
S13400,,WEST,,TS,India,2022-05-21,RENOVATION
S13401,Store_13401,NORTH,Kolkata,,India,2022-09-19,
S13402,Store_13402,,Mumbai,,India,2023-09-23,OPEN
S13403,Store_13403,WEST,Pune,,India,2024-05-10,
S13404,Store_13404,EAST,Chennai,DL,India,,
S13405,,NORTH,Kolkata,TS,India,2022-01-03,
S13406,Store_13406,WEST,Bengaluru,DL,India,,
,Store_13407,,Hyderabad,TN,India,2023-09-20,CLOSED
S13408,Store_13408,SOUTH,Pune,WB,India,,
S13409,,EAST,Hyderabad,MH,,2021-12-09,RENOVATION
S13410,Store_13410,NORTH,,,India,2025-05-10,RENOVATION
,Store_13411,CENTRAL,,WB,India,2024-07-22,OPEN
S13412,Store_13412,,,DL,India,2021-05-16,OPEN
,Store_13413,SOUTH,Indore,KA,,2025-06-22,OPEN
,,WEST,Chennai,MP,India,2024-05-22,OPEN
S13415,Store_13415,EAST,Mumbai,KL,India,,
,,CENTRAL,Delhi,TS,India,2025-05-28,RENOVATION
S13417,,EAST,Bengaluru,DL,India,,RENOVATION
,Store_13418,EAST,Jaipur,TS,India,2024-02-10,
S13419,Store_13419,WEST,,,India,2021-05-27,RENOVATION
,Store_13420,NORTH,Kochi,DL,India,2023-05-05,
S13421,Store_13421,,Bengaluru,RJ,India,,OPEN
S13422,,SOUTH,,RJ,India,2025-10-18,RENOVATION
,Store_13423,NORTH,Chennai,WB,India,2022-10-28,
,Store_13424,SOUTH,Kolkata,TN,India,2022-02-28,
S13425,Store_13425,SOUTH,Indore,WB,,2024-08-01,
,Store_13426,EAST,Delhi,RJ,India,2025-04-02,
,Store_13427,NORTH,Pune,KA,,2024-04-14,RENOVATION
S13428,,CENTRAL,Indore,KL,India,,CLOSED
S13429,Store_13429,NORTH,Jaipur,,India,,CLOSED
S13430,Store_13430,NORTH,Delhi,DL,,2025-06-09,
S13431,Store_13431,CENTRAL,,,India,2021-06-20,RENOVATION
S13432,,WEST,Hyderabad,RJ,,2023-10-23,CLOSED
S13433,,WEST,Kolkata,MP,India,2023-07-15,
S13434,Store_13434,,Pune,TS,,2022-04-29,CLOSED
S13435,,NORTH,Bengaluru,TN,India,,OPEN
,,CENTRAL,Pune,DL,India,2023-03-17,CLOSED
,Store_13437,EAST,Bengaluru,KL,India,,RENOVATION
S13438,Store_13438,CENTRAL,,TS,India,2022-10-24,
S13439,Store_13439,,Jaipur,KL,India,,RENOVATION
S13440,Store_13440,SOUTH,Chennai,KA,India,,
S13441,,SOUTH,Hyderabad,KL,,2023-10-30,OPEN
,Store_13442,EAST,Indore,RJ,India,2021-12-10,
S13443,Store_13443,,Hyderabad,KA,,2025-12-15,OPEN
S13444,,NORTH,Mumbai,KL,India,2021-02-11,
S13445,Store_13445,,,KL,India,2023-07-08,RENOVATION
S13446,Store_13446,EAST,Bengaluru,KA,,,CLOSED
,,CENTRAL,Delhi,TN,India,2022-10-19,OPEN
S13448,Store_13448,EAST,,TN,India,2023-07-24,
S13449,Store_13449,EAST,Jaipur,,,2021-09-28,RENOVATION
,Store_13450,,Pune,KA,India,2021-03-20,OPEN
S13451,,SOUTH,Indore,TN,India,2025-01-23,
,Store_13452,CENTRAL,Hyderabad,TN,,2022-02-26,CLOSED
S13453,Store_13453,,Mumbai,RJ,India,2024-04-06,
S13454,,,Kochi,KL,India,2024-03-11,RENOVATION
S13455,Store_13455,WEST,Chennai,,India,2022-06-06,
S13456,Store_13456,,,TS,India,2025-02-06,CLOSED
S13457,Store_13457,WEST,Hyderabad,,India,2023-10-23,
S13458,Store_13458,SOUTH,Hyderabad,RJ,,2023-12-19,
S13459,Store_13459,NORTH,,,India,2025-08-09,RENOVATION
S13460,Store_13460,WEST,,TN,India,2021-04-03,
S13461,Store_13461,NORTH,Mumbai,TN,,,CLOSED
S13462,,NORTH,Kochi,,India,2024-11-05,CLOSED
S13463,Store_13463,SOUTH,Pune,TN,India,,
S13464,Store_13464,SOUTH,Delhi,KL,India,,
S13465,Store_13465,CENTRAL,,MH,,2022-03-23,OPEN
S13466,Store_13466,WEST,,TN,India,2024-03-18,
S13467,,NORTH,Indore,,India,2022-08-11,RENOVATION
S13468,Store_13468,,Delhi,MP,India,,RENOVATION
,,SOUTH,Kochi,KA,India,2022-05-15,OPEN
S13470,Store_13470,SOUTH,Indore,,India,,CLOSED
S13471,Store_13471,SOUTH,Chennai,,India,,RENOVATION
S13472,Store_13472,NORTH,Kolkata,WB,,2025-03-09,
S13473,,,Hyderabad,DL,India,2025-05-28,CLOSED
S13474,Store_13474,NORTH,,TS,India,2025-06-13,
S13475,,EAST,Pune,MP,India,,CLOSED
S13476,Store_13476,,Chennai,RJ,,2021-02-03,CLOSED
S13477,Store_13477,SOUTH,,,India,2023-10-01,OPEN
S13478,Store_13478,EAST,Kolkata,KA,,,OPEN
S13479,,WEST,Kolkata,,India,2022-07-18,RENOVATION
S13480,Store_13480,,Chennai,TS,India,,RENOVATION
,Store_13481,SOUTH,Hyderabad,WB,India,2026-01-29,
S13482,,NORTH,,TN,India,2023-03-23,CLOSED
,Store_13483,SOUTH,Delhi,MH,India,,OPEN
,Store_13484,WEST,Indore,KA,India,,RENOVATION
S13485,Store_13485,,Kochi,TN,India,2022-08-10,
S13486,,CENTRAL,Delhi,WB,India,,RENOVATION
S13487,,SOUTH,Kolkata,RJ,India,,CLOSED
S13488,Store_13488,CENTRAL,,MP,India,2023-02-11,
S13489,Store_13489,WEST,,DL,,2024-06-25,RENOVATION
S13490,,CENTRAL,Indore,KA,India,,OPEN
S13491,Store_13491,EAST,,DL,India,2021-07-26,
S13492,,SOUTH,Mumbai,TN,,2022-03-26,OPEN
S13493,,WEST,Delhi,TN,India,,OPEN
,Store_13494,NORTH,Kolkata,,India,2022-03-16,RENOVATION
S13495,,NORTH,Chennai,WB,India,2023-03-16,
S13496,Store_13496,SOUTH,Kolkata,,India,2023-08-23,
,Store_13497,NORTH,Jaipur,TS,India,2026-01-15,
,Store_13498,CENTRAL,Bengaluru,WB,India,,CLOSED
S13499,Store_13499,SOUTH,,KA,India,,OPEN
S13500,,WEST,Delhi,,India,2024-12-05,CLOSED
S13501,Store_13501,EAST,Mumbai,TN,,2021-09-20,
S13502,Store_13502,,Delhi,DL,India,2022-08-03,
S13503,Store_13503,EAST,Jaipur,,India,,RENOVATION
S13504,Store_13504,EAST,Bengaluru,,,2023-05-16,CLOSED
S13505,Store_13505,,Hyderabad,,India,2025-04-17,RENOVATION
S13506,Store_13506,,Delhi,,India,2023-04-11,RENOVATION
S13507,Store_13507,,Indore,TN,,2024-08-08,RENOVATION
S13508,Store_13508,CENTRAL,,KL,India,2024-02-29,
,Store_13509,EAST,Indore,,India,2025-05-20,RENOVATION
S13510,Store_13510,,Bengaluru,TN,,2026-01-02,OPEN
S13511,Store_13511,CENTRAL,,KL,,2021-10-14,OPEN
S13512,,EAST,Hyderabad,TN,India,,RENOVATION
S13513,Store_13513,,Kolkata,RJ,,2023-10-29,OPEN
S13514,Store_13514,WEST,Hyderabad,,,2025-10-20,OPEN
S13515,Store_13515,NORTH,,WB,India,,OPEN
S13516,Store_13516,EAST,,,India,2024-11-05,CLOSED
S13517,Store_13517,,Kolkata,DL,,2025-10-28,CLOSED
S13518,Store_13518,,Hyderabad,KA,India,2024-07-19,
S13519,Store_13519,,,KA,India,2023-09-23,OPEN
S13520,Store_13520,EAST,Indore,WB,India,,
S13521,Store_13521,CENTRAL,Jaipur,,India,,RENOVATION
S13522,Store_13522,EAST,,,India,2024-05-31,OPEN
S13523,,EAST,Bengaluru,,India,2024-04-10,CLOSED
S13524,,WEST,Hyderabad,,India,2025-11-30,CLOSED
,Store_13525,CENTRAL,Delhi,,India,2023-11-24,RENOVATION
S13526,Store_13526,,Kochi,,India,2025-05-07,RENOVATION
S13527,Store_13527,,Pune,RJ,India,2022-07-24,
S13528,Store_13528,CENTRAL,,MP,India,,OPEN
S13529,,WEST,Delhi,MH,,2024-10-28,CLOSED
,,CENTRAL,Kolkata,TN,India,2025-09-29,CLOSED
S13531,Store_13531,,Kochi,KA,India,2021-05-09,
,,NORTH,Mumbai,DL,India,2021-07-04,CLOSED
,Store_13533,EAST,Mumbai,WB,India,2022-01-22,
S13534,,,Delhi,KL,India,2023-10-18,RENOVATION
S13535,Store_13535,NORTH,,,India,2021-12-01,RENOVATION
S13536,Store_13536,NORTH,,MP,,2022-08-25,OPEN
S13537,Store_13537,SOUTH,Jaipur,KL,India,,
S13538,,CENTRAL,Jaipur,TN,,2023-04-26,CLOSED
S13539,Store_13539,NORTH,,RJ,,2022-11-02,CLOSED
S13540,Store_13540,EAST,,KA,India,2025-06-17,
,Store_13541,EAST,Delhi,KL,India,,OPEN
,,WEST,Hyderabad,MH,India,2023-09-10,RENOVATION
,Store_13543,SOUTH,Kochi,KA,India,2023-07-06,
,,SOUTH,Mumbai,TN,India,2023-07-13,CLOSED
S13545,Store_13545,EAST,Chennai,KA,India,,
S13546,,EAST,,MP,India,2022-11-12,RENOVATION
S13547,Store_13547,EAST,,DL,India,,OPEN
S13548,,SOUTH,Jaipur,,India,2024-03-04,OPEN
S13549,Store_13549,,Kochi,KA,,2023-02-04,CLOSED
S13550,,EAST,,MP,India,2023-02-27,OPEN
S13551,Store_13551,EAST,Delhi,RJ,India,,
,Store_13552,,Indore,MH,India,2024-08-19,RENOVATION
S13553,,NORTH,Indore,,India,2022-12-19,RENOVATION
S13554,Store_13554,SOUTH,,,India,2025-02-11,RENOVATION
S13555,Store_13555,NORTH,,KL,,2024-03-22,RENOVATION
,Store_13556,,Delhi,TS,India,2021-08-08,CLOSED
,Store_13557,,Kolkata,WB,India,2023-07-26,OPEN
S13558,Store_13558,NORTH,Mumbai,,India,,RENOVATION
S13559,Store_13559,NORTH,,MP,India,2025-04-19,
S13560,Store_13560,,Mumbai,DL,India,,OPEN
,Store_13561,NORTH,,KL,India,2021-02-15,OPEN
,,SOUTH,Kolkata,TS,India,2024-05-19,OPEN
S13563,Store_13563,SOUTH,,KA,India,,RENOVATION
S13564,Store_13564,SOUTH,Delhi,,India,2023-12-20,
,Store_13565,SOUTH,,WB,India,2022-05-20,OPEN
S13566,Store_13566,,Mumbai,TN,India,,CLOSED
,Store_13567,,Indore,TN,India,2025-09-12,RENOVATION
S13568,Store_13568,WEST,Mumbai,,India,2021-02-24,
,Store_13569,,Jaipur,RJ,India,2024-09-29,RENOVATION
S13570,Store_13570,EAST,Mumbai,,India,2024-05-15,
S13571,Store_13571,CENTRAL,,,India,2023-01-31,RENOVATION
S13572,Store_13572,EAST,Kochi,,,2023-08-26,CLOSED
S13573,,EAST,,KL,India,2021-04-05,CLOSED
,Store_13574,NORTH,,KL,India,2023-09-19,RENOVATION
S13575,Store_13575,,Kolkata,TS,India,,OPEN
S13576,Store_13576,EAST,Jaipur,WB,,2022-09-22,
S13577,Store_13577,SOUTH,Pune,,India,2024-12-08,
S13578,Store_13578,SOUTH,,,India,2023-07-12,RENOVATION
S13579,,CENTRAL,Kolkata,TN,India,,CLOSED
S13580,,CENTRAL,,RJ,India,2025-05-07,OPEN
S13581,,NORTH,Kochi,RJ,India,,CLOSED
S13582,Store_13582,SOUTH,Chennai,KL,,2022-05-14,
S13583,Store_13583,SOUTH,Kolkata,DL,,,RENOVATION
S13584,Store_13584,SOUTH,Pune,,,2021-04-22,CLOSED
S13585,Store_13585,SOUTH,Delhi,,India,,OPEN
S13586,,EAST,Indore,WB,,2022-11-15,OPEN
S13587,,NORTH,Bengaluru,TN,,2023-07-11,OPEN
S13588,Store_13588,,Chennai,MP,India,2024-09-30,
S13589,Store_13589,NORTH,,KA,India,2025-04-19,
,Store_13590,WEST,,KA,India,2021-03-24,OPEN
S13591,Store_13591,WEST,Pune,MP,,,CLOSED
S13592,,EAST,Hyderabad,,India,2025-12-12,CLOSED
S13593,Store_13593,EAST,,TS,,2023-04-26,CLOSED
S13594,Store_13594,EAST,Kochi,,India,2024-05-05,
S13595,Store_13595,WEST,Hyderabad,TN,,2022-01-20,
S13596,Store_13596,NORTH,Jaipur,,,2024-08-10,RENOVATION
S13597,Store_13597,SOUTH,Bengaluru,MP,,,OPEN
S13598,Store_13598,CENTRAL,,MP,India,,CLOSED
S13599,Store_13599,,Hyderabad,MH,India,2024-09-08,
,Store_13600,CENTRAL,Kolkata,MP,,2021-08-22,OPEN
S13601,Store_13601,EAST,Hyderabad,KA,India,,
S13602,,EAST,Kochi,KL,,2025-10-13,RENOVATION
S13603,Store_13603,,Indore,MH,India,,CLOSED
,Store_13604,CENTRAL,Kochi,,India,2025-06-08,RENOVATION
,Store_13605,NORTH,Jaipur,DL,India,,CLOSED
,Store_13606,NORTH,,WB,India,2025-01-13,OPEN
,Store_13607,,Chennai,KA,India,2023-11-05,RENOVATION
S13608,,WEST,Kolkata,,India,2021-06-13,RENOVATION
S13609,Store_13609,EAST,Pune,RJ,India,,
S13610,Store_13610,SOUTH,,MP,,2022-06-15,OPEN
,Store_13611,WEST,Hyderabad,MH,,2025-12-25,RENOVATION
S13612,,WEST,Delhi,TS,India,,RENOVATION
,Store_13613,WEST,Chennai,TS,,2023-06-20,OPEN
S13614,Store_13614,,,DL,India,2022-07-29,CLOSED
,Store_13615,WEST,Bengaluru,KA,India,,OPEN
S13616,Store_13616,CENTRAL,Bengaluru,,India,,RENOVATION
S13617,Store_13617,CENTRAL,,TN,India,,CLOSED
S13618,,SOUTH,Indore,MH,India,2024-01-18,
S13619,Store_13619,SOUTH,,,India,2021-02-15,OPEN
S13620,Store_13620,CENTRAL,,,India,2024-05-15,RENOVATION
S13621,,CENTRAL,Indore,RJ,India,2022-03-20,
S13622,,WEST,,TS,India,2022-11-29,OPEN
,Store_13623,WEST,Kolkata,MP,,2021-12-05,OPEN
S13624,,EAST,Bengaluru,TN,,2023-09-06,OPEN
S13625,Store_13625,,Delhi,TS,India,,CLOSED
S13626,,EAST,Jaipur,KA,,2025-10-19,CLOSED
S13627,Store_13627,,Bengaluru,,India,2021-11-26,CLOSED
S13628,Store_13628,SOUTH,Kolkata,MP,,,OPEN
S13629,Store_13629,,Delhi,RJ,,2023-11-23,RENOVATION
,Store_13630,SOUTH,Kolkata,KL,India,2021-09-28,
S13631,Store_13631,NORTH,Delhi,DL,,,OPEN
S13632,,SOUTH,Delhi,DL,,2025-05-25,RENOVATION
S13633,,CENTRAL,,WB,India,2022-01-16,CLOSED
S13634,Store_13634,NORTH,,TN,India,2021-07-09,
S13635,Store_13635,,Mumbai,DL,India,,RENOVATION
,Store_13636,SOUTH,Kolkata,MP,India,2024-07-15,
S13637,Store_13637,EAST,Hyderabad,,India,,OPEN
,Store_13638,NORTH,Indore,DL,India,2023-07-04,
S13639,Store_13639,,,WB,India,2024-05-06,OPEN
S13640,Store_13640,WEST,Chennai,,India,,CLOSED
S13641,Store_13641,EAST,,TS,,2022-08-14,RENOVATION
S13642,,WEST,Jaipur,TS,India,2021-04-19,
S13643,Store_13643,,Jaipur,,India,2023-06-09,OPEN
S13644,Store_13644,,Bengaluru,,India,2021-04-15,CLOSED
S13645,Store_13645,EAST,,TN,,2022-11-05,OPEN
S13646,,NORTH,,DL,India,2023-12-28,RENOVATION
S13647,,NORTH,Pune,MP,,2021-05-25,CLOSED
S13648,Store_13648,EAST,Hyderabad,,,2024-10-22,OPEN
,Store_13649,NORTH,Pune,MH,India,,OPEN
S13650,Store_13650,SOUTH,,DL,,2022-08-31,RENOVATION
,Store_13651,CENTRAL,Pune,WB,,2023-08-08,OPEN
,Store_13652,WEST,Indore,DL,India,,CLOSED
,,EAST,Delhi,RJ,India,2023-02-20,OPEN
S13654,Store_13654,,,KA,India,2023-10-30,OPEN
S13655,Store_13655,,Mumbai,TS,,2021-09-22,RENOVATION
S13656,Store_13656,,,MP,India,2021-03-28,CLOSED
,Store_13657,WEST,Delhi,,India,2022-11-26,CLOSED
,Store_13658,CENTRAL,Hyderabad,WB,India,,CLOSED
S13659,Store_13659,,,TN,India,2023-03-03,CLOSED
,,NORTH,Kochi,TS,India,2025-01-09,OPEN
S13661,Store_13661,WEST,Jaipur,KA,,,CLOSED
,Store_13662,NORTH,,KA,India,2023-07-09,RENOVATION
,,EAST,Chennai,DL,India,2023-07-20,OPEN
,,CENTRAL,Hyderabad,KA,India,2021-11-21,OPEN
S13665,Store_13665,,Indore,KA,India,,RENOVATION
S13666,Store_13666,CENTRAL,Mumbai,,India,,OPEN
S13667,Store_13667,EAST,,MP,India,2022-01-01,
S13668,Store_13668,CENTRAL,,WB,India,2024-05-04,
S13669,Store_13669,,Kolkata,WB,,2023-07-08,OPEN
S13670,Store_13670,,Pune,DL,India,,CLOSED
S13671,Store_13671,WEST,Hyderabad,MH,,,CLOSED
,Store_13672,SOUTH,,RJ,India,2025-10-13,OPEN
S13673,Store_13673,EAST,,RJ,,2024-08-10,RENOVATION
S13674,Store_13674,WEST,Kochi,,India,,RENOVATION
S13675,Store_13675,NORTH,Mumbai,,India,,CLOSED
S13676,,CENTRAL,Hyderabad,MH,India,,CLOSED
S13677,Store_13677,CENTRAL,Kolkata,,,2024-03-04,RENOVATION
,Store_13678,WEST,Mumbai,KA,India,2021-12-26,
S13679,Store_13679,EAST,Kochi,,India,,OPEN
S13680,Store_13680,NORTH,,WB,,2021-10-20,OPEN
S13681,Store_13681,SOUTH,,,India,2022-05-07,CLOSED
S13682,Store_13682,WEST,Indore,,India,2021-06-12,
S13683,Store_13683,EAST,Kolkata,TS,,,RENOVATION
S13684,,WEST,Indore,MP,India,2024-03-30,
S13685,,CENTRAL,Delhi,MP,,2023-11-02,OPEN
S13686,Store_13686,SOUTH,,,India,2025-10-27,OPEN
,Store_13687,WEST,Kolkata,KA,India,,RENOVATION
S13688,Store_13688,SOUTH,Pune,TN,,2024-11-10,
S13689,,,Bengaluru,KL,India,2022-06-28,CLOSED
,Store_13690,SOUTH,Hyderabad,MP,,2024-11-28,OPEN
S13691,Store_13691,CENTRAL,,TS,India,2023-12-12,
S13692,,CENTRAL,Bengaluru,,India,2024-12-30,OPEN
S13693,Store_13693,,Bengaluru,MP,India,,CLOSED
,Store_13694,WEST,Chennai,TN,India,2024-11-28,
S13695,Store_13695,EAST,Pune,KA,India,,
,Store_13696,NORTH,,DL,India,2022-06-30,CLOSED
S13697,Store_13697,,,MP,India,2021-09-11,CLOSED
S13698,,EAST,Mumbai,KL,,2024-06-14,CLOSED
,,CENTRAL,Kolkata,WB,India,2024-01-02,RENOVATION
,Store_13700,CENTRAL,Pune,WB,India,2021-12-04,
S13701,Store_13701,SOUTH,,,India,2025-09-28,CLOSED
,Store_13702,NORTH,Pune,TN,India,2022-12-31,
S13703,Store_13703,,Kochi,,India,2024-11-15,OPEN
S13704,,SOUTH,Bengaluru,TN,,2023-04-02,CLOSED
,Store_13705,CENTRAL,Kochi,WB,India,,CLOSED
,Store_13706,CENTRAL,,TN,India,2024-04-19,CLOSED
S13707,Store_13707,,Bengaluru,WB,,2023-03-04,OPEN
S13708,,NORTH,Indore,,India,2021-12-16,RENOVATION
,Store_13709,NORTH,Pune,WB,India,,OPEN
,Store_13710,WEST,Kolkata,,India,2023-03-06,CLOSED
S13711,Store_13711,NORTH,Pune,TS,India,,
S13712,Store_13712,SOUTH,,,India,2021-03-17,CLOSED
S13713,Store_13713,EAST,,,India,2024-01-18,RENOVATION
S13714,Store_13714,EAST,Kochi,DL,India,,
S13715,Store_13715,CENTRAL,,TN,India,,OPEN
S13716,Store_13716,SOUTH,Hyderabad,KL,,,CLOSED
S13717,Store_13717,,Chennai,MH,India,2023-03-21,
,Store_13718,EAST,Delhi,KA,India,,CLOSED
S13719,,NORTH,Kolkata,KL,,2026-01-24,RENOVATION
S13720,,SOUTH,Bengaluru,WB,India,,CLOSED
S13721,Store_13721,,Hyderabad,TN,India,,OPEN
S13722,Store_13722,EAST,,MH,India,2023-05-03,
S13723,Store_13723,EAST,Indore,,India,,OPEN
S13724,Store_13724,EAST,,MH,,2023-09-18,CLOSED
S13725,Store_13725,EAST,Indore,,India,,OPEN
,,SOUTH,Delhi,WB,India,2022-07-10,RENOVATION
S13727,Store_13727,,Hyderabad,,India,2024-03-21,OPEN
,Store_13728,,Mumbai,TN,India,2024-04-18,OPEN
S13729,Store_13729,NORTH,Chennai,,,2025-06-10,RENOVATION
S13730,Store_13730,EAST,Chennai,,,2024-12-28,OPEN
S13731,Store_13731,,Pune,,India,2024-06-03,CLOSED
S13732,Store_13732,,Jaipur,RJ,India,2023-06-12,
,,WEST,Bengaluru,KA,India,2024-08-14,RENOVATION
S13734,,CENTRAL,Mumbai,DL,,2022-07-01,OPEN
S13735,Store_13735,NORTH,Mumbai,,,2023-03-15,RENOVATION
S13736,,SOUTH,Jaipur,,India,2022-10-02,CLOSED
S13737,Store_13737,NORTH,,RJ,India,2021-09-04,
S13738,Store_13738,SOUTH,Jaipur,,India,2022-01-08,
S13739,,WEST,,MH,India,2023-12-10,CLOSED
S13740,,EAST,Kochi,KA,,2022-10-08,OPEN
S13741,Store_13741,,Mumbai,,India,2024-01-10,OPEN
S13742,Store_13742,CENTRAL,Indore,,India,2025-08-19,
S13743,Store_13743,WEST,Kochi,KL,India,,
,Store_13744,CENTRAL,Hyderabad,MP,,2025-04-15,CLOSED
S13745,Store_13745,,Delhi,RJ,India,2022-02-14,
S13746,Store_13746,WEST,,,India,2021-08-20,CLOSED
S13747,Store_13747,SOUTH,Jaipur,,India,2025-01-12,
S13748,Store_13748,,Pune,KL,India,,RENOVATION
S13749,Store_13749,EAST,,RJ,India,2023-03-01,
S13750,,CENTRAL,Delhi,TN,,2024-08-16,CLOSED
,Store_13751,EAST,Pune,KL,India,2021-03-10,
S13752,Store_13752,WEST,Indore,RJ,,,RENOVATION
S13753,Store_13753,SOUTH,Jaipur,,,2025-06-11,OPEN
S13754,Store_13754,CENTRAL,Chennai,MH,India,,
,Store_13755,CENTRAL,,RJ,India,2024-04-07,RENOVATION
S13756,Store_13756,WEST,,DL,,2025-09-10,OPEN
,Store_13757,,Kochi,KL,India,2024-07-11,OPEN
,Store_13758,EAST,Delhi,MP,India,,RENOVATION
S13759,Store_13759,NORTH,Pune,,India,2023-09-28,
S13760,Store_13760,CENTRAL,Jaipur,,India,2025-10-13,
,Store_13761,NORTH,Bengaluru,MP,India,,RENOVATION
S13762,Store_13762,CENTRAL,,,India,2021-11-08,CLOSED
,Store_13763,WEST,,KL,India,2021-11-29,RENOVATION
S13764,Store_13764,,Hyderabad,DL,India,2024-06-13,
S13765,,SOUTH,Chennai,MP,India,,CLOSED
S13766,,EAST,,WB,India,2021-12-05,CLOSED
S13767,,,Delhi,MP,India,2022-02-21,CLOSED
,Store_13768,CENTRAL,Delhi,,India,2023-03-21,OPEN
S13769,Store_13769,,Mumbai,TS,India,,CLOSED
S13770,Store_13770,EAST,,WB,India,,RENOVATION
S13771,Store_13771,EAST,Bengaluru,,India,,CLOSED
S13772,Store_13772,WEST,Jaipur,TN,,2022-01-23,
S13773,Store_13773,,,TN,India,2025-02-18,CLOSED
,Store_13774,,Pune,TN,India,2023-04-04,CLOSED
S13775,Store_13775,WEST,Kochi,,,2024-12-25,OPEN
S13776,Store_13776,CENTRAL,Hyderabad,,,2021-10-08,OPEN
S13777,Store_13777,NORTH,Mumbai,,India,,CLOSED
,Store_13778,,Jaipur,TS,India,2024-09-29,RENOVATION
S13779,Store_13779,CENTRAL,Chennai,RJ,,,RENOVATION
S13780,Store_13780,,Bengaluru,TN,,2022-11-23,RENOVATION
S13781,Store_13781,WEST,Indore,,,2022-02-04,CLOSED
S13782,Store_13782,,Mumbai,,India,2022-02-28,CLOSED
S13783,,SOUTH,,DL,India,2025-02-17,OPEN
S13784,Store_13784,CENTRAL,,,India,2025-06-24,CLOSED
S13785,Store_13785,CENTRAL,Mumbai,,,2021-11-28,OPEN
,Store_13786,,Chennai,KA,India,2023-02-21,OPEN
S13787,Store_13787,CENTRAL,,KA,India,2022-05-25,
S13788,,EAST,Kolkata,TS,India,2021-05-20,
S13789,,CENTRAL,Mumbai,KA,India,2021-12-23,
S13790,Store_13790,SOUTH,,TN,India,2021-09-13,
S13791,Store_13791,WEST,,KA,India,,OPEN
,Store_13792,EAST,Kochi,TN,India,,RENOVATION
,,WEST,Jaipur,TS,India,2024-10-25,RENOVATION
S13794,Store_13794,,Jaipur,DL,,2021-07-13,RENOVATION
,Store_13795,NORTH,,KA,India,2023-09-24,CLOSED
,Store_13796,CENTRAL,Chennai,,India,2022-05-20,RENOVATION
S13797,,,Jaipur,MH,India,2022-11-14,OPEN
,Store_13798,WEST,,TN,India,2021-02-11,OPEN
S13799,Store_13799,,Chennai,KL,,2022-07-25,CLOSED
S13800,Store_13800,EAST,,WB,India,,RENOVATION
S13801,Store_13801,EAST,Mumbai,KA,,2021-04-23,
S13802,,WEST,Delhi,,India,2022-07-01,CLOSED
S13803,Store_13803,WEST,,MH,India,,OPEN
S13804,,WEST,Delhi,DL,India,,OPEN
S13805,,NORTH,Indore,MH,,2023-02-09,RENOVATION
S13806,Store_13806,CENTRAL,Kolkata,,,2025-11-28,CLOSED
S13807,Store_13807,SOUTH,Indore,,India,,RENOVATION
S13808,,,Indore,MP,India,2021-11-21,OPEN
,Store_13809,,Chennai,MP,India,2024-06-14,RENOVATION
,Store_13810,NORTH,,MH,India,2021-07-24,OPEN
S13811,Store_13811,CENTRAL,,KA,India,,CLOSED
S13812,,EAST,Jaipur,RJ,India,,RENOVATION
,Store_13813,SOUTH,Kolkata,KA,India,,OPEN
S13814,Store_13814,WEST,Jaipur,MP,India,,
S13815,Store_13815,WEST,Pune,RJ,India,,
S13816,Store_13816,EAST,Mumbai,DL,,,CLOSED
S13817,,CENTRAL,Kochi,WB,India,,OPEN
S13818,Store_13818,SOUTH,,DL,,2025-08-02,OPEN
S13819,Store_13819,SOUTH,,TS,,2025-12-09,OPEN
S13820,Store_13820,CENTRAL,,,India,2022-01-24,OPEN
S13821,Store_13821,,Delhi,MH,India,2022-02-12,
S13822,Store_13822,SOUTH,Mumbai,,India,2025-08-12,
S13823,Store_13823,EAST,Jaipur,RJ,,2022-06-10,
S13824,Store_13824,,Jaipur,KA,,2021-12-21,CLOSED
S13825,Store_13825,SOUTH,,MP,India,2021-04-19,
S13826,,WEST,Jaipur,,India,2025-10-07,CLOSED
,Store_13827,NORTH,Mumbai,KA,India,,RENOVATION
S13828,,SOUTH,Kolkata,,India,2023-02-02,OPEN
,Store_13829,SOUTH,Jaipur,,India,2025-12-04,CLOSED
S13830,Store_13830,SOUTH,,KL,India,2022-09-29,
S13831,Store_13831,,Kochi,KA,,2024-11-26,OPEN
S13832,,,Jaipur,KL,India,2023-12-24,CLOSED
,,EAST,Kochi,MP,India,2025-05-25,OPEN
S13834,,EAST,Mumbai,,India,2024-05-31,CLOSED
,Store_13835,CENTRAL,Mumbai,MP,,2025-03-09,RENOVATION
S13836,Store_13836,SOUTH,Chennai,,,2022-08-13,RENOVATION
S13837,,WEST,Jaipur,,India,2022-05-09,RENOVATION
S13838,Store_13838,CENTRAL,Bengaluru,,,2022-02-04,OPEN
,Store_13839,EAST,Delhi,RJ,India,2022-05-28,
S13840,Store_13840,,Jaipur,MP,,2025-02-22,CLOSED
,Store_13841,NORTH,Kochi,MP,India,2024-06-17,
S13842,Store_13842,EAST,,KA,India,,OPEN
S13843,Store_13843,SOUTH,,MP,India,,OPEN
,Store_13844,WEST,Mumbai,KA,India,,CLOSED
S13845,,,Delhi,KL,India,2021-07-10,OPEN
S13846,,WEST,Mumbai,MH,India,,OPEN
,Store_13847,SOUTH,,TS,India,2022-05-19,OPEN
S13848,Store_13848,,Kochi,,India,2022-03-06,OPEN
S13849,Store_13849,SOUTH,Kolkata,MP,,2025-08-03,
,Store_13850,NORTH,Kolkata,MH,India,2023-10-31,
,Store_13851,NORTH,Kochi,,India,2025-04-14,RENOVATION
S13852,Store_13852,WEST,Kolkata,,,2025-06-14,RENOVATION
S13853,Store_13853,,Mumbai,,India,2022-09-24,OPEN
S13854,,NORTH,Bengaluru,,India,2021-11-21,RENOVATION
S13855,Store_13855,CENTRAL,,,India,2023-02-02,CLOSED
S13856,Store_13856,NORTH,,DL,India,2023-08-31,
S13857,,CENTRAL,Chennai,,India,2021-12-07,CLOSED
,Store_13858,EAST,Chennai,MP,India,2022-01-06,
S13859,Store_13859,SOUTH,,,India,2024-06-06,CLOSED
S13860,Store_13860,EAST,Bengaluru,KA,,,OPEN
S13861,Store_13861,,Indore,RJ,India,2023-03-19,
,Store_13862,,Indore,MP,India,2024-10-02,OPEN
S13863,Store_13863,,Chennai,,India,2025-12-12,CLOSED
S13864,,WEST,,TS,India,2022-07-29,CLOSED
S13865,Store_13865,SOUTH,Bengaluru,,India,2022-04-15,
S13866,,SOUTH,Hyderabad,RJ,,2022-11-22,OPEN
S13867,Store_13867,NORTH,,MH,,2021-04-17,CLOSED
S13868,Store_13868,CENTRAL,,,India,2021-06-17,RENOVATION
S13869,Store_13869,NORTH,Jaipur,MP,,2025-12-30,
S13870,,CENTRAL,Mumbai,DL,,2022-06-29,CLOSED
S13871,,CENTRAL,Bengaluru,DL,,2023-08-03,RENOVATION
,Store_13872,WEST,Kolkata,,India,2025-12-26,RENOVATION
S13873,Store_13873,EAST,Chennai,,India,2024-09-11,
S13874,Store_13874,,,KA,India,2021-10-14,OPEN
S13875,Store_13875,,Kochi,MH,,2021-12-23,OPEN
S13876,Store_13876,SOUTH,,DL,India,,RENOVATION
S13877,Store_13877,,Mumbai,DL,India,,RENOVATION
S13878,Store_13878,EAST,,,India,2024-12-19,OPEN
S13879,,SOUTH,,MH,India,2025-06-04,RENOVATION
S13880,Store_13880,CENTRAL,Delhi,MH,,2025-12-04,
S13881,,EAST,,RJ,India,2023-11-29,CLOSED
S13882,,WEST,Kochi,,India,2025-03-28,OPEN
S13883,Store_13883,CENTRAL,,KA,India,2021-04-09,
S13884,Store_13884,NORTH,Pune,RJ,,,CLOSED
,Store_13885,NORTH,Kolkata,MP,India,,CLOSED
S13886,Store_13886,,Jaipur,TN,India,2022-01-29,
S13887,Store_13887,,,TN,India,2025-11-19,CLOSED
S13888,Store_13888,SOUTH,,MP,India,2023-11-12,
S13889,,SOUTH,Delhi,KL,India,,RENOVATION
S13890,Store_13890,EAST,,WB,India,,OPEN
S13891,Store_13891,WEST,Jaipur,RJ,India,,
S13892,,WEST,Chennai,MH,India,,CLOSED
S13893,Store_13893,CENTRAL,Mumbai,WB,,,RENOVATION
S13894,Store_13894,EAST,Chennai,,India,2021-07-07,
S13895,Store_13895,WEST,Delhi,,,2021-12-01,RENOVATION
,,NORTH,Hyderabad,RJ,India,2024-03-28,RENOVATION
S13897,Store_13897,EAST,Hyderabad,DL,,,OPEN
S13898,Store_13898,EAST,Mumbai,,,2022-04-20,OPEN
,Store_13899,CENTRAL,,MH,India,2021-05-03,RENOVATION
S13900,Store_13900,,Bengaluru,WB,,2022-03-24,CLOSED
S13901,Store_13901,,Delhi,TN,,2024-11-29,CLOSED
S13902,,,Pune,WB,India,2023-11-07,OPEN
S13903,Store_13903,,Delhi,,India,2024-07-26,OPEN
,,NORTH,Indore,KL,India,2021-12-12,CLOSED
,Store_13905,WEST,Kochi,TS,India,2023-08-15,
,Store_13906,NORTH,Indore,DL,India,2024-09-15,
,Store_13907,EAST,Kolkata,,India,2024-05-18,CLOSED
S13908,Store_13908,NORTH,,DL,,2022-10-26,OPEN
S13909,,CENTRAL,Chennai,,India,2025-06-05,RENOVATION
,Store_13910,SOUTH,Hyderabad,MH,India,,OPEN
S13911,Store_13911,,Indore,MH,India,2025-08-16,
S13912,Store_13912,NORTH,Kolkata,,India,2024-10-24,
S13913,Store_13913,NORTH,Jaipur,,India,,CLOSED
,Store_13914,,Mumbai,MH,India,2022-03-02,RENOVATION
S13915,Store_13915,EAST,Kochi,,India,,OPEN
S13916,Store_13916,WEST,,KA,,2023-02-11,RENOVATION
,Store_13917,CENTRAL,Bengaluru,,India,2022-04-30,RENOVATION
S13918,Store_13918,WEST,Kolkata,,,2021-06-29,CLOSED
,Store_13919,CENTRAL,Kochi,,India,2024-03-14,CLOSED
,Store_13920,,Chennai,TN,India,2025-07-05,OPEN
S13921,Store_13921,SOUTH,,MH,India,2024-05-24,
,Store_13922,NORTH,Mumbai,,India,2024-06-22,RENOVATION
S13923,,SOUTH,Kolkata,,India,2025-09-26,OPEN
S13924,Store_13924,NORTH,,MP,India,,CLOSED
,Store_13925,NORTH,Delhi,KL,India,,RENOVATION
,Store_13926,SOUTH,Chennai,MP,India,,RENOVATION
S13927,Store_13927,EAST,Mumbai,,,2021-09-02,OPEN
S13928,Store_13928,,Mumbai,RJ,India,2025-06-19,
S13929,,SOUTH,Hyderabad,TS,India,,OPEN
S13930,Store_13930,WEST,Hyderabad,MH,India,,
S13931,,,Delhi,DL,India,2025-09-10,CLOSED
S13932,Store_13932,EAST,,KL,,2024-05-04,CLOSED
,,EAST,Pune,KA,India,2021-09-12,OPEN
S13934,Store_13934,,Jaipur,WB,India,2024-08-08,
S13935,,WEST,Pune,TN,,2023-06-25,RENOVATION
S13936,Store_13936,EAST,Kolkata,,India,,CLOSED
S13937,,SOUTH,Pune,KL,India,2023-03-21,
S13938,Store_13938,CENTRAL,Pune,,,2023-12-03,CLOSED
S13939,Store_13939,NORTH,,,India,2023-12-24,OPEN
,,EAST,Indore,DL,India,2023-06-20,CLOSED
,Store_13941,EAST,,KA,India,2025-12-29,RENOVATION
S13942,Store_13942,,Chennai,,India,2023-02-18,RENOVATION
,Store_13943,,Hyderabad,WB,India,2025-07-31,RENOVATION
S13944,Store_13944,,Bengaluru,KA,,2021-09-20,RENOVATION
S13945,,WEST,,MP,India,2024-09-18,CLOSED
S13946,Store_13946,CENTRAL,Kochi,DL,,2025-05-03,
S13947,Store_13947,,Chennai,MP,,2025-07-19,OPEN
S13948,Store_13948,NORTH,Mumbai,,India,2021-03-02,
S13949,,CENTRAL,Kochi,,India,2024-01-09,CLOSED
S13950,Store_13950,CENTRAL,Mumbai,,India,2022-07-05,
S13951,Store_13951,CENTRAL,Indore,KL,,,CLOSED
,Store_13952,,Jaipur,TN,India,2024-05-04,OPEN
S13953,Store_13953,WEST,Jaipur,TN,,,CLOSED
S13954,,WEST,Kochi,MH,India,,OPEN
S13955,Store_13955,,Jaipur,MH,,2023-11-18,CLOSED
S13956,,EAST,Chennai,TS,India,,RENOVATION
S13957,Store_13957,,Mumbai,TN,India,2023-10-09,
,Store_13958,SOUTH,Kochi,MP,India,,OPEN
S13959,Store_13959,WEST,,TS,,2024-02-13,CLOSED
S13960,Store_13960,CENTRAL,,MH,India,2023-02-20,
S13961,Store_13961,SOUTH,Jaipur,RJ,,2021-05-08,
S13962,Store_13962,SOUTH,Kochi,,India,,OPEN
S13963,Store_13963,CENTRAL,Jaipur,,India,2021-10-04,
S13964,Store_13964,,Kochi,KL,India,2021-04-01,
,Store_13965,WEST,Jaipur,DL,India,2021-02-20,
S13966,,WEST,,MP,India,2022-04-23,OPEN
S13967,Store_13967,CENTRAL,Chennai,RJ,India,,
S13968,,WEST,Delhi,TN,,2025-10-13,RENOVATION
S13969,Store_13969,,Mumbai,DL,,2021-04-11,CLOSED
S13970,,SOUTH,Indore,WB,India,2021-04-27,
,Store_13971,CENTRAL,Mumbai,KL,,2021-12-22,OPEN
S13972,Store_13972,,Delhi,KL,,2023-12-05,RENOVATION
,Store_13973,NORTH,,RJ,India,2022-08-07,RENOVATION
,Store_13974,SOUTH,Pune,RJ,,2025-01-22,RENOVATION
S13975,Store_13975,EAST,Hyderabad,,India,,OPEN
,Store_13976,NORTH,Kochi,,India,2023-08-22,OPEN
S13977,Store_13977,EAST,Indore,,India,2021-08-16,
,Store_13978,EAST,,KA,India,2023-08-16,RENOVATION
S13979,Store_13979,CENTRAL,,RJ,,2025-04-19,CLOSED
S13980,Store_13980,SOUTH,Jaipur,,,2021-06-26,OPEN
S13981,Store_13981,,Kochi,MP,India,,OPEN
,,WEST,Mumbai,DL,India,2025-12-16,OPEN
,,CENTRAL,Kochi,WB,India,2022-08-31,RENOVATION
S13984,,CENTRAL,Kochi,MH,,2024-03-12,RENOVATION
S13985,,,Chennai,MP,India,2025-02-14,OPEN
S13986,,EAST,Mumbai,MH,India,,OPEN
,Store_13987,WEST,Indore,MH,,2022-01-27,CLOSED
S13988,Store_13988,EAST,Chennai,,India,2021-12-21,
S13989,Store_13989,WEST,Jaipur,KL,India,,
S13990,Store_13990,,,TS,India,2021-10-31,OPEN
S13991,Store_13991,CENTRAL,Indore,RJ,,2021-02-04,
S13992,,NORTH,Jaipur,TS,India,,OPEN
S13993,Store_13993,WEST,Pune,RJ,India,,
S13994,Store_13994,CENTRAL,Kolkata,,India,2022-05-24,
S13995,,EAST,Delhi,TN,India,,RENOVATION
,Store_13996,CENTRAL,Kochi,TN,,2025-05-24,RENOVATION
S13997,Store_13997,WEST,,MP,India,2025-07-06,
S13998,Store_13998,SOUTH,Bengaluru,TS,,,RENOVATION
,,SOUTH,Kochi,MH,India,2022-12-18,RENOVATION
S14000,Store_14000,,,TN,India,2024-04-14,OPEN
S14001,Store_14001,SOUTH,,RJ,India,2022-10-28,
S14002,,SOUTH,Hyderabad,MP,India,,OPEN
,Store_14003,WEST,Jaipur,,India,2025-11-05,RENOVATION
,Store_14004,NORTH,Bengaluru,WB,,2021-06-10,CLOSED
S14005,Store_14005,EAST,Mumbai,,,2021-07-30,OPEN
S14006,Store_14006,,Pune,,India,2025-09-18,OPEN
,Store_14007,CENTRAL,,MH,India,2025-09-29,RENOVATION
S14008,Store_14008,SOUTH,Jaipur,RJ,,,OPEN
,Store_14009,EAST,Mumbai,KL,,2021-12-22,OPEN
,Store_14010,WEST,Mumbai,DL,,2024-06-09,CLOSED
S14011,Store_14011,WEST,,,India,2023-12-16,OPEN
S14012,Store_14012,CENTRAL,Chennai,TN,,,OPEN
S14013,Store_14013,SOUTH,Mumbai,MP,,,OPEN
S14014,,CENTRAL,Bengaluru,TS,India,2024-01-20,
S14015,Store_14015,NORTH,,,India,2022-07-17,CLOSED
S14016,Store_14016,CENTRAL,Mumbai,,India,,RENOVATION
S14017,Store_14017,,Chennai,TS,,2021-05-24,OPEN
S14018,Store_14018,NORTH,,,India,2022-08-21,CLOSED
S14019,Store_14019,NORTH,Jaipur,KL,India,,
S14020,Store_14020,WEST,Kolkata,RJ,,,CLOSED
S14021,,EAST,,MP,India,2023-03-07,CLOSED
,Store_14022,WEST,Jaipur,,India,2022-02-06,RENOVATION
,Store_14023,,Chennai,TN,India,2023-08-07,RENOVATION
,Store_14024,CENTRAL,Kochi,,India,2021-08-08,CLOSED
S14025,,SOUTH,Kolkata,WB,India,2022-01-26,
S14026,Store_14026,SOUTH,Chennai,,India,2025-07-08,
,,WEST,Pune,KA,India,2022-08-11,OPEN
S14028,Store_14028,,Kolkata,RJ,India,2025-08-28,
S14029,Store_14029,EAST,Hyderabad,RJ,,,CLOSED
S14030,,EAST,Kolkata,RJ,India,2023-10-31,
S14031,Store_14031,CENTRAL,Chennai,TN,,2022-04-04,
,Store_14032,WEST,Mumbai,KA,,2022-12-25,RENOVATION
S14033,Store_14033,CENTRAL,Kochi,,India,,OPEN
S14034,Store_14034,CENTRAL,,MH,India,2022-02-06,
S14035,,CENTRAL,Mumbai,KL,,2023-02-01,RENOVATION
S14036,Store_14036,EAST,,WB,,2022-11-13,RENOVATION
S14037,Store_14037,,Pune,MH,India,,OPEN
S14038,,NORTH,,KL,India,2022-09-30,RENOVATION
S14039,Store_14039,WEST,,,India,2022-05-14,RENOVATION
S14040,Store_14040,EAST,Chennai,,India,2024-04-09,
,Store_14041,WEST,,RJ,India,2021-02-27,OPEN
S14042,Store_14042,WEST,,DL,India,2021-12-24,
S14043,,WEST,Kolkata,MH,India,2025-08-12,
S14044,Store_14044,NORTH,,TN,India,,OPEN
S14045,,CENTRAL,Pune,MH,,2023-02-19,RENOVATION
S14046,Store_14046,CENTRAL,,,India,2025-06-13,CLOSED
S14047,Store_14047,WEST,Chennai,RJ,,2023-02-11,
,Store_14048,WEST,,KL,India,2023-07-12,OPEN
S14049,Store_14049,,,DL,India,2022-01-10,OPEN
S14050,Store_14050,SOUTH,,RJ,India,,CLOSED
S14051,,,Jaipur,RJ,India,2022-09-06,CLOSED
S14052,Store_14052,EAST,Mumbai,,,2025-09-26,CLOSED
S14053,,CENTRAL,Bengaluru,,India,2021-02-11,CLOSED
S14054,Store_14054,EAST,Kolkata,MH,,,RENOVATION
S14055,Store_14055,WEST,Jaipur,MH,,,CLOSED
S14056,,WEST,,TN,India,2022-03-11,RENOVATION
S14057,,SOUTH,,MH,India,2024-09-04,OPEN
S14058,Store_14058,,Bengaluru,MP,India,,OPEN
S14059,Store_14059,CENTRAL,Hyderabad,,India,,RENOVATION
,Store_14060,NORTH,Indore,TN,,2025-05-28,OPEN
,Store_14061,WEST,Hyderabad,RJ,India,,OPEN
S14062,,WEST,Kolkata,TN,,2022-05-21,CLOSED
S14063,Store_14063,,Jaipur,,India,2022-04-30,CLOSED
S14064,Store_14064,,,WB,India,2023-02-03,RENOVATION
S14065,,EAST,Bengaluru,,India,2022-02-18,RENOVATION
,Store_14066,EAST,,WB,India,2025-10-17,CLOSED
S14067,Store_14067,,Kolkata,DL,India,,RENOVATION
S14068,,CENTRAL,,RJ,India,2022-05-16,OPEN
S14069,,EAST,Delhi,DL,India,2021-08-07,
,Store_14070,,Bengaluru,TN,India,2023-01-15,RENOVATION
,Store_14071,SOUTH,Delhi,,India,2023-06-01,OPEN
S14072,,SOUTH,Kochi,MH,,2023-11-26,RENOVATION
S14073,Store_14073,SOUTH,,KL,India,,OPEN
S14074,Store_14074,CENTRAL,Indore,MH,,,RENOVATION
S14075,Store_14075,SOUTH,,,India,2022-02-09,RENOVATION
,Store_14076,WEST,Jaipur,MP,India,2022-07-19,
S14077,,CENTRAL,Pune,WB,India,,OPEN
S14078,Store_14078,,Pune,RJ,,2021-08-02,RENOVATION
S14079,Store_14079,,Bengaluru,TS,,2024-03-26,CLOSED
S14080,Store_14080,NORTH,,,India,2024-09-01,OPEN
S14081,Store_14081,NORTH,Kolkata,DL,India,,
,Store_14082,WEST,,KA,India,2025-12-04,CLOSED
S14083,Store_14083,,Mumbai,KL,India,,CLOSED
S14084,Store_14084,,Mumbai,RJ,India,,OPEN
,Store_14085,NORTH,Mumbai,KA,,2021-07-22,RENOVATION
S14086,Store_14086,NORTH,,MP,India,2021-06-12,
S14087,Store_14087,,,WB,India,2021-04-19,CLOSED
S14088,Store_14088,WEST,,WB,,2021-12-06,OPEN
S14089,Store_14089,EAST,,WB,,2021-12-27,RENOVATION
,,SOUTH,Delhi,MH,India,2022-06-13,RENOVATION
S14091,Store_14091,SOUTH,Pune,,,2023-05-14,RENOVATION
S14092,Store_14092,,Kolkata,TS,,2021-11-17,RENOVATION
,Store_14093,CENTRAL,Bengaluru,MH,India,,OPEN
S14094,Store_14094,NORTH,Pune,TN,,2024-06-09,
S14095,Store_14095,SOUTH,Bengaluru,MH,India,,
S14096,Store_14096,SOUTH,,KA,India,,RENOVATION
,Store_14097,,Mumbai,KA,India,2023-12-07,CLOSED
S14098,,WEST,Indore,,India,2021-10-09,CLOSED
S14099,Store_14099,WEST,Mumbai,KL,,2025-08-09,
S14100,,EAST,Hyderabad,RJ,,2024-01-23,OPEN
S14101,Store_14101,EAST,Chennai,TS,,2021-10-08,
,Store_14102,EAST,Indore,TN,India,,OPEN
S14103,,WEST,,DL,India,2023-02-17,OPEN
S14104,Store_14104,,,KA,India,2022-04-17,OPEN
,Store_14105,SOUTH,Indore,WB,India,,OPEN
,Store_14106,WEST,,TS,India,2022-09-18,CLOSED
S14107,Store_14107,CENTRAL,,TS,India,2025-07-06,
S14108,Store_14108,CENTRAL,Mumbai,TS,,2025-12-23,
S14109,Store_14109,,Kolkata,KA,,2021-09-26,CLOSED
S14110,Store_14110,SOUTH,Kochi,MH,India,,
S14111,Store_14111,,Indore,MP,India,,CLOSED
S14112,,WEST,Hyderabad,TS,India,2024-05-20,
S14113,Store_14113,SOUTH,,RJ,India,,OPEN
S14114,Store_14114,SOUTH,Mumbai,,India,,OPEN
S14115,Store_14115,NORTH,,KA,India,,CLOSED
S14116,Store_14116,NORTH,,TN,India,,RENOVATION
S14117,Store_14117,CENTRAL,Kochi,RJ,India,,
S14118,,EAST,Kolkata,TN,India,2025-07-19,
S14119,Store_14119,,Jaipur,KA,India,,CLOSED
,Store_14120,SOUTH,Kochi,,India,2021-08-18,OPEN
S14121,,CENTRAL,Indore,MH,,2026-01-21,CLOSED
S14122,Store_14122,,Hyderabad,RJ,,2022-04-10,CLOSED
,Store_14123,CENTRAL,Kolkata,RJ,India,,CLOSED
S14124,Store_14124,NORTH,,MP,India,2023-04-11,
S14125,Store_14125,EAST,,,India,2023-05-01,OPEN
,Store_14126,WEST,Mumbai,MH,India,,RENOVATION
S14127,,NORTH,Delhi,,India,2021-12-31,OPEN
S14128,,WEST,Indore,RJ,India,,RENOVATION
S14129,,EAST,Chennai,TS,,2023-06-23,OPEN
S14130,Store_14130,,Bengaluru,RJ,,2023-02-04,CLOSED
S14131,Store_14131,,Kolkata,MH,India,2024-10-24,
S14132,,NORTH,Kolkata,WB,India,,OPEN
S14133,Store_14133,EAST,Bengaluru,,India,,RENOVATION
S14134,,WEST,,TS,India,2023-02-22,CLOSED
,Store_14135,SOUTH,Hyderabad,,India,2025-10-21,OPEN
S14136,Store_14136,,Kochi,KA,India,2021-10-03,
S14137,Store_14137,CENTRAL,,,India,2024-10-04,CLOSED
S14138,Store_14138,SOUTH,Indore,KL,India,,
S14139,Store_14139,,Jaipur,KL,India,,OPEN
,Store_14140,WEST,Pune,TN,,2021-06-12,OPEN
S14141,Store_14141,WEST,Kochi,,India,2023-11-30,
,Store_14142,EAST,,WB,India,2022-01-19,RENOVATION
S14143,Store_14143,NORTH,Hyderabad,,,2022-03-24,OPEN
S14144,Store_14144,,Bengaluru,KL,India,2023-05-29,
S14145,,NORTH,Pune,,India,2025-11-10,OPEN
,Store_14146,CENTRAL,Pune,,India,2023-01-20,OPEN
S14147,Store_14147,,Mumbai,,India,2025-09-08,RENOVATION
,Store_14148,SOUTH,Mumbai,TN,India,,CLOSED
S14149,Store_14149,WEST,,DL,India,,OPEN
S14150,Store_14150,WEST,Kochi,MP,India,,
S14151,Store_14151,WEST,Hyderabad,,India,2022-06-24,
S14152,,EAST,,DL,India,2023-11-01,CLOSED
S14153,Store_14153,,Chennai,DL,India,,RENOVATION
S14154,,,Indore,TS,India,2024-03-24,CLOSED
S14155,Store_14155,WEST,Hyderabad,,India,2024-12-07,
S14156,Store_14156,,Mumbai,TN,,2021-08-26,OPEN
,Store_14157,CENTRAL,Mumbai,MP,India,2021-09-26,
S14158,,,Hyderabad,TN,India,2021-07-26,RENOVATION
S14159,Store_14159,,,RJ,India,2024-06-01,OPEN
S14160,Store_14160,NORTH,,RJ,India,,CLOSED
,,CENTRAL,Chennai,MP,India,2024-01-22,RENOVATION
S14162,Store_14162,CENTRAL,,KL,,2025-05-29,RENOVATION
S14163,Store_14163,SOUTH,,,India,2024-08-11,CLOSED
S14164,Store_14164,WEST,Kolkata,,,2025-01-21,OPEN
S14165,Store_14165,CENTRAL,Indore,TS,,,OPEN
S14166,Store_14166,WEST,,,India,2025-05-26,OPEN
S14167,Store_14167,CENTRAL,Delhi,DL,India,,
S14168,,WEST,Delhi,MH,,2025-10-31,RENOVATION
S14169,Store_14169,EAST,Kochi,RJ,India,,
S14170,Store_14170,NORTH,,WB,India,,OPEN
S14171,Store_14171,,Kolkata,MP,India,2024-07-07,
S14172,,CENTRAL,Bengaluru,TS,,2023-11-27,RENOVATION
S14173,Store_14173,EAST,,WB,India,,OPEN
S14174,Store_14174,CENTRAL,Pune,DL,,,OPEN
,Store_14175,,Kochi,DL,India,2024-06-07,RENOVATION
,Store_14176,CENTRAL,Hyderabad,DL,India,2023-09-25,
S14177,,SOUTH,Hyderabad,TS,,2025-06-06,CLOSED
S14178,Store_14178,SOUTH,Delhi,RJ,,,CLOSED
S14179,Store_14179,EAST,Indore,MP,,2023-01-11,
S14180,Store_14180,EAST,Bengaluru,,,2022-04-20,RENOVATION
,Store_14181,SOUTH,Mumbai,,India,2022-06-02,OPEN
S14182,Store_14182,SOUTH,Chennai,,India,,OPEN
,Store_14183,,Delhi,TN,India,2022-09-01,OPEN
S14184,,WEST,,WB,India,2023-07-20,RENOVATION
S14185,,EAST,,TN,India,2022-11-25,OPEN
S14186,Store_14186,EAST,Delhi,,,2024-01-30,OPEN
,Store_14187,,Bengaluru,TN,India,2021-07-05,CLOSED
S14188,Store_14188,NORTH,,KA,,2023-02-26,RENOVATION
S14189,Store_14189,NORTH,Chennai,,,2022-08-03,RENOVATION
,Store_14190,NORTH,Kochi,TS,India,,OPEN
,Store_14191,EAST,,RJ,India,2021-08-01,OPEN
,,WEST,Delhi,DL,India,2023-09-19,RENOVATION
S14193,Store_14193,,Kolkata,WB,India,,OPEN
S14194,Store_14194,CENTRAL,,,India,2024-01-22,RENOVATION
S14195,,EAST,,MH,India,2023-06-07,RENOVATION
,Store_14196,SOUTH,Indore,,India,2022-07-18,OPEN
,Store_14197,CENTRAL,Delhi,RJ,India,,OPEN
S14198,Store_14198,,Kochi,WB,India,,OPEN
S14199,,,Hyderabad,WB,India,2025-05-25,RENOVATION
,Store_14200,,Bengaluru,KA,India,2022-10-09,OPEN
S14201,Store_14201,CENTRAL,,MP,India,,OPEN
S14202,Store_14202,NORTH,Chennai,TS,,,CLOSED
S14203,Store_14203,,Mumbai,MH,,2022-01-10,CLOSED
S14204,Store_14204,SOUTH,Chennai,TN,,2023-10-04,
S14205,Store_14205,,Jaipur,DL,India,2022-02-03,
S14206,Store_14206,NORTH,Kochi,,,2023-07-11,OPEN
,Store_14207,WEST,Mumbai,,India,2023-03-31,OPEN
,Store_14208,CENTRAL,Indore,RJ,,2021-02-27,CLOSED
S14209,,EAST,Bengaluru,TN,,2024-06-09,CLOSED
S14210,Store_14210,EAST,Bengaluru,,,2023-11-09,OPEN
,Store_14211,,Pune,WB,India,2023-12-14,CLOSED
S14212,Store_14212,CENTRAL,,DL,India,,RENOVATION
S14213,Store_14213,CENTRAL,Pune,,India,,RENOVATION
,Store_14214,WEST,Pune,,India,2025-02-02,RENOVATION
S14215,Store_14215,,Pune,TN,India,,OPEN
S14216,Store_14216,WEST,Pune,,,2024-01-22,CLOSED
S14217,Store_14217,CENTRAL,,DL,,2024-10-24,OPEN
S14218,Store_14218,,,KA,India,2024-07-02,RENOVATION
S14219,Store_14219,EAST,Kolkata,,,2024-01-16,CLOSED
S14220,,NORTH,,KL,India,2022-02-26,OPEN
S14221,,NORTH,Bengaluru,RJ,India,2022-11-28,
,Store_14222,SOUTH,,MH,India,2024-03-06,OPEN
S14223,,EAST,,KA,India,2024-10-22,OPEN
S14224,Store_14224,NORTH,,DL,,2024-09-30,CLOSED
S14225,,EAST,,DL,India,2023-04-03,RENOVATION
,Store_14226,WEST,Mumbai,,India,2021-10-28,CLOSED
S14227,Store_14227,,Jaipur,WB,India,2021-05-04,
,Store_14228,WEST,,RJ,India,2024-05-28,CLOSED
S14229,Store_14229,,Kochi,KL,India,2023-03-13,
S14230,Store_14230,SOUTH,Pune,KL,India,,
,Store_14231,SOUTH,Chennai,DL,India,,RENOVATION
S14232,Store_14232,NORTH,,TS,India,2021-06-04,
S14233,,,Pune,TS,India,2021-12-01,OPEN
S14234,Store_14234,EAST,,DL,,2023-04-13,CLOSED
,Store_14235,WEST,Bengaluru,,India,2023-03-24,RENOVATION
S14236,,EAST,Mumbai,RJ,India,,RENOVATION
,Store_14237,NORTH,Hyderabad,,India,2023-02-05,RENOVATION
S14238,Store_14238,WEST,Delhi,MP,,,OPEN
S14239,Store_14239,,Bengaluru,WB,,2023-11-23,CLOSED
S14240,Store_14240,CENTRAL,Mumbai,,,2021-03-09,CLOSED
,,NORTH,Mumbai,TN,India,2025-12-16,RENOVATION
S14242,Store_14242,CENTRAL,,WB,India,,OPEN
S14243,Store_14243,SOUTH,Chennai,,,2022-04-04,OPEN
S14244,Store_14244,SOUTH,Chennai,WB,India,,
,Store_14245,,Hyderabad,KL,India,2021-04-03,RENOVATION
S14246,,EAST,Bengaluru,WB,India,2021-03-20,
S14247,,NORTH,,TN,India,2024-01-31,CLOSED
S14248,Store_14248,SOUTH,Mumbai,MP,India,,
,Store_14249,NORTH,Mumbai,KL,India,2025-02-20,
,Store_14250,NORTH,Pune,RJ,,2023-03-19,CLOSED
S14251,Store_14251,WEST,Chennai,,India,,RENOVATION
S14252,Store_14252,,Hyderabad,MH,,2025-06-23,OPEN
S14253,,EAST,Hyderabad,TS,India,2023-09-20,
S14254,Store_14254,NORTH,,KL,,2025-02-25,CLOSED
S14255,Store_14255,,Hyderabad,,India,2021-08-26,OPEN
S14256,,SOUTH,Hyderabad,MP,,2022-05-12,OPEN
S14257,Store_14257,SOUTH,Indore,,India,2021-11-04,
S14258,Store_14258,WEST,,KA,,2022-09-10,RENOVATION
,,WEST,Mumbai,TN,India,2021-06-23,RENOVATION
S14260,,CENTRAL,Kolkata,TS,,2024-11-23,RENOVATION
,Store_14261,NORTH,Indore,,India,2024-05-14,CLOSED
S14262,Store_14262,,Pune,TS,,2023-06-16,RENOVATION
S14263,,,Kolkata,MH,India,2023-08-20,CLOSED
S14264,,NORTH,Indore,WB,India,2023-10-26,
S14265,,NORTH,Bengaluru,RJ,,2022-08-26,RENOVATION
,Store_14266,WEST,Hyderabad,,India,2023-03-18,OPEN
S14267,Store_14267,,Bengaluru,DL,India,,OPEN
S14268,,,Pune,WB,India,2021-06-07,OPEN
S14269,Store_14269,,,RJ,India,2023-10-16,RENOVATION
S14270,Store_14270,,Indore,WB,India,2021-05-09,
S14271,,CENTRAL,Kolkata,WB,India,,OPEN
S14272,Store_14272,,Kochi,KL,India,2023-09-10,
S14273,,NORTH,Mumbai,MP,India,,RENOVATION
S14274,,SOUTH,Mumbai,WB,,2021-12-15,RENOVATION
,Store_14275,,Kochi,TN,India,2022-06-24,RENOVATION
S14276,,CENTRAL,Mumbai,TS,India,2024-02-19,
S14277,Store_14277,,Kolkata,,India,2022-12-03,RENOVATION
S14278,Store_14278,EAST,Kochi,,India,,RENOVATION
,,WEST,Indore,MP,India,2024-01-22,CLOSED
,,CENTRAL,Kolkata,MP,India,2022-02-02,CLOSED
S14281,Store_14281,WEST,Mumbai,TN,India,,
S14282,Store_14282,,Bengaluru,TN,,2022-06-06,RENOVATION
S14283,,CENTRAL,Pune,TN,India,2025-05-21,
S14284,Store_14284,WEST,,WB,India,,OPEN
S14285,,WEST,Pune,WB,,2024-07-29,CLOSED
S14286,Store_14286,EAST,,,India,2025-01-21,CLOSED
S14287,Store_14287,EAST,Delhi,,,2022-08-14,OPEN
S14288,Store_14288,,Delhi,MP,,2021-02-15,OPEN
S14289,Store_14289,EAST,,MH,India,2025-11-15,
S14290,,,Kochi,TS,India,2021-09-30,CLOSED
S14291,Store_14291,,Hyderabad,,India,2021-07-07,CLOSED
S14292,Store_14292,,,MP,India,2025-03-22,OPEN
S14293,Store_14293,,Kolkata,RJ,India,,RENOVATION
S14294,Store_14294,,,WB,India,2025-04-21,OPEN
,Store_14295,CENTRAL,Delhi,,India,2023-09-15,CLOSED
S14296,Store_14296,SOUTH,,,India,2024-09-25,CLOSED
S14297,Store_14297,SOUTH,Indore,WB,,,OPEN
S14298,Store_14298,NORTH,,,India,2021-04-20,CLOSED
S14299,Store_14299,NORTH,Kolkata,,,2023-07-17,CLOSED
S14300,Store_14300,NORTH,Mumbai,DL,,2021-04-17,
S14301,Store_14301,CENTRAL,Pune,KA,,,OPEN
S14302,,CENTRAL,Kochi,DL,India,,OPEN
S14303,Store_14303,EAST,Kolkata,MP,India,,
S14304,Store_14304,,,MH,India,2023-06-25,RENOVATION
S14305,,WEST,Kolkata,KA,India,2022-08-01,
S14306,Store_14306,EAST,Jaipur,,India,,OPEN
S14307,Store_14307,,Indore,DL,,2022-03-24,CLOSED
S14308,Store_14308,CENTRAL,Bengaluru,,India,,RENOVATION
,,WEST,Hyderabad,DL,India,2025-01-12,OPEN
S14310,Store_14310,,,MP,India,2024-04-21,OPEN
S14311,Store_14311,NORTH,,MH,India,2021-05-18,
,Store_14312,EAST,Hyderabad,,India,2021-02-21,OPEN
S14313,Store_14313,SOUTH,Indore,RJ,,,OPEN
S14314,Store_14314,,Jaipur,MH,India,,OPEN
S14315,Store_14315,,,TN,India,2024-08-21,RENOVATION
S14316,Store_14316,SOUTH,,KL,India,,RENOVATION
S14317,Store_14317,,Kolkata,MP,India,2024-02-11,
,Store_14318,WEST,Delhi,KA,India,,RENOVATION
S14319,Store_14319,NORTH,,,India,2022-12-08,RENOVATION
S14320,,WEST,,KA,India,2025-08-20,OPEN
S14321,,SOUTH,Mumbai,KL,India,,RENOVATION
,Store_14322,,Mumbai,DL,India,2021-07-07,CLOSED
S14323,Store_14323,EAST,Hyderabad,TN,India,,
S14324,,,Pune,RJ,India,2023-03-09,RENOVATION
,Store_14325,SOUTH,Jaipur,TN,India,2023-03-21,
S14326,Store_14326,,Kolkata,MP,India,,OPEN
,,WEST,Bengaluru,MP,India,2024-12-27,RENOVATION
S14328,Store_14328,WEST,Indore,WB,,2024-04-07,
,Store_14329,WEST,Chennai,KL,,2023-08-15,RENOVATION
,Store_14330,EAST,Delhi,MP,India,,OPEN
S14331,Store_14331,NORTH,Kolkata,KL,,,OPEN
,Store_14332,CENTRAL,Hyderabad,DL,India,,OPEN
S14333,Store_14333,,Chennai,,India,2024-07-25,OPEN
,Store_14334,CENTRAL,,RJ,India,2021-10-04,CLOSED
S14335,Store_14335,,Delhi,,India,2021-02-26,OPEN
,Store_14336,SOUTH,,KL,India,2022-11-20,RENOVATION
S14337,Store_14337,WEST,,MH,India,,RENOVATION
S14338,,WEST,Kolkata,MH,,2025-07-29,RENOVATION
,Store_14339,,Indore,KL,India,2022-02-11,OPEN
S14340,,SOUTH,Jaipur,RJ,,2025-09-08,RENOVATION
,Store_14341,EAST,Hyderabad,DL,India,,OPEN
S14342,Store_14342,WEST,Indore,TS,India,,
S14343,Store_14343,SOUTH,,MP,India,,OPEN
S14344,Store_14344,NORTH,Kochi,,India,2021-03-22,
,Store_14345,CENTRAL,Bengaluru,KL,India,,CLOSED
S14346,Store_14346,SOUTH,,,India,2023-06-13,OPEN
S14347,Store_14347,WEST,Pune,,India,,RENOVATION
S14348,Store_14348,WEST,Bengaluru,KL,India,,
,,SOUTH,Mumbai,TS,India,2023-02-22,OPEN
,Store_14350,WEST,Delhi,KL,,2025-03-01,OPEN
S14351,Store_14351,EAST,Indore,,India,,RENOVATION
S14352,Store_14352,,Delhi,DL,,2023-06-19,OPEN
S14353,Store_14353,,Delhi,KA,India,,OPEN
S14354,Store_14354,NORTH,,,India,2025-06-25,OPEN
,Store_14355,CENTRAL,Mumbai,WB,India,2024-12-12,
,Store_14356,EAST,Pune,,India,2025-07-10,CLOSED
,Store_14357,SOUTH,Bengaluru,TS,India,2023-05-21,
,,WEST,Bengaluru,TN,India,2022-06-20,RENOVATION
,Store_14359,SOUTH,,TN,India,2023-04-15,OPEN
,Store_14360,WEST,Chennai,TS,,2022-07-06,OPEN
,Store_14361,WEST,Jaipur,MH,,2022-10-14,OPEN
S14362,Store_14362,SOUTH,Delhi,MH,,,CLOSED
,Store_14363,NORTH,Hyderabad,TS,India,,RENOVATION
S14364,Store_14364,,Hyderabad,,India,2023-01-02,RENOVATION
S14365,Store_14365,EAST,Mumbai,MP,India,,
S14366,,NORTH,Hyderabad,MP,India,2021-06-27,
,,SOUTH,Indore,WB,India,2024-05-24,OPEN
S14368,Store_14368,,,KA,India,2021-04-29,OPEN
S14369,,SOUTH,Kolkata,RJ,India,2023-02-27,
S14370,Store_14370,NORTH,,RJ,India,,CLOSED
,Store_14371,EAST,,DL,India,2025-01-10,RENOVATION
S14372,,NORTH,Bengaluru,RJ,India,,RENOVATION
,Store_14373,SOUTH,Indore,MH,India,2022-08-12,
,Store_14374,EAST,Delhi,TN,India,2025-05-25,
,Store_14375,,Kolkata,KA,India,2021-03-31,CLOSED
S14376,Store_14376,WEST,,TS,India,2023-10-07,
,Store_14377,CENTRAL,,MH,India,2021-10-09,OPEN
S14378,Store_14378,WEST,,TN,,2024-08-15,RENOVATION
,Store_14379,NORTH,,KA,India,2025-05-07,RENOVATION
S14380,Store_14380,SOUTH,Kolkata,,,2021-11-09,RENOVATION
S14381,Store_14381,WEST,,WB,,2023-11-20,OPEN
S14382,,WEST,Kolkata,WB,India,,CLOSED
S14383,Store_14383,,,KL,India,2024-12-07,CLOSED
S14384,,,Kochi,MH,India,2024-11-06,CLOSED
S14385,,WEST,Mumbai,,India,2023-08-22,OPEN
,,WEST,Mumbai,TN,India,2021-05-24,OPEN
S14387,Store_14387,WEST,,TN,India,,RENOVATION
,Store_14388,SOUTH,Delhi,KA,India,,OPEN
S14389,Store_14389,,Pune,,India,2025-04-26,CLOSED
S14390,Store_14390,WEST,,,India,2025-06-23,CLOSED
S14391,Store_14391,WEST,Kolkata,,India,,OPEN
S14392,Store_14392,SOUTH,Mumbai,,,2021-12-16,RENOVATION
,Store_14393,EAST,Pune,DL,,2023-01-05,CLOSED
S14394,,SOUTH,Delhi,MH,India,2024-12-04,
S14395,Store_14395,EAST,,KL,India,,RENOVATION
,Store_14396,NORTH,,MH,India,2022-11-23,OPEN
S14397,,CENTRAL,Chennai,TN,India,2023-07-05,
S14398,Store_14398,,,KA,India,2022-09-07,CLOSED
S14399,Store_14399,EAST,,KA,,2026-01-29,OPEN
,Store_14400,EAST,Delhi,TS,India,2023-04-13,
S14401,Store_14401,NORTH,,TN,,2025-06-18,CLOSED
S14402,,EAST,,RJ,India,2022-06-10,RENOVATION
S14403,Store_14403,NORTH,,MP,India,,OPEN
S14404,Store_14404,SOUTH,Indore,TS,,2024-05-15,
S14405,Store_14405,WEST,Kolkata,TN,,,RENOVATION
S14406,Store_14406,,Kolkata,MP,India,,CLOSED
S14407,Store_14407,,Delhi,KA,India,,CLOSED
,,EAST,Mumbai,WB,India,2023-12-14,RENOVATION
S14409,,SOUTH,Kochi,TS,India,2024-03-16,
,Store_14410,EAST,Chennai,RJ,India,2024-06-04,
S14411,Store_14411,EAST,,,India,2025-06-27,OPEN
S14412,,CENTRAL,,MH,India,2021-11-21,RENOVATION
S14413,Store_14413,NORTH,Indore,,India,2023-03-26,
S14414,Store_14414,NORTH,,WB,India,2024-09-29,
,Store_14415,,Chennai,RJ,India,2022-07-29,OPEN
,Store_14416,,Jaipur,MP,India,2021-11-26,RENOVATION
S14417,Store_14417,WEST,,MP,India,2024-02-06,
S14418,,SOUTH,Hyderabad,MH,,2024-09-30,RENOVATION
S14419,,,Mumbai,TN,India,2025-05-13,RENOVATION
,Store_14420,CENTRAL,Kolkata,MH,,2022-08-29,CLOSED
S14421,,SOUTH,Kochi,TN,India,,CLOSED
S14422,,EAST,Jaipur,,India,2023-07-05,CLOSED
S14423,,NORTH,Jaipur,KA,,2023-05-11,CLOSED
S14424,Store_14424,,Kolkata,,India,2021-07-22,CLOSED
S14425,,CENTRAL,,DL,India,2022-02-03,RENOVATION
S14426,Store_14426,EAST,,WB,,2024-07-05,RENOVATION
S14427,,EAST,Mumbai,TS,,2023-04-23,CLOSED
S14428,Store_14428,,Pune,MP,,2024-11-03,OPEN
S14429,Store_14429,,Hyderabad,,India,2023-03-10,RENOVATION
S14430,,SOUTH,Mumbai,,India,2021-06-21,CLOSED
,Store_14431,SOUTH,,MP,India,2021-11-25,RENOVATION
,,WEST,Indore,MH,India,2023-05-02,OPEN
,Store_14433,SOUTH,Kolkata,WB,India,2024-03-10,
S14434,Store_14434,,Kolkata,,India,2025-04-25,CLOSED
S14435,Store_14435,,Kochi,KL,India,2024-12-09,
,,SOUTH,Chennai,WB,India,2021-11-09,OPEN
S14437,,CENTRAL,Delhi,KL,,2025-02-20,CLOSED
S14438,Store_14438,EAST,Mumbai,,,2023-01-04,RENOVATION
,,NORTH,Bengaluru,RJ,India,2023-06-02,RENOVATION
,Store_14440,CENTRAL,Delhi,MH,India,,OPEN
S14441,Store_14441,,Mumbai,,India,2023-07-03,CLOSED
,Store_14442,WEST,Mumbai,DL,India,2022-02-11,
S14443,Store_14443,WEST,,TN,,2022-08-23,RENOVATION
S14444,Store_14444,EAST,Indore,,India,,RENOVATION
,Store_14445,NORTH,,MH,India,2021-08-31,CLOSED
S14446,,SOUTH,Mumbai,KA,India,2024-09-10,
,Store_14447,,Indore,MP,India,2024-09-26,OPEN
S14448,,EAST,Kolkata,,India,2022-02-15,RENOVATION
S14449,Store_14449,WEST,,WB,,2022-11-12,OPEN
S14450,,WEST,Kolkata,,India,2024-04-19,RENOVATION
S14451,Store_14451,,Indore,WB,,2025-05-06,OPEN
S14452,Store_14452,,,RJ,India,2021-07-11,CLOSED
S14453,,,Delhi,KA,India,2021-06-21,CLOSED
,Store_14454,,Mumbai,KA,India,2023-12-06,OPEN
,Store_14455,,Jaipur,TN,India,2024-09-29,CLOSED
S14456,Store_14456,,Jaipur,,India,2025-07-13,CLOSED
S14457,Store_14457,NORTH,,TS,India,2023-05-25,
S14458,,EAST,Delhi,,India,2022-12-07,OPEN
S14459,Store_14459,WEST,,TS,India,,RENOVATION
,Store_14460,WEST,Kochi,MP,India,,CLOSED
S14461,Store_14461,,Kolkata,WB,India,,OPEN
S14462,Store_14462,WEST,,,India,2025-04-24,OPEN
S14463,Store_14463,CENTRAL,Bengaluru,,,2024-11-19,OPEN
,Store_14464,NORTH,Indore,WB,India,2025-05-28,
S14465,Store_14465,,Hyderabad,TS,,2024-07-18,RENOVATION
S14466,,SOUTH,Indore,WB,India,2022-01-12,
S14467,Store_14467,WEST,,,India,2024-10-04,OPEN
S14468,,NORTH,Kochi,KA,India,2021-05-25,
S14469,,NORTH,,MH,India,2021-12-03,RENOVATION
S14470,Store_14470,,Chennai,MP,India,2022-11-04,
S14471,Store_14471,,Kochi,,India,2022-07-12,CLOSED
S14472,,EAST,Hyderabad,KA,India,2021-08-22,
S14473,Store_14473,NORTH,Kochi,,India,,CLOSED
S14474,Store_14474,,Jaipur,TS,India,2021-03-03,
,Store_14475,WEST,Mumbai,DL,India,2021-05-24,
S14476,,WEST,Jaipur,,India,2021-04-13,CLOSED
,Store_14477,SOUTH,Indore,DL,,2023-03-05,CLOSED
,,EAST,Delhi,RJ,India,2021-09-21,OPEN
S14479,Store_14479,CENTRAL,Hyderabad,,,2021-07-02,CLOSED
S14480,Store_14480,EAST,Indore,TS,India,,
S14481,Store_14481,CENTRAL,Mumbai,WB,,,CLOSED
S14482,Store_14482,SOUTH,,,India,2023-06-30,OPEN
,Store_14483,CENTRAL,Pune,,India,2025-06-26,OPEN
S14484,Store_14484,SOUTH,,TS,India,2024-06-23,
S14485,Store_14485,,Jaipur,KL,,2021-05-07,CLOSED
S14486,,SOUTH,Hyderabad,MH,India,,RENOVATION
S14487,Store_14487,CENTRAL,,KL,India,2023-08-29,
S14488,Store_14488,EAST,Jaipur,KL,,,RENOVATION
,Store_14489,NORTH,Kochi,TS,India,,CLOSED
,Store_14490,CENTRAL,Mumbai,,India,2023-05-02,OPEN
S14491,Store_14491,SOUTH,,WB,India,,CLOSED
S14492,Store_14492,EAST,,MP,,2021-06-01,OPEN
S14493,Store_14493,,Pune,,India,2021-06-25,OPEN
,Store_14494,WEST,Kolkata,MP,India,2024-12-18,
,Store_14495,SOUTH,,MP,India,2023-08-11,OPEN
S14496,Store_14496,,Kolkata,,India,2024-02-04,RENOVATION
S14497,Store_14497,,Pune,MP,,2023-01-09,OPEN
,Store_14498,WEST,,MP,India,2021-11-29,OPEN
,,CENTRAL,Indore,WB,India,2024-02-14,RENOVATION
,Store_14500,,Jaipur,KL,India,2022-01-20,CLOSED
,Store_14501,NORTH,Mumbai,TS,India,,RENOVATION
,Store_14502,WEST,Hyderabad,WB,India,2022-01-04,
S14503,,SOUTH,,TN,India,2023-07-21,RENOVATION
S14504,Store_14504,SOUTH,,,India,2023-03-31,RENOVATION
S14505,,WEST,Hyderabad,TS,India,2022-05-03,
,Store_14506,CENTRAL,Delhi,,India,2022-11-25,RENOVATION
S14507,Store_14507,SOUTH,Chennai,TN,India,,
S14508,Store_14508,SOUTH,Pune,,,2024-12-03,OPEN
S14509,,WEST,Chennai,,India,2022-09-19,RENOVATION
S14510,Store_14510,CENTRAL,Pune,,India,,RENOVATION
S14511,,,Hyderabad,WB,India,2023-12-07,RENOVATION
,Store_14512,,Delhi,RJ,India,2024-06-11,CLOSED
,Store_14513,,Indore,MH,India,2023-02-27,OPEN
,Store_14514,EAST,Hyderabad,KA,,2023-06-13,CLOSED
S14515,Store_14515,SOUTH,Mumbai,RJ,India,,
S14516,Store_14516,CENTRAL,Kochi,,India,2025-01-13,
S14517,Store_14517,NORTH,Bengaluru,,India,,OPEN
S14518,Store_14518,CENTRAL,Bengaluru,WB,India,,
S14519,Store_14519,SOUTH,Pune,,,2024-07-25,RENOVATION
S14520,,WEST,Jaipur,,India,2025-12-22,RENOVATION
S14521,Store_14521,NORTH,Jaipur,TS,,,OPEN
S14522,Store_14522,CENTRAL,,TS,,2025-04-20,OPEN
S14523,Store_14523,SOUTH,,DL,India,,RENOVATION
,Store_14524,SOUTH,,RJ,India,2021-07-03,RENOVATION
S14525,Store_14525,SOUTH,,TN,India,2026-01-08,
S14526,Store_14526,EAST,Hyderabad,DL,,2022-12-11,
S14527,,WEST,,WB,India,2025-09-18,CLOSED
,,NORTH,Bengaluru,KL,India,2022-10-30,RENOVATION
S14529,Store_14529,EAST,,MH,India,2024-02-21,
S14530,Store_14530,CENTRAL,Bengaluru,RJ,,2022-11-28,
S14531,Store_14531,EAST,,,India,2024-06-20,RENOVATION
S14532,Store_14532,,Kolkata,KL,India,,OPEN
,,EAST,Indore,RJ,India,2024-01-19,OPEN
S14534,Store_14534,CENTRAL,Kochi,,,2022-02-28,CLOSED
S14535,Store_14535,,Kochi,DL,India,,RENOVATION
S14536,Store_14536,SOUTH,,RJ,,2024-01-07,CLOSED
S14537,Store_14537,,Bengaluru,DL,India,2023-03-24,
,,EAST,Indore,RJ,India,2024-04-27,RENOVATION
S14539,,NORTH,Pune,RJ,India,2023-04-08,
,Store_14540,,Pune,KA,India,2021-11-14,RENOVATION
S14541,Store_14541,WEST,Jaipur,,,2024-03-27,RENOVATION
S14542,Store_14542,NORTH,Hyderabad,,India,2024-05-27,
,Store_14543,EAST,Pune,WB,India,2025-11-09,
S14544,Store_14544,EAST,Jaipur,MH,India,,
S14545,Store_14545,CENTRAL,Delhi,,India,,OPEN
S14546,,,Jaipur,MP,India,2024-01-25,OPEN
S14547,,CENTRAL,,DL,India,2022-05-21,RENOVATION
S14548,,CENTRAL,Indore,TN,India,,RENOVATION
S14549,Store_14549,,Mumbai,RJ,India,,OPEN
S14550,Store_14550,EAST,Delhi,DL,,,RENOVATION
S14551,Store_14551,,Mumbai,MP,,2021-06-21,OPEN
S14552,Store_14552,,Indore,TS,India,2025-08-25,
S14553,Store_14553,NORTH,Delhi,KA,,,RENOVATION
S14554,Store_14554,,Bengaluru,KL,,2023-02-26,CLOSED
S14555,Store_14555,EAST,Bengaluru,TS,,2023-12-16,
S14556,Store_14556,,Chennai,WB,India,2021-05-19,
,Store_14557,CENTRAL,Hyderabad,TS,,2025-08-13,OPEN
,Store_14558,NORTH,Chennai,RJ,India,,RENOVATION
S14559,,WEST,Pune,WB,India,,CLOSED
S14560,Store_14560,WEST,,MH,India,2025-07-20,
S14561,,NORTH,Bengaluru,KL,India,2024-01-05,
S14562,Store_14562,,Kochi,,India,2025-01-11,OPEN
,Store_14563,WEST,Pune,DL,,2023-11-03,CLOSED
,,EAST,Indore,DL,India,2022-12-07,CLOSED
S14565,Store_14565,SOUTH,Kochi,,,2021-12-04,OPEN
S14566,Store_14566,EAST,,TS,,2025-09-27,CLOSED
S14567,Store_14567,,Kochi,TS,India,,RENOVATION
S14568,,EAST,,MP,India,2025-07-07,CLOSED
S14569,Store_14569,WEST,,KL,,2024-02-02,RENOVATION
,Store_14570,WEST,Pune,WB,India,2024-05-02,
S14571,,,Bengaluru,WB,India,2023-11-16,CLOSED
,,EAST,Pune,TN,India,2023-07-22,RENOVATION
S14573,,CENTRAL,Hyderabad,KL,,2021-09-26,RENOVATION
S14574,Store_14574,SOUTH,,MH,India,2021-07-07,
S14575,,SOUTH,Mumbai,KL,India,2023-03-02,
S14576,,NORTH,Mumbai,KA,India,2022-01-31,
,Store_14577,WEST,Delhi,KL,India,2024-10-30,
S14578,,NORTH,Indore,DL,India,,RENOVATION
S14579,Store_14579,SOUTH,Jaipur,,India,,CLOSED
S14580,,CENTRAL,Indore,,India,2023-04-28,OPEN
,Store_14581,,Bengaluru,MP,India,2021-08-05,RENOVATION
S14582,Store_14582,SOUTH,Delhi,,India,2023-07-24,
S14583,Store_14583,CENTRAL,Kochi,,India,2024-09-18,
S14584,,WEST,Kochi,TN,,2025-03-15,OPEN
,Store_14585,WEST,Delhi,,India,2022-03-18,RENOVATION
S14586,Store_14586,NORTH,,,India,2023-04-29,CLOSED
S14587,Store_14587,CENTRAL,Kolkata,,,2022-10-03,OPEN
S14588,Store_14588,NORTH,Indore,TS,,,CLOSED
S14589,,WEST,Delhi,,India,2021-02-28,RENOVATION
S14590,,WEST,Bengaluru,KL,,2021-02-18,OPEN
S14591,Store_14591,EAST,,WB,India,,OPEN
S14592,Store_14592,NORTH,Jaipur,,,2022-10-16,RENOVATION
,Store_14593,SOUTH,Kolkata,,India,2024-06-18,RENOVATION
S14594,Store_14594,,Jaipur,TS,India,2025-10-20,
S14595,Store_14595,SOUTH,Bengaluru,KL,,,CLOSED
S14596,Store_14596,CENTRAL,Chennai,,India,2023-11-04,
S14597,Store_14597,WEST,Bengaluru,,,2022-07-25,OPEN
,Store_14598,WEST,Delhi,,India,2022-04-05,CLOSED
S14599,Store_14599,WEST,Indore,,,2024-11-10,CLOSED
S14600,Store_14600,EAST,Mumbai,TN,,,RENOVATION
,Store_14601,SOUTH,,MH,India,2024-11-23,RENOVATION
S14602,Store_14602,EAST,,MP,India,2024-05-25,
S14603,Store_14603,,Bengaluru,,India,2021-04-01,RENOVATION
S14604,Store_14604,WEST,,MP,India,,RENOVATION
S14605,Store_14605,,Pune,,India,2024-03-09,OPEN
S14606,Store_14606,EAST,,,India,2024-01-22,CLOSED
,Store_14607,CENTRAL,Pune,RJ,India,,CLOSED
S14608,Store_14608,CENTRAL,Mumbai,,,2023-02-07,RENOVATION
S14609,Store_14609,NORTH,Chennai,MH,India,,
S14610,Store_14610,WEST,,KA,India,2024-04-19,
,Store_14611,SOUTH,,DL,India,2024-09-07,OPEN
S14612,,NORTH,Kochi,RJ,India,,CLOSED
S14613,,,Chennai,WB,India,2025-01-06,OPEN
S14614,Store_14614,NORTH,Chennai,MP,India,,
S14615,Store_14615,,Pune,KA,India,,OPEN
S14616,,WEST,Kochi,KL,India,2025-12-11,
S14617,Store_14617,,Kolkata,DL,India,,OPEN
S14618,Store_14618,CENTRAL,Indore,,India,2025-09-22,
S14619,Store_14619,SOUTH,Mumbai,,,2023-09-29,OPEN
S14620,Store_14620,,Hyderabad,KL,,2021-12-28,CLOSED
S14621,Store_14621,SOUTH,,WB,India,2021-05-04,
S14622,Store_14622,SOUTH,Hyderabad,,India,2025-04-13,
,Store_14623,EAST,Kolkata,DL,,2023-02-23,OPEN
S14624,Store_14624,CENTRAL,,TS,India,,RENOVATION
,,NORTH,Pune,TN,India,2023-02-22,CLOSED
S14626,Store_14626,,Hyderabad,KL,India,,OPEN
,Store_14627,SOUTH,Delhi,TN,India,2021-08-15,
S14628,Store_14628,SOUTH,Kolkata,KL,,2023-01-10,
S14629,Store_14629,WEST,Delhi,,India,2024-09-21,
S14630,Store_14630,SOUTH,,,India,2021-09-15,CLOSED
,Store_14631,,Hyderabad,KA,India,2023-01-14,RENOVATION
S14632,Store_14632,,Kochi,KL,,2024-11-10,CLOSED
S14633,Store_14633,,,KA,India,2023-01-31,CLOSED
S14634,Store_14634,,Indore,,India,2023-02-17,CLOSED
,Store_14635,NORTH,,TN,India,2024-08-01,OPEN
,Store_14636,WEST,Chennai,DL,,2025-03-24,OPEN
S14637,,NORTH,Jaipur,,India,2022-12-02,CLOSED
,Store_14638,EAST,Pune,KL,,2025-01-13,RENOVATION
S14639,,WEST,Indore,,India,2024-01-29,OPEN
,Store_14640,WEST,Pune,RJ,,2022-06-19,OPEN
S14641,Store_14641,SOUTH,Mumbai,,India,2022-10-01,
S14642,,SOUTH,Mumbai,TN,,2023-03-05,OPEN
S14643,Store_14643,CENTRAL,Indore,,,2021-11-13,CLOSED
S14644,Store_14644,EAST,,WB,India,,RENOVATION
S14645,,EAST,Mumbai,TN,India,,OPEN
S14646,,SOUTH,Indore,MH,India,,OPEN
,Store_14647,,Kolkata,RJ,India,2022-11-01,CLOSED
,Store_14648,SOUTH,,TS,India,2021-08-24,CLOSED
,Store_14649,SOUTH,Chennai,MP,India,,RENOVATION
S14650,,EAST,Kochi,,India,2024-11-17,RENOVATION
S14651,Store_14651,,Bengaluru,MP,India,,CLOSED
S14652,Store_14652,,Pune,,India,2022-05-10,CLOSED
S14653,,SOUTH,Mumbai,MH,India,,CLOSED
S14654,,,Kolkata,TS,India,2023-01-24,CLOSED
S14655,Store_14655,SOUTH,Jaipur,,India,,RENOVATION
S14656,Store_14656,,Chennai,,India,2023-05-15,CLOSED
S14657,,EAST,Pune,DL,India,2021-05-24,
S14658,Store_14658,NORTH,Delhi,,India,,RENOVATION
S14659,Store_14659,CENTRAL,Chennai,DL,,,CLOSED
S14660,Store_14660,EAST,Pune,,India,,OPEN
S14661,Store_14661,,Bengaluru,,India,2022-07-26,RENOVATION
S14662,,,Mumbai,KA,India,2022-04-16,CLOSED
S14663,Store_14663,,Kolkata,KL,,2021-05-22,CLOSED
S14664,Store_14664,,Pune,DL,India,,RENOVATION
S14665,Store_14665,SOUTH,Indore,,India,2023-01-16,
S14666,,NORTH,Kolkata,WB,,2021-09-28,RENOVATION
S14667,Store_14667,SOUTH,,,India,2023-07-06,CLOSED
S14668,,NORTH,Bengaluru,,India,2022-12-06,OPEN
S14669,Store_14669,CENTRAL,Mumbai,,India,2023-11-16,
S14670,Store_14670,EAST,Kolkata,,India,2024-01-04,
S14671,Store_14671,NORTH,,TS,,2023-01-12,RENOVATION
S14672,Store_14672,CENTRAL,,,India,2025-04-20,RENOVATION
S14673,,,Mumbai,KA,India,2022-10-01,OPEN
S14674,,NORTH,Jaipur,WB,India,2023-12-19,
S14675,Store_14675,SOUTH,Hyderabad,RJ,,,RENOVATION
S14676,,WEST,Hyderabad,RJ,India,,OPEN
S14677,Store_14677,SOUTH,Mumbai,MH,,,CLOSED
S14678,,SOUTH,Kolkata,MP,India,,OPEN
S14679,Store_14679,,Kolkata,,India,2023-07-01,OPEN
,Store_14680,SOUTH,,MH,India,2024-01-29,RENOVATION
S14681,Store_14681,EAST,,MH,,2023-12-07,CLOSED
S14682,Store_14682,EAST,Kochi,,India,,RENOVATION
,Store_14683,SOUTH,Chennai,,India,2024-09-13,CLOSED
,Store_14684,WEST,Indore,KL,India,,RENOVATION
S14685,Store_14685,,,TN,India,2022-01-01,OPEN
S14686,Store_14686,,Indore,RJ,India,2025-05-25,
S14687,Store_14687,NORTH,,,India,2023-12-20,CLOSED
,Store_14688,WEST,Hyderabad,TN,,2021-05-24,RENOVATION
S14689,,SOUTH,Indore,TN,India,,OPEN
S14690,,,Hyderabad,MP,India,2025-04-24,RENOVATION
,Store_14691,,Bengaluru,RJ,India,2023-04-22,RENOVATION
S14692,Store_14692,SOUTH,Bengaluru,,,2022-05-01,OPEN
,Store_14693,CENTRAL,Mumbai,WB,India,,CLOSED
S14694,,WEST,Delhi,RJ,India,,CLOSED
S14695,Store_14695,EAST,,RJ,India,,OPEN
S14696,Store_14696,CENTRAL,,MH,India,,OPEN
S14697,Store_14697,SOUTH,Jaipur,RJ,India,,
,Store_14698,EAST,,KA,India,2025-08-12,OPEN
S14699,Store_14699,NORTH,,TN,India,,RENOVATION
S14700,Store_14700,SOUTH,,,India,2024-08-20,OPEN
S14701,Store_14701,NORTH,Kochi,,,2024-12-26,RENOVATION
S14702,,NORTH,Mumbai,TS,India,2023-09-12,
S14703,Store_14703,SOUTH,Mumbai,,India,,RENOVATION
S14704,Store_14704,,Delhi,TS,,2025-02-09,OPEN
S14705,,WEST,Bengaluru,MP,,2023-11-24,RENOVATION
S14706,Store_14706,,Jaipur,KL,India,2023-12-02,
S14707,,WEST,,KA,India,2022-03-31,CLOSED
,Store_14708,EAST,Chennai,DL,,2021-05-10,RENOVATION
,Store_14709,CENTRAL,Mumbai,,India,2023-09-13,CLOSED
S14710,Store_14710,WEST,Chennai,WB,,,OPEN
,Store_14711,EAST,Indore,RJ,India,2025-05-04,
S14712,Store_14712,,Hyderabad,KA,,2023-02-16,CLOSED
S14713,Store_14713,NORTH,Pune,,India,2023-04-14,
S14714,,EAST,Indore,KL,,2024-09-05,CLOSED
,Store_14715,CENTRAL,Jaipur,,India,2023-01-22,RENOVATION
S14716,Store_14716,WEST,Kolkata,RJ,,,RENOVATION
S14717,,CENTRAL,Kolkata,,India,2023-09-29,CLOSED
S14718,Store_14718,CENTRAL,,KL,India,,RENOVATION
S14719,Store_14719,SOUTH,,TN,India,2025-09-19,
,Store_14720,WEST,Delhi,,India,2025-07-07,CLOSED
S14721,Store_14721,,Indore,,India,2024-04-21,CLOSED
S14722,Store_14722,EAST,,,India,2024-12-31,RENOVATION
S14723,,EAST,,DL,India,2022-11-17,OPEN
S14724,,NORTH,Jaipur,,India,2024-08-15,OPEN
S14725,Store_14725,WEST,Bengaluru,,India,,OPEN
,Store_14726,NORTH,Hyderabad,,India,2024-01-27,OPEN
,Store_14727,NORTH,Mumbai,,India,2025-01-08,RENOVATION
,Store_14728,SOUTH,Pune,KA,India,,OPEN
S14729,,CENTRAL,Pune,MP,India,2022-01-21,
S14730,Store_14730,,Bengaluru,MP,India,2025-02-27,
,,SOUTH,Hyderabad,TS,India,2022-07-18,RENOVATION
S14732,Store_14732,,,RJ,India,2021-02-08,CLOSED
S14733,,CENTRAL,Jaipur,KA,,2021-06-02,CLOSED
,Store_14734,SOUTH,,MH,India,2022-06-28,CLOSED
S14735,,,Jaipur,MH,India,2022-05-18,CLOSED
S14736,Store_14736,SOUTH,Indore,,,2024-10-16,CLOSED
S14737,Store_14737,,Mumbai,WB,India,,RENOVATION
S14738,Store_14738,CENTRAL,Kochi,DL,,,OPEN
S14739,Store_14739,WEST,Kochi,MP,,2025-08-20,
S14740,,,Indore,TN,India,2021-11-12,CLOSED
,Store_14741,CENTRAL,Indore,DL,,2025-02-10,OPEN
S14742,,SOUTH,,MP,India,2022-08-17,OPEN
,Store_14743,SOUTH,,MP,India,2025-11-07,RENOVATION
S14744,,WEST,Bengaluru,,India,2023-05-01,RENOVATION
S14745,Store_14745,SOUTH,,TS,India,,OPEN
,Store_14746,NORTH,Hyderabad,WB,India,,RENOVATION
,Store_14747,NORTH,,TS,India,2021-02-28,OPEN
S14748,Store_14748,NORTH,Bengaluru,MH,,,CLOSED
S14749,Store_14749,NORTH,,,India,2023-03-12,RENOVATION
S14750,Store_14750,NORTH,Bengaluru,,,2023-10-21,RENOVATION
,Store_14751,,Delhi,KA,India,2025-08-13,OPEN
S14752,Store_14752,NORTH,Indore,MP,India,,
S14753,Store_14753,EAST,,KL,India,,OPEN
,Store_14754,,Kochi,MP,India,2023-05-04,OPEN
S14755,,NORTH,,KA,India,2024-01-27,RENOVATION
,Store_14756,CENTRAL,Chennai,TS,India,,CLOSED
S14757,Store_14757,CENTRAL,Bengaluru,,India,,RENOVATION
S14758,Store_14758,NORTH,,WB,India,,CLOSED
S14759,Store_14759,SOUTH,Pune,TN,,,CLOSED
S14760,Store_14760,,Delhi,TS,India,,OPEN
S14761,Store_14761,WEST,,,India,2025-11-10,RENOVATION
S14762,Store_14762,CENTRAL,Hyderabad,,India,2023-10-09,
S14763,Store_14763,EAST,Kochi,,India,2023-07-10,
S14764,,NORTH,,RJ,India,2023-07-06,CLOSED
S14765,Store_14765,WEST,,DL,India,,OPEN
S14766,,SOUTH,Indore,KA,India,,RENOVATION
S14767,Store_14767,,Jaipur,TN,India,2023-12-12,
S14768,,WEST,Jaipur,MH,India,,OPEN
,Store_14769,CENTRAL,,TN,India,2024-09-17,CLOSED
,Store_14770,NORTH,Jaipur,RJ,India,2024-01-05,
S14771,Store_14771,SOUTH,,KA,India,,CLOSED
S14772,,SOUTH,Indore,KL,India,2025-11-02,
S14773,Store_14773,,Kolkata,DL,,2025-10-20,RENOVATION
,Store_14774,EAST,Pune,TS,India,,RENOVATION
,Store_14775,NORTH,Hyderabad,RJ,India,,OPEN
,Store_14776,CENTRAL,Delhi,DL,India,,OPEN
S14777,Store_14777,,Delhi,WB,,2024-02-11,OPEN
S14778,Store_14778,SOUTH,Kolkata,MP,,,OPEN
S14779,,EAST,Chennai,MP,India,2022-12-10,
,Store_14780,CENTRAL,Jaipur,TN,India,2021-03-19,
S14781,Store_14781,,Bengaluru,,India,2022-03-19,RENOVATION
S14782,Store_14782,SOUTH,Kochi,KA,India,,
,Store_14783,WEST,,MH,India,2024-12-22,CLOSED
S14784,Store_14784,,Hyderabad,KL,,2025-09-30,OPEN
S14785,Store_14785,CENTRAL,Bengaluru,KL,,2023-06-28,
S14786,Store_14786,SOUTH,Chennai,,,2022-10-21,RENOVATION
,,EAST,Pune,RJ,India,2021-05-09,CLOSED
S14788,Store_14788,,Chennai,KA,India,2024-06-15,
S14789,Store_14789,CENTRAL,Chennai,,India,2024-11-26,
S14790,Store_14790,NORTH,,WB,India,2021-07-05,
S14791,,NORTH,Hyderabad,MH,India,,RENOVATION
S14792,Store_14792,,Jaipur,KA,India,2025-06-01,
,Store_14793,NORTH,Bengaluru,,India,2025-09-04,OPEN
S14794,Store_14794,,Delhi,DL,,2024-10-08,CLOSED
,Store_14795,NORTH,Mumbai,TN,India,,CLOSED
S14796,Store_14796,,Pune,DL,India,2023-03-07,
S14797,Store_14797,EAST,Kolkata,DL,India,,
S14798,,WEST,Kolkata,TN,India,,OPEN
S14799,,NORTH,Delhi,DL,India,2025-05-21,
,,NORTH,Jaipur,KA,India,2021-05-21,RENOVATION
S14801,Store_14801,SOUTH,Delhi,KA,India,,
S14802,Store_14802,NORTH,Pune,,,2024-01-27,CLOSED
S14803,,NORTH,Kochi,DL,India,2025-02-16,
S14804,Store_14804,,Bengaluru,RJ,India,,CLOSED
,Store_14805,,Pune,WB,India,2023-09-19,RENOVATION
S14806,Store_14806,,Kochi,KA,India,,CLOSED
,Store_14807,,Mumbai,RJ,India,2025-10-12,OPEN
S14808,Store_14808,,,DL,India,2024-06-13,RENOVATION
S14809,Store_14809,,Hyderabad,TS,India,2024-10-16,
S14810,Store_14810,NORTH,Kochi,MH,,,RENOVATION
S14811,,CENTRAL,Hyderabad,RJ,India,2024-12-21,
,Store_14812,WEST,Kolkata,TS,India,2024-11-24,
S14813,Store_14813,EAST,Pune,,India,,CLOSED
S14814,Store_14814,EAST,Bengaluru,,,2025-03-31,OPEN
S14815,,CENTRAL,,KL,India,2025-07-13,CLOSED
,Store_14816,CENTRAL,Hyderabad,KL,India,2024-07-11,
S14817,,CENTRAL,Hyderabad,,India,2025-07-23,OPEN
S14818,Store_14818,WEST,Jaipur,TS,,2022-08-28,
S14819,Store_14819,EAST,Kochi,,,2025-12-20,CLOSED
S14820,Store_14820,WEST,Mumbai,WB,,,RENOVATION
S14821,,SOUTH,,KL,India,2023-03-19,RENOVATION
S14822,Store_14822,EAST,Hyderabad,,,2021-04-19,RENOVATION
S14823,Store_14823,WEST,Mumbai,,India,,CLOSED
,,EAST,Bengaluru,RJ,India,2024-05-13,RENOVATION
S14825,,CENTRAL,Chennai,RJ,India,,OPEN
S14826,Store_14826,,Indore,RJ,,2024-10-01,OPEN
S14827,Store_14827,,Jaipur,DL,,2024-07-28,CLOSED
S14828,,WEST,Hyderabad,RJ,India,,CLOSED
,Store_14829,NORTH,Indore,TS,India,2023-02-06,
S14830,Store_14830,NORTH,Jaipur,MH,,2023-11-12,
,Store_14831,,Mumbai,KA,India,2025-07-05,CLOSED
,Store_14832,NORTH,,DL,India,2025-11-12,CLOSED
,Store_14833,EAST,Chennai,KL,India,,RENOVATION
S14834,,,Kolkata,MP,India,2023-10-07,OPEN
S14835,,SOUTH,Delhi,MH,India,,RENOVATION
S14836,Store_14836,,Delhi,TS,,2022-09-18,CLOSED
S14837,,SOUTH,Hyderabad,KL,India,,OPEN
S14838,,WEST,Pune,,India,2022-01-03,OPEN
,Store_14839,CENTRAL,,RJ,India,2023-06-02,CLOSED
S14840,,NORTH,Indore,,India,2023-05-15,RENOVATION
S14841,,WEST,Pune,TN,India,,CLOSED
S14842,Store_14842,,,TS,India,2021-08-22,OPEN
,Store_14843,NORTH,Hyderabad,TN,India,2024-06-18,
S14844,,SOUTH,Jaipur,TS,India,,CLOSED
S14845,Store_14845,EAST,Delhi,MH,India,,
S14846,Store_14846,,Kolkata,DL,India,,CLOSED
S14847,,,Indore,DL,India,2025-09-24,RENOVATION
S14848,Store_14848,,Chennai,DL,,2021-10-05,CLOSED
S14849,,CENTRAL,Delhi,,India,2022-10-18,RENOVATION
S14850,Store_14850,CENTRAL,,MP,India,2025-07-09,
S14851,Store_14851,EAST,Pune,WB,,2025-08-13,
S14852,,,Chennai,TS,India,2022-01-05,RENOVATION
S14853,Store_14853,,,TN,India,2024-01-13,OPEN
,Store_14854,CENTRAL,Jaipur,WB,India,2023-12-01,
,Store_14855,SOUTH,,RJ,India,2021-05-25,OPEN
S14856,Store_14856,,Mumbai,MP,India,,OPEN
S14857,Store_14857,NORTH,Jaipur,,,2024-08-16,OPEN
S14858,Store_14858,EAST,,MH,,2025-09-25,RENOVATION
S14859,Store_14859,WEST,Hyderabad,,India,2023-12-30,
S14860,Store_14860,,,WB,India,2022-05-31,RENOVATION
S14861,Store_14861,SOUTH,Bengaluru,,India,,OPEN
S14862,Store_14862,,Kochi,TN,,2021-10-30,RENOVATION
S14863,Store_14863,NORTH,Jaipur,,India,2023-06-01,
S14864,Store_14864,WEST,Hyderabad,,,2024-06-19,OPEN
S14865,Store_14865,,Kochi,MP,India,2024-11-22,
S14866,,,Kolkata,KL,India,2024-08-06,OPEN
S14867,Store_14867,SOUTH,,,India,2021-05-16,RENOVATION
S14868,,WEST,Kochi,MH,,2022-10-20,OPEN
,Store_14869,CENTRAL,Chennai,,India,2025-12-21,CLOSED
,Store_14870,CENTRAL,Chennai,TS,,2022-07-30,OPEN
S14871,Store_14871,NORTH,,,India,2021-08-02,OPEN
S14872,,,Kolkata,KL,India,2025-11-18,RENOVATION
,Store_14873,CENTRAL,Indore,KL,,2023-05-05,RENOVATION
S14874,Store_14874,,Hyderabad,KL,India,,OPEN
S14875,Store_14875,,,MP,India,2021-07-07,CLOSED
,Store_14876,WEST,Kochi,DL,India,2024-07-27,
,Store_14877,WEST,Chennai,KA,India,2022-11-17,
S14878,Store_14878,WEST,Mumbai,MP,,2024-08-22,
S14879,Store_14879,WEST,Delhi,MP,India,,
,Store_14880,,Kolkata,KL,India,2025-07-29,OPEN
S14881,Store_14881,EAST,Bengaluru,KL,,2024-12-31,
S14882,,CENTRAL,Jaipur,KA,India,2025-10-10,
,Store_14883,SOUTH,,MH,India,2021-07-07,OPEN
,Store_14884,NORTH,Bengaluru,,India,2022-09-19,CLOSED
S14885,Store_14885,,Mumbai,MH,India,2023-08-11,
S14886,Store_14886,WEST,Kochi,,India,2024-01-08,
S14887,Store_14887,,Kolkata,DL,India,,RENOVATION
S14888,,EAST,,WB,India,2025-06-20,RENOVATION
S14889,Store_14889,EAST,,,India,2021-11-06,RENOVATION
S14890,,WEST,Mumbai,KA,India,,OPEN
S14891,Store_14891,,Delhi,,India,2024-05-31,CLOSED
S14892,Store_14892,EAST,Kochi,,,2023-01-23,OPEN
,Store_14893,WEST,Hyderabad,WB,,2024-05-21,OPEN
S14894,Store_14894,,Kochi,TN,India,2023-01-02,
S14895,,WEST,Chennai,RJ,,2023-10-02,RENOVATION
,Store_14896,EAST,,MH,India,2022-10-31,CLOSED
S14897,Store_14897,NORTH,,TN,,2025-07-05,RENOVATION
S14898,Store_14898,WEST,,MH,,2025-08-24,RENOVATION
S14899,,WEST,Kochi,TS,,2024-11-27,OPEN
,Store_14900,CENTRAL,Kolkata,TN,India,2022-04-12,
S14901,Store_14901,,,MH,India,2023-10-30,OPEN
S14902,Store_14902,WEST,,,India,2021-02-20,OPEN
S14903,Store_14903,,Pune,MP,India,,RENOVATION
S14904,Store_14904,,Chennai,RJ,,2023-02-19,CLOSED
S14905,Store_14905,EAST,,TN,India,,OPEN
S14906,,EAST,Kochi,MP,,2022-06-29,OPEN
S14907,Store_14907,EAST,Indore,KA,,2022-03-25,
S14908,,,Chennai,RJ,India,2025-09-25,RENOVATION
S14909,Store_14909,,Chennai,,India,2025-11-13,OPEN
S14910,,,Hyderabad,KL,India,2021-12-31,CLOSED
S14911,Store_14911,WEST,Mumbai,KL,,2025-12-13,
S14912,Store_14912,,Bengaluru,,India,2025-07-27,OPEN
,Store_14913,EAST,Indore,,India,2025-10-18,OPEN
S14914,,,Chennai,MH,India,2023-07-01,RENOVATION
S14915,Store_14915,EAST,,TN,,2024-02-25,CLOSED
,Store_14916,SOUTH,Jaipur,TS,India,2021-08-03,
S14917,Store_14917,SOUTH,Kochi,TN,,2025-02-04,
,Store_14918,EAST,Hyderabad,TS,India,,RENOVATION
S14919,Store_14919,EAST,Jaipur,,India,,OPEN
S14920,,CENTRAL,Mumbai,KL,India,2025-04-10,
,Store_14921,SOUTH,Jaipur,RJ,India,2023-10-18,
,Store_14922,EAST,Pune,WB,India,2021-03-24,
,Store_14923,CENTRAL,Kolkata,KL,India,2025-07-20,
,Store_14924,CENTRAL,Jaipur,,India,2022-09-28,RENOVATION
S14925,Store_14925,WEST,,KA,India,2021-02-16,
S14926,,SOUTH,,TS,India,2023-11-27,CLOSED
S14927,Store_14927,EAST,Pune,TN,,,OPEN
S14928,Store_14928,CENTRAL,,RJ,India,2024-08-16,
S14929,Store_14929,WEST,Jaipur,,India,,CLOSED
,,NORTH,Bengaluru,MH,India,2024-08-17,CLOSED
,Store_14931,WEST,,RJ,India,2024-08-18,OPEN
S14932,Store_14932,NORTH,Kochi,,,2022-03-23,OPEN
S14933,Store_14933,CENTRAL,,,India,2023-11-09,OPEN
S14934,Store_14934,CENTRAL,,WB,India,2023-12-26,
S14935,Store_14935,EAST,,,India,2022-01-06,OPEN
S14936,,,Jaipur,MP,India,2021-05-01,RENOVATION
S14937,,NORTH,Indore,MH,India,,CLOSED
S14938,Store_14938,,,MH,India,2024-04-04,OPEN
,Store_14939,SOUTH,Indore,DL,,2021-12-29,OPEN
S14940,,WEST,Hyderabad,MH,India,,OPEN
S14941,Store_14941,,Pune,,India,2025-07-15,OPEN
S14942,Store_14942,,Mumbai,KL,,2022-07-09,OPEN
,Store_14943,EAST,Jaipur,,India,2022-09-25,OPEN
S14944,Store_14944,EAST,Mumbai,DL,,,OPEN
S14945,,CENTRAL,Kolkata,MP,India,2023-01-01,
,,EAST,Indore,MH,India,2025-10-16,OPEN
,Store_14947,NORTH,Mumbai,TN,,2025-06-19,CLOSED
,,NORTH,Kochi,DL,India,2023-06-13,RENOVATION
S14949,Store_14949,,,KA,India,2025-03-25,RENOVATION
,,EAST,Jaipur,MP,India,2025-02-17,CLOSED
S14951,,NORTH,Indore,,India,2024-11-24,RENOVATION
,Store_14952,CENTRAL,Mumbai,DL,India,2021-09-24,
S14953,,CENTRAL,Indore,MH,,2022-07-17,OPEN
,Store_14954,EAST,Mumbai,KL,India,2023-08-21,
,Store_14955,,Kochi,TN,India,2023-09-24,CLOSED
S14956,Store_14956,NORTH,Pune,,,2021-06-26,RENOVATION
S14957,,,Pune,DL,India,2024-01-07,RENOVATION
,Store_14958,,Mumbai,KA,India,2021-05-05,RENOVATION
,Store_14959,EAST,Indore,WB,India,2023-09-30,
,Store_14960,SOUTH,Pune,MP,India,2023-01-20,
S14961,Store_14961,CENTRAL,Chennai,MH,,2024-01-10,
S14962,Store_14962,WEST,Bengaluru,,India,,OPEN
S14963,,SOUTH,Kochi,,India,2021-11-28,RENOVATION
S14964,Store_14964,,Indore,DL,India,,OPEN
S14965,,NORTH,,RJ,India,2023-12-23,OPEN
S14966,,,Pune,MP,India,2023-05-02,OPEN
,Store_14967,,Jaipur,KL,India,2022-02-15,RENOVATION
S14968,Store_14968,,Kochi,DL,India,2023-03-30,
,Store_14969,,Kolkata,KL,India,2023-08-31,OPEN
,Store_14970,SOUTH,Mumbai,,India,2021-06-27,RENOVATION
,Store_14971,SOUTH,Jaipur,,India,2023-03-15,CLOSED
S14972,Store_14972,NORTH,Pune,MP,,2025-07-30,
,Store_14973,EAST,Chennai,,India,2023-10-02,OPEN
S14974,Store_14974,CENTRAL,,,India,2026-01-12,OPEN
,Store_14975,WEST,Hyderabad,RJ,,2025-11-20,CLOSED
S14976,Store_14976,,Chennai,,India,2021-10-24,RENOVATION
S14977,,SOUTH,Chennai,,India,2025-05-12,RENOVATION
,Store_14978,WEST,Delhi,MP,India,,CLOSED
S14979,,NORTH,Kolkata,MH,,2025-08-29,OPEN
S14980,Store_14980,NORTH,Jaipur,DL,,,CLOSED
S14981,,EAST,Bengaluru,MP,India,2021-06-23,
,Store_14982,CENTRAL,Hyderabad,TN,,2021-08-01,CLOSED
S14983,Store_14983,CENTRAL,Kochi,,,2021-05-09,CLOSED
S14984,,SOUTH,Kolkata,KA,India,2024-04-27,
S14985,,EAST,Chennai,MP,,2023-07-22,OPEN
S14986,Store_14986,,Mumbai,DL,India,,OPEN
S14987,Store_14987,,Mumbai,WB,India,2021-07-18,
S14988,Store_14988,,Mumbai,MP,India,2021-03-07,
S14989,,SOUTH,Kolkata,DL,India,2021-09-14,
S14990,Store_14990,,Jaipur,WB,India,,OPEN
S14991,Store_14991,,Chennai,DL,India,2024-07-28,
S14992,Store_14992,,Mumbai,,India,2022-07-21,RENOVATION
S14993,Store_14993,NORTH,Pune,DL,,2024-11-01,
S14994,Store_14994,SOUTH,Pune,,India,,CLOSED
S14995,Store_14995,CENTRAL,Kochi,,India,,CLOSED
,,WEST,Jaipur,MP,India,2025-10-24,CLOSED
S14997,Store_14997,SOUTH,,TN,India,,OPEN
S14998,Store_14998,SOUTH,,TN,India,2025-08-16,
S14999,,CENTRAL,Hyderabad,KL,,2023-03-02,RENOVATION
S15000,Store_15000,,Bengaluru,RJ,India,2021-04-03,
S15001,Store_15001,CENTRAL,,RJ,India,,OPEN
S15002,Store_15002,WEST,,,India,2021-02-06,RENOVATION
S15003,Store_15003,,Delhi,TS,India,2021-12-23,
S15004,Store_15004,SOUTH,Kochi,KA,,2025-01-04,
S15005,,CENTRAL,Chennai,KL,India,2024-06-09,
,Store_15006,EAST,Kochi,,India,2025-10-11,RENOVATION
S15007,Store_15007,EAST,,,India,2022-03-22,CLOSED
S15008,Store_15008,,,TN,India,2025-01-18,RENOVATION
S15009,Store_15009,NORTH,Hyderabad,DL,,,RENOVATION
,Store_15010,EAST,,TS,India,2021-08-21,CLOSED
,Store_15011,SOUTH,Kochi,DL,India,2024-08-28,
,Store_15012,,Bengaluru,MP,India,2022-09-08,OPEN
S15013,Store_15013,,,DL,India,2023-06-14,CLOSED
S15014,Store_15014,,Jaipur,TN,India,,OPEN
,Store_15015,,Hyderabad,KL,India,2024-05-04,OPEN
,Store_15016,,Chennai,TN,India,2021-02-17,CLOSED
,Store_15017,SOUTH,Pune,WB,India,2026-01-17,
,Store_15018,WEST,Delhi,,India,2024-03-17,OPEN
S15019,,NORTH,Jaipur,RJ,India,2025-02-05,
S15020,,EAST,Mumbai,,India,2025-05-13,CLOSED
S15021,,WEST,,KL,India,2024-01-25,RENOVATION
S15022,Store_15022,WEST,,MH,India,2023-06-04,
S15023,,,Hyderabad,MP,India,2024-11-22,CLOSED
S15024,Store_15024,WEST,,MP,,2023-11-08,CLOSED
S15025,Store_15025,CENTRAL,,TS,India,2025-08-04,
S15026,,SOUTH,,MP,India,2023-04-24,CLOSED
S15027,Store_15027,,Chennai,DL,India,,OPEN
S15028,Store_15028,SOUTH,Pune,,India,2023-08-25,
S15029,Store_15029,CENTRAL,Hyderabad,,,2022-08-01,CLOSED
S15030,Store_15030,,Mumbai,MH,India,2024-12-26,
S15031,Store_15031,SOUTH,Kolkata,,,2024-10-17,RENOVATION
S15032,Store_15032,SOUTH,,,India,2021-12-16,OPEN
S15033,Store_15033,WEST,Jaipur,MH,India,,
S15034,Store_15034,,Delhi,DL,India,2022-08-01,
S15035,,EAST,Kolkata,TN,,2024-09-25,RENOVATION
,Store_15036,SOUTH,Pune,RJ,,2023-11-22,CLOSED
S15037,Store_15037,EAST,,KA,India,,CLOSED
S15038,Store_15038,,Hyderabad,KL,India,2025-04-25,
S15039,Store_15039,CENTRAL,Mumbai,,India,,OPEN
S15040,Store_15040,,Jaipur,WB,,2024-10-16,CLOSED
,Store_15041,NORTH,Chennai,KA,,2022-06-11,CLOSED
S15042,Store_15042,,,DL,India,2025-05-19,RENOVATION
,Store_15043,NORTH,Mumbai,RJ,India,,OPEN
,Store_15044,CENTRAL,Bengaluru,,India,2023-07-12,RENOVATION
S15045,Store_15045,EAST,Pune,MP,,,CLOSED
,,SOUTH,Mumbai,MP,India,2025-04-20,RENOVATION
,Store_15047,CENTRAL,Bengaluru,TN,,2024-08-23,OPEN
,Store_15048,,Bengaluru,KL,India,2024-04-12,RENOVATION
S15049,,EAST,Jaipur,,India,2024-04-12,OPEN
S15050,Store_15050,SOUTH,,TS,India,2024-10-05,
S15051,Store_15051,WEST,,TS,India,,RENOVATION
S15052,,SOUTH,Chennai,KA,,2026-01-28,RENOVATION
S15053,Store_15053,CENTRAL,Bengaluru,,,2023-10-09,CLOSED
S15054,Store_15054,NORTH,,,India,2024-05-17,CLOSED
S15055,Store_15055,NORTH,Delhi,,India,2021-06-18,
S15056,Store_15056,,,KL,India,2025-03-31,CLOSED
,Store_15057,NORTH,Pune,KL,,2023-07-18,RENOVATION
,Store_15058,SOUTH,Indore,KA,India,,RENOVATION
,Store_15059,SOUTH,Pune,MP,,2023-06-29,OPEN
S15060,Store_15060,NORTH,Pune,,India,2024-11-21,
,Store_15061,,Kolkata,WB,India,2023-03-08,RENOVATION
S15062,Store_15062,EAST,,KL,India,,CLOSED
S15063,Store_15063,,Kochi,,India,2022-04-04,CLOSED
,Store_15064,WEST,Chennai,,India,2021-08-04,OPEN
S15065,,NORTH,Indore,,India,2023-04-21,RENOVATION
S15066,Store_15066,CENTRAL,,,India,2022-09-27,CLOSED
S15067,Store_15067,CENTRAL,Bengaluru,,India,2021-02-21,
S15068,Store_15068,CENTRAL,,KA,India,2024-10-13,
S15069,,WEST,Delhi,,India,2024-09-28,RENOVATION
,Store_15070,WEST,,MP,India,2023-03-23,RENOVATION
,Store_15071,CENTRAL,Kochi,,India,2025-12-23,OPEN
S15072,Store_15072,EAST,Mumbai,RJ,,2021-06-01,
S15073,Store_15073,,Mumbai,MP,India,2024-11-30,
,Store_15074,EAST,Hyderabad,WB,India,,OPEN
,Store_15075,EAST,Bengaluru,TN,,2024-11-09,CLOSED
S15076,Store_15076,CENTRAL,,,India,2022-07-06,RENOVATION
,Store_15077,CENTRAL,,MH,India,2025-08-08,RENOVATION
S15078,,WEST,Kochi,,India,2024-05-23,RENOVATION
S15079,,SOUTH,Chennai,,India,2022-05-12,CLOSED
S15080,Store_15080,,Chennai,WB,,2025-08-25,OPEN
S15081,Store_15081,CENTRAL,Hyderabad,,India,,CLOSED
S15082,,SOUTH,Hyderabad,KA,India,,RENOVATION
S15083,,CENTRAL,,DL,India,2025-01-05,CLOSED
,Store_15084,,Bengaluru,MH,India,2022-05-08,CLOSED
S15085,Store_15085,NORTH,,MH,India,2025-01-07,
S15086,Store_15086,SOUTH,,MH,India,2021-04-03,
,Store_15087,,Hyderabad,KA,India,2025-09-22,RENOVATION
S15088,Store_15088,,Kolkata,DL,India,,CLOSED
,Store_15089,NORTH,Hyderabad,MP,,2023-02-18,CLOSED
S15090,,NORTH,,TN,India,2024-12-05,OPEN
S15091,Store_15091,WEST,Mumbai,,,2023-02-26,RENOVATION
,Store_15092,EAST,Hyderabad,TN,India,,CLOSED
S15093,,NORTH,Kolkata,WB,India,2021-08-20,
S15094,Store_15094,,,MP,India,2021-09-16,RENOVATION
,Store_15095,EAST,,RJ,India,2022-03-07,OPEN
S15096,Store_15096,SOUTH,Indore,RJ,,2024-05-12,
S15097,Store_15097,EAST,Bengaluru,WB,,,CLOSED
S15098,Store_15098,,Jaipur,,India,2025-08-03,OPEN
S15099,,WEST,Pune,DL,,2021-04-04,CLOSED
S15100,Store_15100,,Bengaluru,MP,India,2022-03-24,
S15101,Store_15101,WEST,,WB,India,,RENOVATION
S15102,,CENTRAL,Kochi,RJ,,2022-09-02,OPEN
S15103,,CENTRAL,Pune,,India,2023-03-20,RENOVATION
S15104,,WEST,Jaipur,MH,,2022-08-03,RENOVATION
,,NORTH,Chennai,WB,India,2022-02-03,RENOVATION
S15106,Store_15106,,,TN,India,2023-10-31,RENOVATION
,Store_15107,SOUTH,,MH,India,2023-12-15,RENOVATION
S15108,Store_15108,,,KA,India,2025-02-25,OPEN
S15109,Store_15109,EAST,Indore,,India,,CLOSED
S15110,Store_15110,WEST,Pune,,,2025-03-22,CLOSED
S15111,Store_15111,,Bengaluru,DL,India,2023-04-05,
,Store_15112,SOUTH,Delhi,MP,,2024-02-01,OPEN
S15113,Store_15113,NORTH,Kochi,DL,India,,
,Store_15114,WEST,Jaipur,TN,India,,RENOVATION
S15115,Store_15115,EAST,,MH,India,2025-06-02,
S15116,Store_15116,EAST,Pune,DL,India,,
S15117,,SOUTH,Kolkata,,India,2023-08-14,OPEN
S15118,Store_15118,SOUTH,Indore,KA,India,,
S15119,Store_15119,,Mumbai,MP,India,,RENOVATION
S15120,Store_15120,,,TS,India,2022-07-19,RENOVATION
S15121,Store_15121,SOUTH,Bengaluru,KL,,,CLOSED
S15122,Store_15122,,Indore,KA,India,,OPEN
S15123,,WEST,,KA,India,2024-04-09,CLOSED
,Store_15124,NORTH,Mumbai,MP,India,2025-04-05,
S15125,Store_15125,CENTRAL,Chennai,,,2021-09-25,CLOSED
S15126,,,Jaipur,KL,India,2023-07-16,OPEN
,Store_15127,NORTH,Kolkata,RJ,India,2025-11-02,
S15128,Store_15128,WEST,,DL,India,2023-04-14,
,,CENTRAL,Bengaluru,WB,India,2025-02-03,CLOSED
S15130,Store_15130,,,TS,India,2021-12-23,RENOVATION
S15131,,,Kochi,DL,India,2023-09-25,OPEN
S15132,Store_15132,SOUTH,,,India,2022-03-31,CLOSED
S15133,Store_15133,,Delhi,WB,India,2024-01-26,
S15134,Store_15134,NORTH,Kolkata,,India,,CLOSED
,Store_15135,WEST,Chennai,,India,2022-10-22,RENOVATION
S15136,Store_15136,NORTH,Indore,,India,2024-06-15,
S15137,,NORTH,Mumbai,WB,,2024-09-23,OPEN
S15138,Store_15138,,Pune,TN,,2023-07-23,CLOSED
S15139,Store_15139,CENTRAL,Chennai,TN,,,CLOSED
S15140,Store_15140,WEST,Kochi,,India,,CLOSED
S15141,Store_15141,NORTH,Pune,,India,2023-08-12,
S15142,Store_15142,SOUTH,,,India,2024-01-11,RENOVATION
S15143,Store_15143,EAST,,TN,,2024-05-30,OPEN
,Store_15144,CENTRAL,Delhi,WB,India,2021-04-03,
,Store_15145,EAST,Delhi,MP,India,2023-06-01,
S15146,Store_15146,CENTRAL,Bengaluru,TS,,2023-11-25,
S15147,Store_15147,WEST,Kochi,,,2023-10-24,RENOVATION
S15148,Store_15148,CENTRAL,Jaipur,TS,,2023-12-20,
,Store_15149,,Kochi,RJ,India,2022-02-07,RENOVATION
S15150,Store_15150,EAST,Mumbai,,India,,OPEN
,Store_15151,EAST,Indore,TN,India,,CLOSED
S15152,Store_15152,,Hyderabad,DL,,2021-02-20,RENOVATION
,Store_15153,WEST,Bengaluru,TN,India,,CLOSED
S15154,Store_15154,SOUTH,Jaipur,,,2025-12-08,OPEN
S15155,Store_15155,WEST,Kochi,,India,,CLOSED
S15156,Store_15156,WEST,,TS,,2021-04-27,RENOVATION
S15157,,EAST,Mumbai,,India,2025-10-20,OPEN
S15158,Store_15158,WEST,Hyderabad,KA,,,OPEN
S15159,,WEST,Chennai,,India,2024-05-12,CLOSED
S15160,Store_15160,EAST,Mumbai,,India,2022-01-04,
,Store_15161,CENTRAL,Chennai,TN,India,,OPEN
S15162,Store_15162,NORTH,Chennai,,,2024-10-15,CLOSED
S15163,Store_15163,,Bengaluru,MP,India,2021-08-19,
S15164,Store_15164,WEST,Mumbai,MP,India,,
S15165,,SOUTH,Kolkata,,India,2025-06-08,RENOVATION
S15166,Store_15166,SOUTH,Indore,RJ,India,,
S15167,,,Jaipur,WB,India,2025-08-03,CLOSED
S15168,Store_15168,,Bengaluru,TN,India,2023-03-22,
S15169,Store_15169,EAST,Indore,KL,,2025-01-10,
,Store_15170,EAST,Bengaluru,KL,,2023-07-08,CLOSED
S15171,,WEST,,MP,India,2022-02-08,RENOVATION
S15172,,,Delhi,MP,India,2024-08-18,RENOVATION
,Store_15173,WEST,Kolkata,WB,,2022-03-30,OPEN
S15174,Store_15174,NORTH,Chennai,MP,India,,
S15175,Store_15175,EAST,,,India,2022-11-08,OPEN
S15176,,,Delhi,DL,India,2021-06-13,OPEN
S15177,,NORTH,Kolkata,,India,2024-03-22,CLOSED
S15178,Store_15178,,,MH,India,2025-02-19,RENOVATION
S15179,Store_15179,SOUTH,Mumbai,MH,,,OPEN
S15180,Store_15180,,Mumbai,RJ,,2021-05-05,OPEN
,,NORTH,Bengaluru,TN,India,2025-12-25,OPEN
S15182,Store_15182,,Hyderabad,DL,India,2026-01-25,
S15183,Store_15183,,Kochi,MH,,2025-05-26,RENOVATION
S15184,Store_15184,NORTH,,DL,,2025-07-03,CLOSED
S15185,Store_15185,CENTRAL,Hyderabad,MH,,2023-10-24,
S15186,Store_15186,,Bengaluru,,India,2022-02-16,RENOVATION
,Store_15187,NORTH,Mumbai,,India,2024-06-22,CLOSED
S15188,Store_15188,WEST,,MH,,2023-08-19,RENOVATION
S15189,Store_15189,WEST,Mumbai,KA,India,,
,Store_15190,EAST,Kolkata,TS,,2022-08-02,CLOSED
S15191,Store_15191,CENTRAL,Mumbai,,India,2025-09-15,
,Store_15192,EAST,Kochi,DL,,2024-05-27,CLOSED
,Store_15193,,Hyderabad,KA,India,2024-03-30,RENOVATION
S15194,,CENTRAL,Chennai,DL,India,,RENOVATION
S15195,Store_15195,,,MP,India,2023-07-03,RENOVATION
S15196,Store_15196,NORTH,Jaipur,KA,,2025-01-03,
S15197,Store_15197,,Pune,DL,India,,RENOVATION
,Store_15198,WEST,Jaipur,TN,India,2025-09-17,
,Store_15199,CENTRAL,Delhi,,India,2024-07-30,OPEN
,Store_15200,NORTH,Kochi,TS,India,2021-08-17,
S15201,Store_15201,EAST,Jaipur,,India,2024-04-25,
,Store_15202,,Kolkata,TN,India,2024-03-30,CLOSED
S15203,Store_15203,CENTRAL,Pune,,,2024-07-07,RENOVATION
S15204,Store_15204,,,DL,India,2022-05-20,RENOVATION
,,EAST,Hyderabad,RJ,India,2023-07-27,OPEN
S15206,,,Hyderabad,KA,India,2023-07-30,OPEN
S15207,Store_15207,WEST,Hyderabad,DL,India,,
S15208,Store_15208,WEST,,MP,,2024-07-31,CLOSED
S15209,Store_15209,,Mumbai,MP,,2023-02-15,CLOSED
S15210,Store_15210,WEST,Kochi,,India,,OPEN
S15211,Store_15211,EAST,Delhi,,India,,RENOVATION
S15212,Store_15212,NORTH,,,India,2023-10-02,OPEN
,Store_15213,EAST,Pune,WB,India,2021-06-19,
,Store_15214,,Indore,KL,India,2024-03-26,RENOVATION
,Store_15215,NORTH,Jaipur,KL,,2022-12-20,CLOSED
,Store_15216,WEST,Chennai,MH,India,,RENOVATION
S15217,Store_15217,,,DL,India,2025-03-16,OPEN
S15218,,SOUTH,Kolkata,,India,2021-07-14,CLOSED
S15219,Store_15219,WEST,Chennai,,,2023-05-18,RENOVATION
S15220,Store_15220,CENTRAL,Pune,TN,,,CLOSED
S15221,Store_15221,NORTH,,KL,,2025-01-20,RENOVATION
,,WEST,Kolkata,KL,India,2023-06-26,RENOVATION
S15223,Store_15223,SOUTH,,TN,India,,CLOSED
S15224,,CENTRAL,Chennai,KA,,2022-09-17,CLOSED
S15225,,WEST,Chennai,,India,2021-08-19,RENOVATION
S15226,Store_15226,NORTH,,MH,India,,CLOSED
,Store_15227,WEST,Kolkata,,India,2021-12-26,RENOVATION
S15228,Store_15228,CENTRAL,Mumbai,,India,,RENOVATION
S15229,Store_15229,,Indore,KL,India,,CLOSED
,,WEST,Jaipur,TS,India,2025-07-17,CLOSED
S15231,Store_15231,CENTRAL,,MP,India,,CLOSED
S15232,Store_15232,NORTH,Indore,,,2026-02-01,OPEN
S15233,Store_15233,WEST,,,India,2023-08-07,RENOVATION
,Store_15234,,Jaipur,TN,India,2025-11-12,OPEN
,,SOUTH,Delhi,KA,India,2025-11-02,OPEN
,,WEST,Delhi,TS,India,2021-03-03,OPEN
S15237,Store_15237,WEST,Bengaluru,,India,2021-02-18,
S15238,Store_15238,WEST,,KA,India,,OPEN
,Store_15239,SOUTH,Delhi,TS,,2021-04-30,CLOSED
S15240,,NORTH,Pune,TN,India,2023-03-11,
S15241,Store_15241,NORTH,,MP,,2023-03-20,RENOVATION
S15242,,,Delhi,DL,India,2024-05-07,CLOSED
S15243,Store_15243,EAST,Kolkata,KL,,,OPEN
S15244,,CENTRAL,Indore,RJ,India,,CLOSED
S15245,,CENTRAL,Indore,DL,,2021-05-24,RENOVATION
S15246,Store_15246,,,KA,India,2023-05-12,CLOSED
S15247,Store_15247,WEST,Kochi,,,2024-07-28,OPEN
S15248,,CENTRAL,Kochi,WB,India,2022-11-03,
,Store_15249,WEST,Mumbai,TS,India,2023-02-01,
S15250,Store_15250,NORTH,Kolkata,RJ,,,RENOVATION
S15251,Store_15251,,Delhi,WB,,2021-03-06,OPEN
S15252,Store_15252,WEST,Chennai,,India,2024-06-13,
S15253,Store_15253,EAST,Delhi,,India,,CLOSED
S15254,Store_15254,SOUTH,,,India,2024-01-15,RENOVATION
S15255,Store_15255,SOUTH,,,India,2021-06-14,CLOSED
S15256,Store_15256,NORTH,,WB,India,,CLOSED
,Store_15257,WEST,Delhi,TS,,2025-12-12,RENOVATION
,Store_15258,,Jaipur,DL,India,2021-07-26,RENOVATION
S15259,Store_15259,,,MH,India,2023-09-17,RENOVATION
S15260,Store_15260,NORTH,,,India,2024-12-17,CLOSED
S15261,Store_15261,CENTRAL,,DL,India,2022-06-29,
S15262,Store_15262,CENTRAL,,MP,,2022-11-27,CLOSED
S15263,Store_15263,SOUTH,Pune,,,2021-12-27,OPEN
,Store_15264,SOUTH,Mumbai,WB,India,,CLOSED
S15265,Store_15265,NORTH,,TN,India,,CLOSED
,Store_15266,WEST,Bengaluru,TS,,2022-10-27,CLOSED
,Store_15267,CENTRAL,Pune,KA,India,2022-01-24,
S15268,Store_15268,,Kolkata,MP,India,,RENOVATION
,Store_15269,EAST,Chennai,RJ,India,2021-04-07,
S15270,Store_15270,NORTH,Kochi,,,2023-07-05,OPEN
S15271,,WEST,Bengaluru,WB,India,,OPEN
S15272,,SOUTH,Chennai,,India,2023-05-15,OPEN
,Store_15273,SOUTH,Delhi,,India,2022-02-24,OPEN
S15274,Store_15274,,Kochi,,India,2025-03-08,OPEN
,Store_15275,CENTRAL,Bengaluru,KA,India,2026-01-19,
,,SOUTH,Chennai,WB,India,2025-02-14,RENOVATION
S15277,Store_15277,NORTH,Mumbai,,,2023-12-06,OPEN
S15278,Store_15278,NORTH,Jaipur,,India,,RENOVATION
S15279,Store_15279,SOUTH,Kochi,DL,,,RENOVATION
S15280,Store_15280,NORTH,,TS,India,,RENOVATION
S15281,,WEST,Hyderabad,,India,2022-08-23,CLOSED
S15282,Store_15282,NORTH,,DL,,2025-01-07,OPEN
,Store_15283,SOUTH,Hyderabad,RJ,,2021-06-02,CLOSED
S15284,Store_15284,EAST,,DL,,2022-07-13,CLOSED
S15285,Store_15285,,,TN,India,2021-05-18,RENOVATION
S15286,Store_15286,WEST,,RJ,India,,CLOSED
,,EAST,Delhi,DL,India,2024-03-02,OPEN
S15288,Store_15288,EAST,Indore,,,2022-10-09,OPEN
,Store_15289,SOUTH,Pune,KA,India,2024-07-09,
S15290,Store_15290,,Indore,,India,2023-03-25,CLOSED
,Store_15291,,Bengaluru,RJ,India,2022-05-23,CLOSED
S15292,Store_15292,NORTH,Bengaluru,,India,,OPEN
S15293,,EAST,Mumbai,,India,2024-12-05,RENOVATION
S15294,Store_15294,NORTH,,KL,India,,OPEN
S15295,Store_15295,EAST,Indore,KA,India,,
S15296,,,Pune,RJ,India,2021-02-13,RENOVATION
S15297,Store_15297,,Indore,,India,2025-07-16,RENOVATION
S15298,Store_15298,SOUTH,Mumbai,,,2025-09-17,CLOSED
,Store_15299,SOUTH,Delhi,TS,,2021-11-21,RENOVATION
S15300,,SOUTH,Kolkata,TN,India,,CLOSED
S15301,Store_15301,CENTRAL,,WB,India,,CLOSED
S15302,Store_15302,,Delhi,,India,2024-10-13,RENOVATION
S15303,,SOUTH,,MP,India,2025-02-21,RENOVATION
S15304,Store_15304,CENTRAL,Bengaluru,MH,,,CLOSED
S15305,Store_15305,EAST,Chennai,WB,India,,
,Store_15306,CENTRAL,Indore,,India,2023-10-02,OPEN
,Store_15307,CENTRAL,Kochi,MH,India,2022-09-04,
S15308,Store_15308,WEST,Bengaluru,,,2022-02-16,CLOSED
S15309,,CENTRAL,,KL,India,2023-11-17,RENOVATION
,Store_15310,EAST,Kolkata,,India,2022-02-01,RENOVATION
S15311,,EAST,Indore,KL,India,2022-03-29,
S15312,Store_15312,,Jaipur,,India,2023-02-24,RENOVATION
,Store_15313,NORTH,,MP,India,2024-10-14,RENOVATION
S15314,Store_15314,EAST,,MP,India,2025-01-16,
,Store_15315,EAST,Kochi,,India,2022-12-20,RENOVATION
S15316,,NORTH,Pune,TS,India,2022-08-19,
S15317,Store_15317,EAST,,,India,2025-02-22,RENOVATION
S15318,Store_15318,,Delhi,DL,India,2024-04-29,
S15319,,NORTH,Chennai,RJ,,2023-11-09,RENOVATION
,Store_15320,SOUTH,,TS,India,2021-10-13,OPEN
,Store_15321,,Chennai,RJ,India,2023-03-25,CLOSED
S15322,Store_15322,,Delhi,DL,India,,OPEN
S15323,Store_15323,SOUTH,Kolkata,TN,,,OPEN
S15324,,NORTH,Kochi,KL,India,2023-05-16,
,Store_15325,NORTH,Pune,TN,India,,CLOSED
S15326,,WEST,,TS,India,2021-07-10,RENOVATION
S15327,Store_15327,,Mumbai,,India,2021-10-15,CLOSED
S15328,Store_15328,NORTH,Kolkata,,India,2021-04-13,
,Store_15329,,Chennai,MH,India,2021-02-05,CLOSED
S15330,Store_15330,WEST,,TS,,2025-08-14,RENOVATION
S15331,Store_15331,,,KL,India,2021-04-26,CLOSED
,Store_15332,WEST,Kochi,MH,,2024-02-14,OPEN
S15333,Store_15333,,Kochi,,India,2021-12-18,CLOSED
,Store_15334,,Mumbai,KA,India,2024-09-07,RENOVATION
S15335,Store_15335,,Bengaluru,KA,India,,CLOSED
S15336,,NORTH,,DL,India,2021-09-16,CLOSED
S15337,Store_15337,SOUTH,,WB,,2022-07-22,CLOSED
,Store_15338,,Bengaluru,TS,India,2022-08-14,RENOVATION
S15339,Store_15339,,Delhi,WB,India,2025-12-14,
,Store_15340,CENTRAL,Kochi,,India,2023-02-23,OPEN
S15341,,NORTH,,KL,India,2024-05-07,CLOSED
,Store_15342,,Hyderabad,KA,India,2025-09-25,CLOSED
,Store_15343,SOUTH,Bengaluru,DL,India,2023-09-26,
S15344,Store_15344,,Mumbai,,India,2022-02-11,OPEN
,Store_15345,EAST,,MP,India,2024-06-12,RENOVATION
,Store_15346,CENTRAL,Hyderabad,KL,,2023-01-01,OPEN
,Store_15347,CENTRAL,Chennai,,India,2025-01-13,RENOVATION
,Store_15348,NORTH,,RJ,India,2021-03-13,RENOVATION
,Store_15349,SOUTH,Bengaluru,MP,India,,CLOSED
S15350,Store_15350,CENTRAL,Pune,,India,2022-02-01,
S15351,Store_15351,NORTH,,MP,India,,OPEN
S15352,Store_15352,NORTH,,TN,India,,CLOSED
S15353,Store_15353,NORTH,Kolkata,MH,,2023-11-22,
S15354,Store_15354,CENTRAL,Delhi,,,2023-01-07,OPEN
S15355,,NORTH,Chennai,WB,India,,CLOSED
S15356,Store_15356,,Pune,MH,,2025-06-29,OPEN
,Store_15357,NORTH,Mumbai,DL,,2023-08-17,OPEN
,,EAST,Indore,TS,India,2024-08-26,CLOSED
,Store_15359,NORTH,Chennai,WB,India,2026-01-23,
,Store_15360,NORTH,,RJ,India,2025-09-25,CLOSED
S15361,Store_15361,NORTH,Mumbai,TS,,2025-10-05,
,Store_15362,,Kolkata,TS,India,2026-01-30,OPEN
,Store_15363,EAST,Kolkata,RJ,,2022-10-17,RENOVATION
S15364,Store_15364,SOUTH,Pune,KL,India,,
S15365,Store_15365,CENTRAL,Mumbai,,,2021-03-02,CLOSED
S15366,Store_15366,EAST,Hyderabad,,India,,OPEN
,Store_15367,WEST,Kolkata,RJ,India,2023-02-14,
S15368,Store_15368,,Indore,,India,2024-08-14,OPEN
S15369,,,Jaipur,WB,India,2021-11-17,OPEN
S15370,,CENTRAL,Kochi,MH,,2025-09-02,OPEN
S15371,Store_15371,,Delhi,TS,India,,RENOVATION
,Store_15372,NORTH,Pune,,India,2024-05-23,OPEN
S15373,,,Delhi,KA,India,2024-05-24,CLOSED
S15374,Store_15374,NORTH,,,India,2021-03-09,CLOSED
S15375,Store_15375,EAST,Bengaluru,TS,,2023-12-01,
S15376,Store_15376,,Bengaluru,TN,India,2021-02-23,
,Store_15377,,Jaipur,KL,India,2025-01-10,OPEN
S15378,,WEST,Pune,TN,India,,RENOVATION
,,NORTH,Mumbai,MH,India,2024-11-04,RENOVATION
S15380,,NORTH,Indore,RJ,,2024-07-03,RENOVATION
S15381,,EAST,,DL,India,2023-08-10,RENOVATION
S15382,,NORTH,Kolkata,RJ,,2021-02-26,OPEN
,Store_15383,WEST,Jaipur,,India,2023-05-19,RENOVATION
S15384,Store_15384,NORTH,Mumbai,,India,,CLOSED
S15385,Store_15385,WEST,Jaipur,TN,,,CLOSED
,Store_15386,WEST,Indore,,India,2024-10-23,OPEN
S15387,Store_15387,SOUTH,,,India,2023-03-23,OPEN
S15388,Store_15388,WEST,Chennai,,,2022-02-26,RENOVATION
S15389,Store_15389,SOUTH,Hyderabad,,India,2022-03-12,
S15390,Store_15390,NORTH,Chennai,TN,,,OPEN
S15391,Store_15391,CENTRAL,,TS,India,2021-03-09,
S15392,Store_15392,WEST,Hyderabad,,India,,OPEN
S15393,Store_15393,WEST,Kolkata,,India,2022-05-26,
S15394,Store_15394,EAST,Chennai,,India,2025-11-16,
S15395,Store_15395,EAST,Hyderabad,TS,,2024-09-16,
S15396,Store_15396,,Chennai,RJ,India,,RENOVATION
S15397,Store_15397,SOUTH,Hyderabad,KA,India,,
S15398,Store_15398,CENTRAL,,,India,2021-04-15,OPEN
S15399,,EAST,Mumbai,,India,2022-11-13,CLOSED
S15400,Store_15400,WEST,Delhi,DL,India,,
,Store_15401,,Kolkata,MP,India,2021-05-23,OPEN
S15402,Store_15402,CENTRAL,Kochi,,India,,OPEN
S15403,Store_15403,NORTH,,WB,India,,CLOSED
S15404,Store_15404,SOUTH,,TS,India,2025-01-01,
S15405,Store_15405,,,DL,India,2023-05-03,CLOSED
S15406,,SOUTH,Chennai,MH,,2021-04-26,OPEN
S15407,,CENTRAL,,MH,India,2021-04-15,RENOVATION
S15408,,SOUTH,Mumbai,RJ,India,,CLOSED
S15409,,SOUTH,Delhi,,India,2024-11-24,OPEN
,Store_15410,EAST,,TS,India,2023-09-24,CLOSED
,Store_15411,CENTRAL,Kolkata,,India,2023-03-27,RENOVATION
S15412,Store_15412,,Pune,DL,,2024-11-18,OPEN
S15413,Store_15413,NORTH,,TS,India,,RENOVATION
,Store_15414,NORTH,Bengaluru,,India,2022-06-21,RENOVATION
S15415,Store_15415,CENTRAL,Bengaluru,,India,2023-04-22,
,Store_15416,NORTH,Kochi,,India,2022-03-07,CLOSED
S15417,Store_15417,CENTRAL,Jaipur,,India,,CLOSED
,Store_15418,EAST,Pune,,India,2024-03-09,OPEN
S15419,Store_15419,,Chennai,KL,India,2025-01-06,
S15420,Store_15420,,Kolkata,WB,India,,RENOVATION
S15421,Store_15421,,Kochi,MH,India,,RENOVATION
,Store_15422,NORTH,Mumbai,,India,2022-12-21,OPEN
,,NORTH,Kochi,TS,India,2022-06-23,CLOSED
,Store_15424,,Pune,RJ,India,2023-05-02,CLOSED
,Store_15425,NORTH,,RJ,India,2022-01-28,CLOSED
S15426,Store_15426,NORTH,Chennai,,,2024-08-07,OPEN
S15427,,,Delhi,WB,India,2025-06-02,RENOVATION
S15428,Store_15428,EAST,,WB,India,,CLOSED
S15429,Store_15429,EAST,Kochi,MH,,,OPEN
S15430,Store_15430,,,WB,India,2021-06-02,RENOVATION
S15431,Store_15431,NORTH,,TN,India,2023-10-13,
,Store_15432,EAST,Kochi,KL,,2025-05-17,CLOSED
S15433,Store_15433,,Delhi,DL,,2021-07-02,RENOVATION
S15434,Store_15434,,Mumbai,KL,,2025-04-02,RENOVATION
,,EAST,Delhi,TN,India,2024-07-19,CLOSED
S15436,Store_15436,,Kochi,MH,India,2021-04-24,
S15437,Store_15437,,Jaipur,TS,India,,OPEN
,,SOUTH,Chennai,TS,India,2023-02-16,CLOSED
S15439,Store_15439,CENTRAL,Indore,,,2021-10-28,CLOSED
S15440,Store_15440,NORTH,,MP,India,,OPEN
S15441,Store_15441,EAST,,MH,India,2024-09-03,
S15442,Store_15442,CENTRAL,Kolkata,,India,,RENOVATION
,,EAST,Pune,RJ,India,2024-01-08,OPEN
S15444,,EAST,Kochi,WB,India,,CLOSED
S15445,Store_15445,SOUTH,Indore,RJ,,2023-11-18,
,Store_15446,WEST,Mumbai,,India,2023-08-12,CLOSED
S15447,Store_15447,,Bengaluru,TN,,2021-03-25,RENOVATION
S15448,,SOUTH,Mumbai,TS,India,,CLOSED
S15449,Store_15449,WEST,,MP,India,,CLOSED
S15450,,NORTH,Pune,RJ,,2021-05-02,CLOSED
,Store_15451,CENTRAL,Kolkata,MH,India,,RENOVATION
,Store_15452,WEST,Delhi,TN,,2025-10-16,CLOSED
S15453,Store_15453,WEST,,MH,India,,RENOVATION
S15454,Store_15454,,Kolkata,,India,2022-04-14,RENOVATION
,Store_15455,EAST,Pune,,India,2022-03-27,OPEN
S15456,Store_15456,,,TN,India,2022-01-09,OPEN
S15457,,NORTH,Chennai,,India,2023-10-17,RENOVATION
S15458,Store_15458,WEST,Kochi,,,2021-10-07,CLOSED
,Store_15459,WEST,Delhi,TS,India,,RENOVATION
S15460,Store_15460,WEST,Kochi,,,2025-05-12,CLOSED
S15461,Store_15461,NORTH,,,India,2021-12-01,CLOSED
S15462,Store_15462,CENTRAL,Bengaluru,KA,,2023-12-14,
S15463,Store_15463,EAST,,,India,2024-06-16,CLOSED
,,WEST,Chennai,TN,India,2021-05-31,OPEN
S15465,,SOUTH,Chennai,,India,2024-02-17,CLOSED
,Store_15466,NORTH,Indore,KA,India,,OPEN
S15467,Store_15467,SOUTH,,,India,2023-11-25,RENOVATION
S15468,,EAST,Jaipur,KL,India,,OPEN
,Store_15469,EAST,Kochi,DL,India,,CLOSED
,Store_15470,CENTRAL,Kochi,WB,India,,CLOSED
S15471,Store_15471,SOUTH,,KA,,2025-08-14,OPEN
,Store_15472,NORTH,Hyderabad,,India,2022-08-04,CLOSED
,Store_15473,CENTRAL,Indore,KA,India,,RENOVATION
S15474,,CENTRAL,Kochi,MH,,2024-01-28,CLOSED
S15475,Store_15475,SOUTH,Bengaluru,KL,,,RENOVATION
S15476,Store_15476,EAST,Kochi,,India,2021-03-16,
,Store_15477,,Kolkata,MH,India,2023-12-03,CLOSED
S15478,,,Chennai,DL,India,2022-08-02,CLOSED
,Store_15479,SOUTH,Kochi,,India,2022-01-20,CLOSED
S15480,,WEST,,RJ,India,2024-06-28,CLOSED
,Store_15481,WEST,Kolkata,,India,2021-06-14,RENOVATION
S15482,,,Bengaluru,TS,India,2021-11-21,RENOVATION
S15483,,SOUTH,,KA,India,2024-11-28,CLOSED
S15484,Store_15484,CENTRAL,Kochi,,,2024-10-14,RENOVATION
S15485,,,Jaipur,RJ,India,2021-07-05,OPEN
S15486,Store_15486,CENTRAL,,,India,2022-04-24,CLOSED
,,SOUTH,Mumbai,TN,India,2021-08-28,CLOSED
S15488,Store_15488,,Pune,WB,India,,RENOVATION
S15489,Store_15489,NORTH,,TS,India,2025-07-16,
,Store_15490,SOUTH,Hyderabad,MH,India,,RENOVATION
S15491,,CENTRAL,,MP,India,2021-05-23,CLOSED
S15492,Store_15492,CENTRAL,,MP,,2023-10-05,RENOVATION
S15493,Store_15493,,Chennai,TN,,2025-02-19,RENOVATION
S15494,,,Chennai,MH,India,2023-03-12,OPEN
S15495,Store_15495,WEST,Indore,,India,,OPEN
S15496,Store_15496,EAST,Kochi,TS,,,OPEN
S15497,Store_15497,,Kochi,WB,India,,RENOVATION
S15498,,EAST,Kochi,MP,,2025-04-13,RENOVATION
S15499,Store_15499,NORTH,,RJ,,2021-06-17,OPEN
,Store_15500,EAST,Chennai,KA,India,2022-01-28,
S15501,Store_15501,CENTRAL,Chennai,,India,,CLOSED
S15502,Store_15502,CENTRAL,Mumbai,,India,,CLOSED
,Store_15503,NORTH,Indore,MH,,2021-04-27,RENOVATION
S15504,,SOUTH,Kolkata,WB,India,,CLOSED
S15505,Store_15505,SOUTH,Jaipur,KA,India,,
,Store_15506,EAST,Pune,RJ,India,,CLOSED
,Store_15507,,Indore,DL,India,2024-02-05,OPEN
S15508,,,Mumbai,WB,India,2024-10-04,OPEN
S15509,Store_15509,,Chennai,KL,India,,RENOVATION
S15510,,NORTH,,RJ,India,2024-02-04,RENOVATION
S15511,Store_15511,SOUTH,Kochi,,,2025-03-22,RENOVATION
S15512,Store_15512,NORTH,,KL,India,,OPEN
S15513,Store_15513,,Chennai,TS,,2021-05-20,RENOVATION
S15514,,EAST,Indore,TN,India,,CLOSED
S15515,Store_15515,NORTH,Pune,DL,India,,
S15516,Store_15516,,Kolkata,TN,India,,CLOSED
,Store_15517,,Mumbai,MP,India,2023-10-26,CLOSED
S15518,,WEST,Kochi,,India,2023-05-26,OPEN
,Store_15519,SOUTH,,KL,India,2021-11-03,CLOSED
S15520,Store_15520,SOUTH,Indore,TN,India,,
S15521,Store_15521,,Indore,TN,India,,RENOVATION
S15522,,CENTRAL,Jaipur,,India,2022-07-28,RENOVATION
S15523,Store_15523,WEST,,TN,India,2021-11-20,
S15524,Store_15524,,,RJ,India,2025-02-28,OPEN
,Store_15525,WEST,,TN,India,2021-12-04,RENOVATION
S15526,Store_15526,NORTH,,,India,2021-09-01,CLOSED
S15527,,WEST,Chennai,KA,India,,CLOSED
,Store_15528,SOUTH,Mumbai,RJ,,2021-02-28,CLOSED
S15529,,EAST,,KL,India,2024-04-04,CLOSED
S15530,Store_15530,,Jaipur,,India,2022-02-19,RENOVATION
,Store_15531,SOUTH,Mumbai,KA,India,,OPEN
S15532,,WEST,Chennai,MH,India,,CLOSED
,,WEST,Jaipur,MP,India,2021-12-26,CLOSED
,Store_15534,,Delhi,RJ,India,2022-01-30,OPEN
S15535,Store_15535,CENTRAL,Hyderabad,,India,2025-09-20,
S15536,Store_15536,,Hyderabad,TN,,2024-03-23,CLOSED
S15537,Store_15537,WEST,Pune,,India,2023-07-14,
S15538,Store_15538,NORTH,Delhi,,India,2025-04-03,
S15539,Store_15539,,Hyderabad,DL,,2024-08-02,OPEN
S15540,,CENTRAL,,KA,India,2023-03-27,CLOSED
S15541,Store_15541,,Indore,TN,India,2022-06-01,
,Store_15542,NORTH,Delhi,TS,India,,OPEN
S15543,Store_15543,WEST,Bengaluru,,India,,CLOSED
S15544,Store_15544,,Mumbai,MP,India,,RENOVATION
S15545,Store_15545,NORTH,Indore,,,2025-05-04,OPEN
S15546,Store_15546,WEST,,KA,India,,OPEN
S15547,Store_15547,SOUTH,,,India,2025-05-02,CLOSED
S15548,Store_15548,WEST,Mumbai,,India,2023-03-02,
,Store_15549,WEST,Hyderabad,RJ,,2022-06-27,OPEN
S15550,,SOUTH,Bengaluru,TS,,2023-11-06,OPEN
S15551,,SOUTH,Pune,WB,India,2022-09-19,
S15552,Store_15552,CENTRAL,Jaipur,,India,,OPEN
,,WEST,Chennai,MH,India,2022-07-13,OPEN
S15554,,CENTRAL,Pune,WB,,2025-11-20,OPEN
S15555,,CENTRAL,Delhi,WB,,2021-02-19,RENOVATION
,Store_15556,SOUTH,Bengaluru,TS,India,2023-03-03,
,Store_15557,SOUTH,Jaipur,MP,,2025-02-20,CLOSED
S15558,Store_15558,EAST,,KL,India,2023-03-14,
S15559,Store_15559,,Pune,,India,2025-03-12,CLOSED
S15560,,,Jaipur,WB,India,2023-12-27,OPEN
,Store_15561,NORTH,Bengaluru,RJ,,2021-10-14,OPEN
S15562,Store_15562,WEST,Pune,RJ,,,OPEN
,Store_15563,EAST,Hyderabad,WB,,2022-08-28,OPEN
S15564,Store_15564,,,TN,India,2022-06-09,OPEN
S15565,Store_15565,EAST,Indore,,,2021-02-14,RENOVATION
S15566,Store_15566,SOUTH,,MH,India,2021-12-20,
,Store_15567,SOUTH,,DL,India,2024-08-22,OPEN
S15568,Store_15568,WEST,Indore,TS,India,,
S15569,Store_15569,SOUTH,Bengaluru,RJ,,2021-10-29,
S15570,Store_15570,NORTH,,,India,2025-02-15,RENOVATION
,Store_15571,EAST,Chennai,DL,India,2023-06-29,
,Store_15572,CENTRAL,Indore,,India,2022-05-03,OPEN
S15573,Store_15573,EAST,Hyderabad,DL,,,RENOVATION
S15574,,CENTRAL,Kochi,,India,2022-07-13,OPEN
S15575,,EAST,Indore,WB,India,2025-04-02,
S15576,Store_15576,EAST,Kolkata,TN,India,,
S15577,Store_15577,,Bengaluru,MH,India,2024-11-18,
S15578,Store_15578,NORTH,Kochi,,India,,OPEN
S15579,,EAST,Hyderabad,TS,,2023-03-26,CLOSED
S15580,,SOUTH,Pune,MP,India,2021-12-26,
,Store_15581,,Kolkata,WB,India,2022-12-04,RENOVATION
S15582,Store_15582,CENTRAL,,DL,India,,OPEN
S15583,Store_15583,EAST,Chennai,KA,India,,
S15584,Store_15584,EAST,Jaipur,WB,,,OPEN
,,NORTH,Jaipur,DL,India,2023-06-13,RENOVATION
S15586,Store_15586,,,DL,India,2022-06-22,CLOSED
S15587,Store_15587,WEST,,MH,,2024-04-10,OPEN
S15588,Store_15588,,,RJ,India,2025-09-27,CLOSED
S15589,,WEST,Pune,,India,2021-03-28,OPEN
S15590,,CENTRAL,Mumbai,MP,India,2021-04-14,
S15591,,,Mumbai,MP,India,2023-05-16,RENOVATION
,Store_15592,CENTRAL,Pune,KA,India,,OPEN
S15593,Store_15593,WEST,Kochi,KL,India,,
,Store_15594,WEST,Hyderabad,RJ,India,,RENOVATION
S15595,Store_15595,,,RJ,India,2021-11-26,CLOSED
S15596,Store_15596,,Kochi,,India,2023-07-30,CLOSED
S15597,Store_15597,,Pune,WB,India,2021-09-30,
S15598,Store_15598,,Bengaluru,RJ,India,2023-11-23,
S15599,,SOUTH,Pune,WB,India,,OPEN
S15600,,,Bengaluru,TN,India,2025-10-18,RENOVATION
S15601,Store_15601,EAST,Mumbai,,India,2024-11-01,
S15602,Store_15602,WEST,,MH,India,2026-01-12,
S15603,Store_15603,CENTRAL,Kolkata,TN,India,,
S15604,,SOUTH,Mumbai,,India,2022-09-02,OPEN
S15605,,WEST,Hyderabad,,India,2023-07-29,CLOSED
,Store_15606,,Kolkata,KL,India,2024-05-06,OPEN
,Store_15607,WEST,Kochi,,India,2024-12-18,OPEN
S15608,,EAST,Jaipur,TN,,2021-10-24,OPEN
S15609,Store_15609,CENTRAL,,TN,India,2024-11-29,
,,SOUTH,Delhi,MH,India,2021-05-24,CLOSED
S15611,Store_15611,,Hyderabad,KL,India,2025-04-26,
S15612,Store_15612,NORTH,Kolkata,,India,,RENOVATION
S15613,Store_15613,EAST,Hyderabad,RJ,,2021-09-04,
,Store_15614,NORTH,,KA,India,2021-07-16,RENOVATION
,Store_15615,,Delhi,MH,India,2025-01-05,RENOVATION
S15616,Store_15616,NORTH,,KA,India,,CLOSED
,Store_15617,SOUTH,Indore,WB,India,2021-03-15,
S15618,,NORTH,Jaipur,,India,2022-11-29,OPEN
S15619,Store_15619,,Kolkata,,India,2022-01-29,OPEN
S15620,,SOUTH,,KA,India,2024-09-23,OPEN
S15621,Store_15621,,Jaipur,TN,India,2023-11-05,
,Store_15622,NORTH,Jaipur,KA,India,,CLOSED
S15623,Store_15623,,,WB,India,2021-07-30,CLOSED
S15624,Store_15624,WEST,,WB,India,,RENOVATION
S15625,,,Delhi,KL,India,2025-03-03,CLOSED
,Store_15626,NORTH,Chennai,MH,,2023-01-09,RENOVATION
S15627,,CENTRAL,Bengaluru,WB,,2025-08-09,RENOVATION
,Store_15628,,Pune,KL,India,2022-12-21,CLOSED
S15629,,,Chennai,MH,India,2021-06-14,OPEN
S15630,Store_15630,,Kochi,TS,,2022-03-04,RENOVATION
S15631,Store_15631,CENTRAL,,KL,India,,OPEN
,Store_15632,WEST,Chennai,,India,2024-02-13,RENOVATION
S15633,Store_15633,,Bengaluru,MH,,2025-08-01,OPEN
,Store_15634,SOUTH,Delhi,TN,,2021-02-19,OPEN
S15635,Store_15635,SOUTH,Kolkata,MH,India,,
S15636,Store_15636,EAST,Kochi,WB,,2023-04-22,
S15637,Store_15637,,,RJ,India,2023-11-28,CLOSED
S15638,Store_15638,EAST,,WB,,2023-07-12,OPEN
S15639,Store_15639,WEST,Bengaluru,TS,,2023-08-07,
S15640,Store_15640,,Kolkata,TN,India,,CLOSED
S15641,Store_15641,CENTRAL,Jaipur,KL,,,RENOVATION
S15642,Store_15642,EAST,,MH,India,2026-01-12,
S15643,Store_15643,,,WB,India,2021-02-21,RENOVATION
S15644,Store_15644,SOUTH,Chennai,,India,2022-11-09,
S15645,,CENTRAL,,KL,India,2021-11-19,CLOSED
,Store_15646,CENTRAL,,MP,India,2021-02-15,RENOVATION
S15647,,EAST,Indore,RJ,,2025-01-16,CLOSED
S15648,Store_15648,WEST,Delhi,,India,2024-08-10,
S15649,,NORTH,Indore,MH,India,2025-04-07,
,Store_15650,SOUTH,Chennai,TN,India,2024-07-22,
S15651,,NORTH,,TN,India,2022-11-14,CLOSED
S15652,Store_15652,NORTH,,MP,India,2025-09-23,
,Store_15653,EAST,Indore,DL,India,2022-06-27,
S15654,Store_15654,,,WB,India,2024-09-20,CLOSED
S15655,Store_15655,,Chennai,DL,,2024-08-08,RENOVATION
S15656,Store_15656,NORTH,Pune,,India,,CLOSED
S15657,,WEST,Chennai,,India,2022-08-26,CLOSED
S15658,Store_15658,,Kolkata,MP,India,,OPEN
,Store_15659,,Jaipur,KA,India,2025-02-26,RENOVATION
S15660,,SOUTH,Mumbai,KA,India,2024-06-20,
S15661,Store_15661,,Delhi,,India,2023-06-16,RENOVATION
,Store_15662,SOUTH,Pune,DL,,2024-06-22,OPEN
S15663,Store_15663,,Mumbai,MP,,2021-07-13,CLOSED
S15664,,,Chennai,MH,India,2021-09-18,OPEN
S15665,Store_15665,SOUTH,Hyderabad,RJ,,,OPEN
S15666,Store_15666,EAST,,MH,,2022-01-27,CLOSED
S15667,,NORTH,,TN,India,2022-02-11,OPEN
S15668,Store_15668,EAST,Mumbai,,,2025-07-23,OPEN
S15669,,CENTRAL,,TS,India,2025-01-18,OPEN
S15670,Store_15670,,Indore,TN,,2023-01-08,CLOSED
S15671,Store_15671,,Bengaluru,TS,India,,OPEN
S15672,Store_15672,,,MH,India,2021-11-23,CLOSED
S15673,,WEST,Chennai,TN,India,2023-04-09,
S15674,Store_15674,SOUTH,,KA,India,,RENOVATION
S15675,Store_15675,WEST,Kochi,,India,,CLOSED
S15676,Store_15676,,Kochi,WB,,2022-03-30,OPEN
,Store_15677,NORTH,Pune,WB,India,2025-09-13,
S15678,Store_15678,WEST,Bengaluru,KA,India,,
S15679,Store_15679,WEST,Chennai,KA,,2023-06-18,
,Store_15680,WEST,Kolkata,MH,,2025-09-17,RENOVATION
S15681,Store_15681,,,WB,India,2021-06-28,RENOVATION
,Store_15682,,Hyderabad,KA,India,2021-10-04,OPEN
,Store_15683,CENTRAL,Delhi,KA,India,,CLOSED
S15684,,SOUTH,,WB,India,2024-04-01,CLOSED
S15685,Store_15685,NORTH,Pune,,,2024-03-22,OPEN
S15686,,,Chennai,RJ,India,2021-04-07,OPEN
S15687,Store_15687,,Delhi,TS,,2024-11-17,CLOSED
,Store_15688,,Bengaluru,MH,India,2022-05-24,OPEN
S15689,Store_15689,WEST,Pune,,India,,OPEN
S15690,,SOUTH,Jaipur,KL,India,,RENOVATION
S15691,,CENTRAL,Kochi,,India,2025-03-28,CLOSED
S15692,Store_15692,CENTRAL,,MH,India,,CLOSED
S15693,Store_15693,EAST,Jaipur,WB,,,RENOVATION
S15694,Store_15694,SOUTH,,KL,,2021-11-22,OPEN
S15695,Store_15695,SOUTH,,KL,India,,CLOSED
,Store_15696,,Hyderabad,KA,India,2025-07-10,CLOSED
S15697,,WEST,Delhi,KL,,2025-07-25,RENOVATION
S15698,Store_15698,WEST,Jaipur,,India,2022-09-30,
S15699,Store_15699,WEST,,DL,India,2021-06-16,
,Store_15700,WEST,Delhi,TN,India,2022-12-13,
S15701,Store_15701,EAST,Indore,KA,,,CLOSED
S15702,Store_15702,,Chennai,WB,,2024-02-03,CLOSED
S15703,Store_15703,NORTH,Chennai,,India,,RENOVATION
S15704,Store_15704,NORTH,Chennai,WB,,,OPEN
S15705,,,Kochi,DL,India,2025-04-23,OPEN
S15706,Store_15706,,Kochi,WB,,2023-10-18,RENOVATION
S15707,,EAST,Delhi,,India,2022-11-11,OPEN
S15708,Store_15708,CENTRAL,Mumbai,MP,,2025-05-25,
S15709,,EAST,Hyderabad,TN,India,2021-05-20,
S15710,Store_15710,,Bengaluru,TS,India,,CLOSED
S15711,,NORTH,Kolkata,,India,2023-04-08,OPEN
S15712,Store_15712,WEST,,,India,2022-10-08,OPEN
,Store_15713,SOUTH,Indore,KA,India,2023-06-05,
S15714,,,Kolkata,DL,India,2021-11-08,RENOVATION
S15715,Store_15715,,Jaipur,KA,India,,CLOSED
S15716,Store_15716,CENTRAL,,,India,2024-12-08,CLOSED
S15717,Store_15717,EAST,Delhi,,India,,OPEN
S15718,Store_15718,,Kochi,DL,India,2022-05-07,
S15719,,SOUTH,Mumbai,MH,India,,CLOSED
,Store_15720,,Chennai,DL,India,2025-10-11,RENOVATION
S15721,Store_15721,,,MH,India,2022-04-25,CLOSED
S15722,,,Pune,MP,India,2022-05-10,RENOVATION
S15723,,WEST,,KA,India,2025-03-20,RENOVATION
,Store_15724,CENTRAL,Kolkata,WB,India,,OPEN
S15725,,CENTRAL,Delhi,WB,India,,OPEN
S15726,,NORTH,Pune,KL,,2022-10-01,OPEN
S15727,,SOUTH,Pune,TN,India,,CLOSED
S15728,Store_15728,WEST,,WB,India,2023-06-09,
S15729,Store_15729,NORTH,,,India,2021-03-02,OPEN
S15730,Store_15730,SOUTH,Hyderabad,,,2022-01-25,RENOVATION
,Store_15731,SOUTH,Kochi,WB,India,2025-07-12,
S15732,Store_15732,NORTH,Hyderabad,,,2025-04-03,OPEN
S15733,Store_15733,WEST,Jaipur,,India,2024-02-01,
S15734,Store_15734,EAST,,TN,India,2022-10-19,
S15735,Store_15735,EAST,,MH,India,,OPEN
S15736,,CENTRAL,Hyderabad,RJ,,2025-12-05,CLOSED
S15737,,,Bengaluru,MH,India,2023-06-06,OPEN
S15738,Store_15738,,Kolkata,RJ,,2021-04-20,RENOVATION
S15739,Store_15739,NORTH,,TN,India,,RENOVATION
,Store_15740,,Bengaluru,RJ,India,2022-12-17,RENOVATION
S15741,Store_15741,EAST,,KA,India,,OPEN
S15742,Store_15742,,Kolkata,,India,2025-12-06,RENOVATION
S15743,Store_15743,EAST,,,India,2025-06-25,OPEN
S15744,Store_15744,WEST,,MH,India,2023-08-22,
S15745,Store_15745,EAST,,MP,,2025-11-10,RENOVATION
,Store_15746,SOUTH,Mumbai,TN,,2021-04-03,RENOVATION
S15747,Store_15747,SOUTH,,,India,2025-03-06,OPEN
,Store_15748,NORTH,Indore,,India,2022-08-23,CLOSED
S15749,Store_15749,WEST,Bengaluru,,India,2025-05-04,
S15750,Store_15750,NORTH,Indore,DL,India,,
S15751,Store_15751,,Pune,TN,,2021-07-18,RENOVATION
S15752,Store_15752,WEST,Chennai,,,2023-05-17,OPEN
S15753,,CENTRAL,Kolkata,RJ,,2023-05-19,CLOSED
S15754,,,Jaipur,MH,India,2021-03-02,OPEN
S15755,Store_15755,SOUTH,Pune,KA,,2023-04-05,
S15756,Store_15756,,Mumbai,KL,India,2025-05-15,
,Store_15757,SOUTH,Hyderabad,KL,,2022-10-11,OPEN
,,WEST,Kolkata,MH,India,2025-08-28,OPEN
S15759,Store_15759,WEST,,DL,India,2021-04-20,
S15760,Store_15760,WEST,Delhi,TS,India,,
S15761,,WEST,,KL,India,2023-08-25,CLOSED
,Store_15762,EAST,Mumbai,MH,,2022-05-24,RENOVATION
S15763,Store_15763,EAST,,KA,India,,RENOVATION
S15764,,EAST,Chennai,,India,2023-07-14,RENOVATION
,Store_15765,EAST,Kochi,WB,,2025-03-21,CLOSED
S15766,Store_15766,,Delhi,,India,2023-08-31,CLOSED
S15767,,,Mumbai,TN,India,2021-05-16,CLOSED
S15768,,WEST,Pune,TN,India,2024-01-09,
S15769,Store_15769,SOUTH,Bengaluru,,,2021-11-23,RENOVATION
S15770,Store_15770,,Pune,WB,,2025-06-25,CLOSED
,Store_15771,NORTH,Bengaluru,KL,India,,RENOVATION
,Store_15772,CENTRAL,Kolkata,WB,India,2021-07-29,
S15773,,SOUTH,,MH,India,2023-12-15,OPEN
S15774,Store_15774,,Mumbai,,India,2025-08-20,RENOVATION
S15775,Store_15775,,,RJ,India,2024-06-22,CLOSED
S15776,Store_15776,WEST,,,India,2025-05-04,RENOVATION
S15777,Store_15777,,Bengaluru,TS,India,2026-02-01,
S15778,Store_15778,SOUTH,Pune,MH,,,RENOVATION
S15779,Store_15779,SOUTH,Kochi,WB,,2022-05-25,
S15780,Store_15780,EAST,Chennai,KL,,,CLOSED
,Store_15781,WEST,Pune,KL,India,,CLOSED
S15782,,,Chennai,MP,India,2022-02-23,CLOSED
S15783,Store_15783,SOUTH,Chennai,,India,2024-04-03,
,Store_15784,EAST,Mumbai,TN,India,,OPEN
S15785,Store_15785,EAST,Jaipur,KA,India,,
,Store_15786,,Pune,WB,India,2022-09-11,RENOVATION
,Store_15787,EAST,Kolkata,KL,India,,RENOVATION
,Store_15788,SOUTH,Hyderabad,KA,India,2025-09-02,
S15789,,NORTH,,MP,India,2023-06-12,RENOVATION
S15790,Store_15790,EAST,,KA,India,2021-03-07,
,Store_15791,SOUTH,Jaipur,TS,India,,OPEN
S15792,Store_15792,SOUTH,Kolkata,DL,,2024-05-17,
S15793,,NORTH,Indore,TS,,2021-04-12,OPEN
S15794,Store_15794,,Kolkata,MP,India,,OPEN
S15795,,EAST,Kolkata,,India,2024-07-28,RENOVATION
S15796,,WEST,Chennai,,India,2023-12-12,RENOVATION
S15797,Store_15797,WEST,Hyderabad,,India,,CLOSED
S15798,,NORTH,Mumbai,TS,,2025-10-14,RENOVATION
S15799,,CENTRAL,Hyderabad,WB,,2025-07-22,RENOVATION
S15800,Store_15800,,,RJ,India,2022-09-20,RENOVATION
S15801,,EAST,,MH,India,2021-09-22,RENOVATION
S15802,Store_15802,SOUTH,Jaipur,,India,2024-11-02,
,Store_15803,SOUTH,Hyderabad,MH,,2025-05-31,OPEN
,Store_15804,WEST,Hyderabad,,India,2024-11-02,OPEN
S15805,,WEST,,WB,India,2025-01-13,RENOVATION
S15806,Store_15806,NORTH,,,India,2021-10-05,RENOVATION
S15807,Store_15807,WEST,Bengaluru,WB,,2021-05-12,
S15808,Store_15808,NORTH,Chennai,,India,,CLOSED
S15809,Store_15809,SOUTH,Delhi,RJ,India,,
S15810,Store_15810,CENTRAL,,TN,India,,OPEN
S15811,,,Mumbai,MH,India,2021-06-30,CLOSED
S15812,,EAST,Delhi,KL,,2024-12-21,CLOSED
,Store_15813,WEST,Delhi,WB,India,,OPEN
S15814,Store_15814,CENTRAL,,,India,2021-09-25,RENOVATION
,,NORTH,Pune,TN,India,2024-08-16,CLOSED
S15816,Store_15816,,Indore,TN,India,,OPEN
,Store_15817,WEST,Kochi,MH,India,,OPEN
S15818,,EAST,Kochi,,India,2025-10-31,OPEN
,Store_15819,EAST,,MP,India,2022-04-26,RENOVATION
S15820,Store_15820,,Indore,RJ,,2025-12-05,OPEN
S15821,Store_15821,CENTRAL,,TN,India,,CLOSED
S15822,,SOUTH,Bengaluru,TN,India,2025-03-30,
S15823,,NORTH,Kolkata,TS,India,,OPEN
,Store_15824,NORTH,,KL,India,2025-02-17,CLOSED
,Store_15825,SOUTH,,TN,India,2025-11-20,OPEN
S15826,Store_15826,WEST,,,India,2025-11-20,OPEN
S15827,Store_15827,CENTRAL,Delhi,,India,,RENOVATION
S15828,Store_15828,SOUTH,Hyderabad,KA,,2022-02-26,
,Store_15829,CENTRAL,Kolkata,TS,,2023-09-28,OPEN
S15830,Store_15830,SOUTH,Jaipur,,India,,CLOSED
S15831,Store_15831,SOUTH,,KL,,2021-06-11,RENOVATION
S15832,Store_15832,CENTRAL,,TN,,2026-01-25,OPEN
S15833,Store_15833,,Indore,KA,India,2025-08-06,
S15834,Store_15834,,Bengaluru,DL,,2022-09-26,OPEN
S15835,,EAST,,MP,India,2023-06-27,CLOSED
S15836,,WEST,Kolkata,TS,India,2022-04-27,
S15837,Store_15837,,Bengaluru,DL,India,,OPEN
S15838,,CENTRAL,Pune,KL,,2026-01-09,OPEN
S15839,Store_15839,NORTH,,RJ,,2025-12-17,OPEN
S15840,Store_15840,,Delhi,,India,2021-09-14,RENOVATION
,Store_15841,EAST,Bengaluru,,India,2025-09-08,OPEN
,Store_15842,SOUTH,Jaipur,RJ,,2023-03-03,OPEN
S15843,Store_15843,NORTH,Delhi,WB,,,RENOVATION
S15844,,CENTRAL,Delhi,DL,India,,CLOSED
S15845,Store_15845,EAST,,TN,,2022-01-02,OPEN
S15846,Store_15846,,Kolkata,TN,,2023-09-19,OPEN
S15847,Store_15847,,Mumbai,TN,India,2024-11-30,
S15848,Store_15848,WEST,Hyderabad,,India,2022-09-02,
S15849,,EAST,Mumbai,TS,India,,OPEN
,Store_15850,NORTH,Kochi,TN,,2022-12-30,OPEN
S15851,Store_15851,,Mumbai,TN,India,2024-04-13,
S15852,Store_15852,EAST,,MH,India,,CLOSED
S15853,,SOUTH,Mumbai,TN,,2022-09-17,RENOVATION
S15854,Store_15854,EAST,Kolkata,,,2025-01-25,OPEN
S15855,Store_15855,EAST,Kolkata,TN,,2025-11-11,
S15856,Store_15856,EAST,,DL,India,,CLOSED
S15857,Store_15857,,,RJ,India,2023-05-21,OPEN
S15858,Store_15858,,Bengaluru,TS,,2025-01-11,RENOVATION
S15859,Store_15859,WEST,Indore,WB,India,,
S15860,Store_15860,CENTRAL,,DL,India,,OPEN
S15861,Store_15861,,,WB,India,2024-03-29,CLOSED
S15862,,WEST,Bengaluru,TN,India,2023-06-12,
S15863,,WEST,Kolkata,WB,India,,CLOSED
S15864,Store_15864,WEST,Bengaluru,,India,2026-01-04,
S15865,,SOUTH,Bengaluru,TN,India,,RENOVATION
S15866,Store_15866,CENTRAL,Bengaluru,,,2022-12-05,OPEN
,Store_15867,,Hyderabad,RJ,India,2025-04-14,OPEN
S15868,Store_15868,EAST,Hyderabad,TN,India,,
,Store_15869,CENTRAL,Pune,RJ,India,2025-12-02,
S15870,,WEST,,MP,India,2021-03-31,CLOSED
S15871,Store_15871,,Bengaluru,TN,India,2025-02-26,
S15872,Store_15872,,,MP,India,2025-05-15,RENOVATION
S15873,Store_15873,CENTRAL,Pune,MH,India,,
S15874,Store_15874,NORTH,Hyderabad,,India,2023-10-15,
S15875,,CENTRAL,Mumbai,RJ,,2024-01-10,CLOSED
,Store_15876,,Mumbai,MH,India,2025-01-13,RENOVATION
S15877,,,Pune,DL,India,2023-09-14,CLOSED
S15878,,CENTRAL,Kochi,MH,India,2022-03-13,
S15879,Store_15879,SOUTH,Chennai,KL,,,CLOSED
S15880,,CENTRAL,Chennai,MH,India,,CLOSED
S15881,Store_15881,,Mumbai,TN,,2023-08-16,RENOVATION
,Store_15882,WEST,Jaipur,DL,India,2022-12-30,
,Store_15883,CENTRAL,Kochi,WB,India,,CLOSED
S15884,Store_15884,,Pune,DL,,2021-04-14,OPEN
,Store_15885,EAST,Jaipur,DL,India,,OPEN
S15886,,WEST,Mumbai,KL,India,,OPEN
S15887,,CENTRAL,Indore,KA,India,,OPEN
S15888,Store_15888,CENTRAL,Hyderabad,,India,,RENOVATION
S15889,Store_15889,CENTRAL,,MP,India,2022-07-27,
,,SOUTH,Kochi,MH,India,2021-07-10,CLOSED
,Store_15891,NORTH,,DL,India,2022-09-14,OPEN
S15892,,CENTRAL,Delhi,MP,India,,RENOVATION
S15893,Store_15893,NORTH,Mumbai,KL,,2024-06-05,
S15894,Store_15894,CENTRAL,,RJ,,2022-10-09,RENOVATION
S15895,Store_15895,,Jaipur,,India,2024-01-10,RENOVATION
,,SOUTH,Indore,RJ,India,2023-10-08,RENOVATION
,Store_15897,NORTH,Hyderabad,KL,,2025-01-05,CLOSED
S15898,,SOUTH,,RJ,India,2021-09-18,CLOSED
S15899,Store_15899,CENTRAL,Mumbai,DL,,,OPEN
S15900,Store_15900,SOUTH,Delhi,MP,,,RENOVATION
S15901,,CENTRAL,,KL,India,2026-01-13,CLOSED
S15902,,EAST,Hyderabad,TS,India,2024-08-07,
S15903,Store_15903,,Chennai,KL,,2023-07-21,OPEN
S15904,Store_15904,,Delhi,,India,2023-10-26,RENOVATION
S15905,,NORTH,Jaipur,,India,2021-09-15,OPEN
,Store_15906,WEST,,MH,India,2024-10-27,CLOSED
,Store_15907,SOUTH,Kochi,DL,India,,OPEN
S15908,Store_15908,SOUTH,Mumbai,TS,,,OPEN
,Store_15909,WEST,Mumbai,TN,India,,OPEN
S15910,Store_15910,WEST,,DL,,2023-07-25,CLOSED
S15911,Store_15911,NORTH,,RJ,India,,OPEN
S15912,Store_15912,CENTRAL,Pune,TS,,,OPEN
S15913,Store_15913,,Hyderabad,,India,2021-09-29,RENOVATION
,Store_15914,WEST,,TS,India,2025-12-23,CLOSED
,Store_15915,NORTH,Indore,KL,India,2021-11-09,
S15916,Store_15916,CENTRAL,Hyderabad,WB,India,,
,Store_15917,CENTRAL,Pune,RJ,India,2024-12-28,
S15918,,WEST,Jaipur,TN,India,,RENOVATION
S15919,,WEST,Bengaluru,TN,India,,CLOSED
S15920,,NORTH,,KL,India,2024-11-07,RENOVATION
S15921,Store_15921,NORTH,Chennai,RJ,,2022-01-22,
S15922,,SOUTH,Indore,DL,,2022-02-21,OPEN
S15923,Store_15923,WEST,,,India,2025-11-25,RENOVATION
S15924,,NORTH,Delhi,KL,India,,RENOVATION
S15925,,,Delhi,MH,India,2024-03-24,OPEN
S15926,Store_15926,WEST,,TS,,2024-12-24,RENOVATION
,,EAST,Pune,KA,India,2024-10-25,RENOVATION
S15928,Store_15928,,Chennai,TS,,2021-09-06,CLOSED
S15929,,EAST,Delhi,TS,India,,OPEN
,Store_15930,CENTRAL,Delhi,DL,India,,CLOSED
S15931,Store_15931,CENTRAL,,,India,2021-08-04,RENOVATION
S15932,,CENTRAL,Mumbai,WB,,2022-10-26,RENOVATION
S15933,Store_15933,EAST,,,India,2021-12-22,CLOSED
S15934,Store_15934,SOUTH,,RJ,,2025-12-05,OPEN
,Store_15935,SOUTH,Delhi,RJ,,2024-04-03,OPEN
,Store_15936,,Kochi,TS,India,2024-05-08,RENOVATION
S15937,,NORTH,Kochi,MP,India,,CLOSED
S15938,,CENTRAL,,DL,India,2024-01-07,CLOSED
S15939,,CENTRAL,Pune,KA,India,2025-01-07,
S15940,Store_15940,,Pune,TN,India,,OPEN
S15941,Store_15941,,Delhi,MP,India,,OPEN
S15942,,CENTRAL,Chennai,,India,2023-08-16,CLOSED
S15943,Store_15943,EAST,,WB,India,,RENOVATION
S15944,Store_15944,CENTRAL,,MP,India,,RENOVATION
S15945,,,Mumbai,WB,India,2023-05-01,OPEN
S15946,Store_15946,,Indore,KA,India,,CLOSED
S15947,Store_15947,,Kochi,,India,2026-01-07,RENOVATION
S15948,Store_15948,EAST,,MH,,2022-06-26,CLOSED
S15949,Store_15949,NORTH,Delhi,TS,,2025-07-19,
S15950,Store_15950,WEST,,TS,India,2023-12-24,
S15951,,WEST,Jaipur,MP,,2025-03-21,RENOVATION
,Store_15952,CENTRAL,Kochi,TS,India,2024-09-10,
,Store_15953,WEST,,TS,India,2022-08-11,CLOSED
,Store_15954,EAST,,DL,India,2021-11-07,RENOVATION
S15955,Store_15955,EAST,,TN,,2022-10-26,CLOSED
S15956,Store_15956,,Bengaluru,MH,India,2024-02-12,
S15957,,,Delhi,TS,India,2025-07-02,OPEN
S15958,Store_15958,EAST,,KL,,2021-05-22,CLOSED
S15959,Store_15959,,Kochi,,India,2023-08-27,OPEN
S15960,Store_15960,SOUTH,Chennai,RJ,India,,
,Store_15961,EAST,Kolkata,,India,2025-12-28,CLOSED
,Store_15962,NORTH,,WB,India,2022-11-03,CLOSED
S15963,Store_15963,NORTH,Kolkata,TS,,2023-05-26,
S15964,Store_15964,NORTH,Pune,MH,,2025-05-12,
S15965,,SOUTH,Kochi,,India,2024-11-29,OPEN
S15966,Store_15966,,Jaipur,TS,India,,CLOSED
S15967,Store_15967,,Pune,MP,India,,RENOVATION
,Store_15968,SOUTH,Indore,,India,2024-02-20,CLOSED
S15969,,WEST,Jaipur,,India,2025-05-28,OPEN
S15970,,EAST,Kochi,MH,India,2022-12-30,
,Store_15971,CENTRAL,Bengaluru,RJ,India,,RENOVATION
S15972,Store_15972,SOUTH,,WB,,2022-07-21,OPEN
S15973,Store_15973,CENTRAL,Bengaluru,,India,2023-09-06,
S15974,Store_15974,EAST,Jaipur,KA,,2025-03-24,
S15975,Store_15975,WEST,Kolkata,,India,2023-02-22,
S15976,Store_15976,NORTH,,,India,2025-02-05,RENOVATION
,Store_15977,SOUTH,Kolkata,DL,India,,CLOSED
S15978,Store_15978,,Bengaluru,MH,India,,RENOVATION
,Store_15979,EAST,Mumbai,KA,India,2025-02-03,
,Store_15980,SOUTH,Pune,MP,India,2025-01-17,
S15981,Store_15981,NORTH,,,India,2022-04-14,RENOVATION
S15982,Store_15982,SOUTH,Kochi,,India,,RENOVATION
,Store_15983,NORTH,,RJ,India,2022-11-25,OPEN
S15984,Store_15984,CENTRAL,Indore,TN,,2023-05-31,
S15985,,SOUTH,Indore,KA,,2022-05-31,RENOVATION
S15986,Store_15986,,Kolkata,,India,2024-12-04,CLOSED
S15987,Store_15987,CENTRAL,Jaipur,,India,,RENOVATION
S15988,Store_15988,SOUTH,Chennai,,India,2021-03-10,
S15989,,NORTH,Jaipur,TS,India,2024-02-21,
,Store_15990,NORTH,Kolkata,TN,India,2023-08-18,
,Store_15991,CENTRAL,Hyderabad,,India,2022-02-08,OPEN
S15992,Store_15992,CENTRAL,,TN,India,,CLOSED
S15993,Store_15993,,Delhi,RJ,India,,RENOVATION
,Store_15994,NORTH,Chennai,DL,,2025-04-11,OPEN
S15995,Store_15995,NORTH,Chennai,DL,,2022-01-20,
S15996,Store_15996,CENTRAL,,DL,,2022-07-08,OPEN
S15997,Store_15997,WEST,,TN,,2022-11-11,CLOSED
S15998,Store_15998,WEST,Kochi,KL,,2021-12-31,
S15999,Store_15999,WEST,,TN,,2024-02-08,OPEN
S16000,Store_16000,SOUTH,Indore,MH,,2021-06-22,
S16001,Store_16001,NORTH,Jaipur,,,2024-09-01,OPEN
S16002,,WEST,,MP,India,2024-04-18,RENOVATION
S16003,Store_16003,EAST,,MH,,2024-12-09,OPEN
S16004,Store_16004,EAST,Hyderabad,,India,2022-12-09,
S16005,Store_16005,CENTRAL,Mumbai,TS,India,,
,Store_16006,CENTRAL,Jaipur,TS,,2023-08-20,RENOVATION
S16007,Store_16007,SOUTH,Mumbai,,,2024-10-08,OPEN
S16008,Store_16008,CENTRAL,,RJ,India,,OPEN
S16009,Store_16009,,,MH,India,2023-02-07,CLOSED
,Store_16010,NORTH,Kochi,RJ,,2023-09-05,CLOSED
S16011,,NORTH,Pune,,India,2023-06-30,RENOVATION
S16012,Store_16012,,Delhi,,India,2022-03-16,OPEN
S16013,Store_16013,WEST,,TS,India,,RENOVATION
S16014,Store_16014,NORTH,Kolkata,,India,,RENOVATION
S16015,Store_16015,WEST,,TN,India,,CLOSED
,,WEST,Mumbai,MP,India,2021-08-20,RENOVATION
S16017,,,Chennai,TS,India,2023-09-01,CLOSED
S16018,,SOUTH,Chennai,DL,India,,OPEN
,Store_16019,NORTH,,MH,India,2025-05-13,RENOVATION
S16020,Store_16020,,Indore,MH,India,,RENOVATION
,Store_16021,CENTRAL,Chennai,WB,,2021-05-23,RENOVATION
S16022,Store_16022,CENTRAL,,MH,India,2025-04-18,
S16023,Store_16023,,Mumbai,,India,2025-05-15,CLOSED
S16024,,SOUTH,Indore,,India,2023-11-05,RENOVATION
S16025,Store_16025,NORTH,Bengaluru,KL,,,RENOVATION
S16026,Store_16026,,Delhi,DL,India,2021-07-30,
S16027,Store_16027,,Pune,TN,,2024-01-02,RENOVATION
S16028,,WEST,Delhi,DL,India,2021-09-22,
S16029,Store_16029,,Chennai,TN,,2026-01-07,RENOVATION
S16030,Store_16030,WEST,Indore,,India,2023-04-01,
S16031,,WEST,Chennai,MP,,2024-06-21,OPEN
S16032,,WEST,Bengaluru,MP,India,,RENOVATION
S16033,Store_16033,SOUTH,,,India,2024-11-28,OPEN
S16034,Store_16034,EAST,Kolkata,,India,,RENOVATION
S16035,Store_16035,EAST,Indore,KA,,,CLOSED
,Store_16036,WEST,Mumbai,KA,India,2022-07-05,
S16037,,WEST,Kochi,MP,India,2024-11-03,
S16038,Store_16038,,,MH,India,2023-07-11,RENOVATION
,Store_16039,CENTRAL,Indore,MH,India,2025-12-11,
S16040,Store_16040,NORTH,Kochi,MP,,,CLOSED
S16041,,WEST,Bengaluru,TS,,2021-03-09,OPEN
,Store_16042,EAST,Jaipur,WB,India,,RENOVATION
S16043,Store_16043,NORTH,,,India,2021-04-20,OPEN
S16044,Store_16044,,Pune,TN,India,2026-01-21,
,Store_16045,EAST,Delhi,,India,2024-02-09,CLOSED
,Store_16046,,Hyderabad,KA,India,2024-01-18,RENOVATION
S16047,Store_16047,,Mumbai,,India,2023-03-23,CLOSED
S16048,Store_16048,CENTRAL,Delhi,,India,,CLOSED
S16049,Store_16049,NORTH,,,India,2022-06-02,RENOVATION
S16050,Store_16050,CENTRAL,Pune,RJ,India,,
S16051,Store_16051,NORTH,,MP,India,,CLOSED
S16052,Store_16052,,Mumbai,TS,,2025-10-17,CLOSED
S16053,Store_16053,EAST,Delhi,,,2021-10-05,OPEN
,Store_16054,CENTRAL,Delhi,MP,India,,CLOSED
S16055,,WEST,Kolkata,TS,India,,CLOSED
S16056,,CENTRAL,Indore,,India,2025-03-30,OPEN
,Store_16057,,Pune,WB,India,2025-03-20,CLOSED
S16058,Store_16058,WEST,Mumbai,,India,,OPEN
S16059,Store_16059,SOUTH,,WB,India,,OPEN
S16060,,,Chennai,KA,India,2023-05-08,CLOSED
S16061,,,Chennai,TN,India,2025-07-08,OPEN
S16062,Store_16062,WEST,Indore,,India,,OPEN
S16063,,CENTRAL,Pune,TS,,2022-07-12,CLOSED
S16064,Store_16064,NORTH,,WB,,2025-08-16,OPEN
,Store_16065,NORTH,Bengaluru,,India,2023-02-23,CLOSED
S16066,Store_16066,EAST,,,India,2023-06-30,CLOSED
S16067,Store_16067,CENTRAL,Kolkata,,India,,CLOSED
S16068,Store_16068,,Kolkata,MP,India,,OPEN
,Store_16069,CENTRAL,Bengaluru,,India,2022-06-19,RENOVATION
S16070,Store_16070,EAST,Delhi,,,2024-03-03,RENOVATION
S16071,Store_16071,WEST,Pune,DL,India,,
S16072,Store_16072,WEST,Hyderabad,MH,India,,
,Store_16073,WEST,Kochi,,India,2023-04-08,CLOSED
,Store_16074,NORTH,,TN,India,2025-07-11,CLOSED
S16075,,EAST,Mumbai,MP,,2023-11-03,CLOSED
S16076,,NORTH,Hyderabad,,India,2025-03-07,RENOVATION
,Store_16077,WEST,Pune,TS,India,2024-02-22,
,Store_16078,,Hyderabad,KL,India,2021-08-13,RENOVATION
,,NORTH,Bengaluru,MH,India,2023-11-19,CLOSED
S16080,Store_16080,SOUTH,Pune,TS,India,,
,,WEST,Mumbai,RJ,India,2023-08-31,RENOVATION
S16082,Store_16082,,,MH,India,2022-01-28,OPEN
S16083,Store_16083,,,WB,India,2023-07-22,OPEN
S16084,,EAST,Delhi,MH,,2024-10-26,OPEN
S16085,,,Kochi,TN,India,2023-03-23,RENOVATION
S16086,Store_16086,EAST,,RJ,,2022-08-29,OPEN
S16087,Store_16087,NORTH,Chennai,,India,,CLOSED
S16088,Store_16088,,,TN,India,2023-11-01,RENOVATION
S16089,Store_16089,NORTH,,TN,India,2025-03-19,
S16090,Store_16090,SOUTH,Pune,KA,,,CLOSED
S16091,Store_16091,EAST,Indore,,,2021-12-19,RENOVATION
S16092,Store_16092,,,MP,India,2024-02-21,OPEN
,Store_16093,WEST,Hyderabad,,India,2023-01-12,OPEN
S16094,Store_16094,CENTRAL,Jaipur,,,2024-11-06,OPEN
S16095,Store_16095,,,TS,India,2025-02-23,RENOVATION
S16096,,EAST,Mumbai,WB,,2023-08-13,OPEN
,,NORTH,Bengaluru,DL,India,2023-04-16,RENOVATION
,,WEST,Delhi,TN,India,2022-02-02,OPEN
S16099,Store_16099,,Mumbai,DL,India,,OPEN
,Store_16100,SOUTH,Chennai,RJ,India,,CLOSED
S16101,Store_16101,,Bengaluru,MH,,2025-05-21,CLOSED
S16102,,CENTRAL,,MH,India,2024-08-17,CLOSED
S16103,,WEST,Jaipur,,India,2025-03-30,CLOSED
,Store_16104,CENTRAL,Bengaluru,,India,2022-06-24,RENOVATION
S16105,,,Kolkata,DL,India,2025-05-01,OPEN
S16106,Store_16106,EAST,Indore,,,2021-05-20,RENOVATION
,Store_16107,,Pune,KA,India,2023-11-05,RENOVATION
S16108,Store_16108,,Delhi,WB,India,2024-03-31,
S16109,,EAST,Kolkata,KL,,2023-12-12,RENOVATION
S16110,Store_16110,SOUTH,Hyderabad,TS,India,,
,Store_16111,,Pune,MH,India,2023-12-31,OPEN
S16112,Store_16112,SOUTH,Delhi,,India,,RENOVATION
S16113,,EAST,,TS,India,2023-01-16,CLOSED
S16114,Store_16114,CENTRAL,Mumbai,TS,,,CLOSED
S16115,Store_16115,,Jaipur,MP,,2022-04-03,RENOVATION
,Store_16116,,Hyderabad,MH,India,2024-02-16,OPEN
S16117,Store_16117,,Jaipur,,India,2021-09-14,OPEN
,Store_16118,NORTH,Indore,KL,,2025-04-25,OPEN
S16119,Store_16119,WEST,,MP,India,,OPEN
S16120,Store_16120,EAST,Mumbai,MP,,2023-08-19,
,Store_16121,NORTH,Jaipur,KA,India,,OPEN
S16122,Store_16122,WEST,,MH,India,2021-08-21,
S16123,Store_16123,WEST,Mumbai,,,2023-02-22,RENOVATION
S16124,Store_16124,,,TN,India,2022-05-08,CLOSED
,Store_16125,WEST,Jaipur,,India,2022-01-17,CLOSED
S16126,,CENTRAL,,MP,India,2023-01-24,CLOSED
,Store_16127,WEST,Delhi,RJ,India,,RENOVATION
S16128,,CENTRAL,Chennai,,India,2021-11-19,OPEN
S16129,Store_16129,CENTRAL,,TN,India,,CLOSED
S16130,Store_16130,CENTRAL,,DL,India,,RENOVATION
S16131,Store_16131,NORTH,Jaipur,WB,,,RENOVATION
,Store_16132,EAST,Kolkata,,India,2023-02-10,CLOSED
S16133,Store_16133,,Pune,TS,,2022-05-09,CLOSED
S16134,Store_16134,WEST,Jaipur,,India,2025-01-29,
S16135,Store_16135,EAST,,KL,,2022-09-10,CLOSED
,Store_16136,EAST,Jaipur,KA,India,,CLOSED
S16137,,EAST,Mumbai,TS,India,2023-02-28,
S16138,Store_16138,NORTH,,WB,India,,OPEN
S16139,,CENTRAL,,KL,India,2021-07-05,CLOSED
,Store_16140,WEST,Jaipur,RJ,India,,OPEN
S16141,Store_16141,SOUTH,,,India,2023-11-02,OPEN
S16142,Store_16142,WEST,,MH,India,2024-12-19,
,,SOUTH,Kolkata,MP,India,2025-09-14,CLOSED
S16144,Store_16144,,Delhi,RJ,India,,OPEN
S16145,Store_16145,,Kochi,MH,India,2021-07-17,
S16146,,WEST,Jaipur,WB,,2025-11-14,CLOSED
S16147,Store_16147,WEST,Jaipur,MP,,2023-06-24,
S16148,Store_16148,,,MH,India,2021-11-25,CLOSED
,Store_16149,CENTRAL,Bengaluru,RJ,India,,OPEN
,,CENTRAL,Delhi,RJ,India,2021-10-08,CLOSED
S16151,Store_16151,CENTRAL,Kolkata,,,2022-10-04,RENOVATION
S16152,,WEST,,TS,India,2022-06-23,CLOSED
,Store_16153,EAST,Hyderabad,,India,2025-01-17,OPEN
S16154,Store_16154,NORTH,,,India,2024-08-11,OPEN
S16155,Store_16155,NORTH,,WB,India,2024-10-16,
,Store_16156,NORTH,Hyderabad,WB,India,2023-06-05,
,Store_16157,CENTRAL,Mumbai,,India,2021-11-02,RENOVATION
S16158,Store_16158,SOUTH,,,India,2022-11-23,CLOSED
S16159,,SOUTH,Chennai,,India,2024-10-06,OPEN
S16160,Store_16160,SOUTH,Bengaluru,,India,,RENOVATION
S16161,,NORTH,Bengaluru,DL,India,,CLOSED
S16162,Store_16162,CENTRAL,Delhi,TS,,,CLOSED
S16163,Store_16163,,,DL,India,2023-01-04,OPEN
,Store_16164,,Jaipur,MH,India,2022-11-26,CLOSED
,Store_16165,SOUTH,Pune,MP,India,2021-02-14,
S16166,Store_16166,NORTH,,KL,,2022-05-16,OPEN
S16167,Store_16167,SOUTH,Chennai,,,2023-08-26,CLOSED
,Store_16168,,Indore,MH,India,2023-06-26,OPEN
S16169,Store_16169,NORTH,Pune,TS,,2022-02-28,
S16170,Store_16170,NORTH,Delhi,,India,,RENOVATION
,Store_16171,NORTH,Chennai,MH,India,,CLOSED
S16172,Store_16172,,Kochi,WB,India,,OPEN
S16173,,EAST,Kolkata,MP,India,2023-01-10,
S16174,Store_16174,,Chennai,MH,,2024-05-08,RENOVATION
S16175,Store_16175,NORTH,Indore,,India,,RENOVATION
S16176,Store_16176,WEST,Mumbai,TN,,2022-06-19,
,Store_16177,,Bengaluru,DL,India,2025-09-20,CLOSED
S16178,Store_16178,,Kolkata,,India,2025-05-02,OPEN
S16179,,SOUTH,,DL,India,2021-11-16,OPEN
S16180,Store_16180,CENTRAL,Indore,,India,2025-08-19,
S16181,Store_16181,NORTH,Hyderabad,WB,,,RENOVATION
S16182,Store_16182,NORTH,Jaipur,TS,,2022-03-17,
S16183,,WEST,Bengaluru,,India,2023-02-24,RENOVATION
S16184,Store_16184,,,KL,India,2025-03-31,OPEN
S16185,Store_16185,CENTRAL,Kolkata,KL,India,,
,Store_16186,WEST,Mumbai,,India,2021-12-25,OPEN
S16187,Store_16187,,Indore,KA,India,,CLOSED
S16188,Store_16188,SOUTH,,WB,India,2025-12-23,
S16189,,CENTRAL,,DL,India,2024-06-18,RENOVATION
S16190,Store_16190,WEST,Chennai,KL,India,,
S16191,,NORTH,Kochi,MP,India,2021-08-02,
,Store_16192,EAST,,WB,India,2023-09-14,RENOVATION
S16193,,,Jaipur,RJ,India,2024-10-10,OPEN
S16194,Store_16194,SOUTH,Indore,WB,India,,
,Store_16195,,Kolkata,RJ,India,2025-06-10,CLOSED
S16196,Store_16196,,Jaipur,,India,2023-07-17,OPEN
,Store_16197,EAST,Mumbai,,India,2024-04-16,OPEN
S16198,Store_16198,,,TN,India,2025-08-22,OPEN
,Store_16199,CENTRAL,Jaipur,TN,,2024-08-08,RENOVATION
S16200,Store_16200,,Kochi,,India,2024-09-01,CLOSED
,Store_16201,,Jaipur,KA,India,2025-08-02,CLOSED
S16202,Store_16202,WEST,,,India,2021-12-11,CLOSED
S16203,Store_16203,NORTH,Mumbai,,India,2021-04-20,
S16204,Store_16204,,Chennai,KA,India,,OPEN
S16205,Store_16205,SOUTH,Mumbai,,India,,CLOSED
S16206,Store_16206,,Jaipur,MH,India,,OPEN
S16207,Store_16207,NORTH,Delhi,TN,,2022-01-25,
S16208,Store_16208,CENTRAL,Chennai,,,2022-07-09,OPEN
,,CENTRAL,Chennai,TN,India,2024-12-30,CLOSED
,Store_16210,NORTH,Pune,MP,,2025-11-25,RENOVATION
S16211,Store_16211,NORTH,Chennai,WB,,,OPEN
,Store_16212,CENTRAL,Chennai,,India,2022-05-16,OPEN
S16213,Store_16213,WEST,,MH,India,,CLOSED
S16214,,NORTH,Chennai,KL,India,2023-10-26,
S16215,,NORTH,,MH,India,2023-06-22,RENOVATION
S16216,Store_16216,,Kochi,WB,India,,RENOVATION
S16217,,SOUTH,Chennai,MH,India,,OPEN
,Store_16218,WEST,Delhi,DL,,2022-08-14,RENOVATION
S16219,Store_16219,WEST,,DL,India,2025-12-14,
S16220,Store_16220,WEST,Pune,TS,,,RENOVATION
,Store_16221,CENTRAL,Jaipur,,India,2024-06-01,CLOSED
,Store_16222,CENTRAL,Indore,,India,2022-04-23,CLOSED
S16223,Store_16223,NORTH,Mumbai,KA,,2022-06-21,
S16224,Store_16224,SOUTH,Indore,TN,,,CLOSED
,Store_16225,EAST,Jaipur,WB,India,2024-03-10,
S16226,Store_16226,,Jaipur,MP,India,,OPEN
S16227,Store_16227,EAST,Kochi,,India,,RENOVATION
S16228,Store_16228,NORTH,,TN,India,,OPEN
,Store_16229,,Kolkata,KL,India,2021-05-30,RENOVATION
S16230,,CENTRAL,Kochi,MP,,2025-01-17,CLOSED
S16231,Store_16231,NORTH,Kochi,KL,,,RENOVATION
S16232,Store_16232,,,DL,India,2021-07-10,CLOSED
S16233,Store_16233,EAST,Hyderabad,DL,India,,
S16234,Store_16234,NORTH,Kochi,,India,2025-09-04,
,Store_16235,CENTRAL,Hyderabad,MH,India,,RENOVATION
S16236,Store_16236,,Chennai,KA,India,2025-03-29,
S16237,Store_16237,WEST,Kolkata,,,2023-02-08,OPEN
S16238,Store_16238,CENTRAL,,,India,2023-07-21,OPEN
S16239,Store_16239,,Pune,,India,2026-01-16,OPEN
S16240,Store_16240,NORTH,,TS,,2024-03-21,CLOSED
S16241,Store_16241,,,WB,India,2024-01-24,RENOVATION
,Store_16242,NORTH,Bengaluru,,India,2023-03-25,RENOVATION
,Store_16243,,Bengaluru,WB,India,2025-05-03,OPEN
S16244,Store_16244,NORTH,,MH,India,,RENOVATION
S16245,,CENTRAL,Kochi,RJ,,2023-01-30,OPEN
S16246,Store_16246,CENTRAL,Delhi,,India,,RENOVATION
,Store_16247,NORTH,Kolkata,MH,India,2025-05-18,
S16248,,,Delhi,KL,India,2025-05-04,RENOVATION
S16249,Store_16249,,Pune,TS,India,2023-06-22,
S16250,Store_16250,WEST,Pune,,India,2021-12-08,
S16251,,WEST,Indore,KA,,2024-09-20,CLOSED
S16252,Store_16252,SOUTH,Pune,,India,,RENOVATION
,Store_16253,WEST,Mumbai,TS,,2022-10-06,CLOSED
S16254,Store_16254,WEST,Kolkata,,India,,CLOSED
,Store_16255,CENTRAL,Chennai,DL,India,2023-05-06,
S16256,,,Indore,KL,India,2022-05-14,RENOVATION
S16257,Store_16257,SOUTH,,KL,,2022-01-31,OPEN
,Store_16258,,Pune,KA,India,2025-11-24,OPEN
,,NORTH,Pune,TS,India,2022-08-06,CLOSED
S16260,Store_16260,CENTRAL,,,India,2025-08-13,OPEN
S16261,Store_16261,CENTRAL,Bengaluru,,,2023-04-18,CLOSED
S16262,,WEST,Delhi,KL,,2023-10-23,OPEN
,Store_16263,NORTH,Kochi,MP,India,,OPEN
S16264,Store_16264,NORTH,,TS,India,,OPEN
S16265,Store_16265,,Jaipur,,India,2022-04-17,CLOSED
S16266,Store_16266,,Jaipur,KL,,2023-06-06,CLOSED
S16267,Store_16267,,Kochi,TS,,2022-05-23,OPEN
S16268,,NORTH,Delhi,RJ,India,2026-01-04,
S16269,Store_16269,,Pune,RJ,India,2025-07-14,
S16270,Store_16270,,Hyderabad,MH,India,,OPEN
S16271,Store_16271,CENTRAL,Hyderabad,MH,India,,
S16272,,WEST,,TN,India,2021-12-31,RENOVATION
S16273,Store_16273,,Delhi,,India,2025-11-03,RENOVATION
S16274,Store_16274,,Kolkata,MP,,2024-01-12,RENOVATION
,Store_16275,CENTRAL,Delhi,,India,2024-02-07,CLOSED
,Store_16276,CENTRAL,Hyderabad,,India,2021-02-12,OPEN
S16277,Store_16277,,Hyderabad,,India,2022-08-07,OPEN
S16278,Store_16278,EAST,,TN,India,2024-09-02,
,Store_16279,CENTRAL,Chennai,TN,India,,CLOSED
,Store_16280,,Delhi,MP,India,2025-02-05,OPEN
S16281,Store_16281,,Bengaluru,TS,India,,RENOVATION
,Store_16282,WEST,Kolkata,DL,India,2025-02-12,
,Store_16283,NORTH,Indore,,India,2025-03-12,OPEN
S16284,Store_16284,EAST,Bengaluru,,India,,OPEN
S16285,Store_16285,,Pune,WB,India,,CLOSED
,Store_16286,,Jaipur,TN,India,2024-02-29,OPEN
,Store_16287,EAST,Bengaluru,TN,India,2025-10-19,
S16288,Store_16288,CENTRAL,Pune,,India,,CLOSED
S16289,Store_16289,SOUTH,Hyderabad,,,2023-03-06,CLOSED
S16290,,SOUTH,Jaipur,TS,,2023-04-27,RENOVATION
,Store_16291,NORTH,Delhi,TS,India,,RENOVATION
S16292,,EAST,Kolkata,TS,India,2025-12-09,
S16293,,NORTH,,TS,India,2024-11-01,CLOSED
,Store_16294,SOUTH,Pune,DL,India,,RENOVATION
S16295,Store_16295,WEST,,,India,2022-01-21,RENOVATION
,Store_16296,EAST,Chennai,TS,,2025-06-29,RENOVATION
,Store_16297,,Kochi,MH,India,2025-05-19,OPEN
,Store_16298,WEST,Delhi,TN,,2024-12-25,OPEN
S16299,Store_16299,SOUTH,Kochi,RJ,India,,
S16300,Store_16300,CENTRAL,Indore,,India,2024-12-07,
,Store_16301,WEST,,MH,India,2022-07-22,CLOSED
S16302,Store_16302,NORTH,,WB,,2023-08-07,RENOVATION
S16303,Store_16303,NORTH,Kolkata,,India,,RENOVATION
S16304,,WEST,Hyderabad,TS,,2025-06-26,RENOVATION
S16305,Store_16305,,Kolkata,,India,2023-11-29,OPEN
,Store_16306,NORTH,,DL,India,2025-05-17,OPEN
S16307,Store_16307,SOUTH,Mumbai,,India,2024-05-30,
,Store_16308,EAST,Mumbai,,India,2023-11-15,OPEN
S16309,Store_16309,CENTRAL,,TN,India,2022-05-14,
S16310,,,Indore,MP,India,2023-05-14,OPEN
,Store_16311,NORTH,Kochi,MP,India,,OPEN
,Store_16312,WEST,Kochi,KA,,2021-07-23,OPEN
S16313,Store_16313,CENTRAL,Pune,,India,,RENOVATION
S16314,Store_16314,EAST,,RJ,India,2024-04-29,
,Store_16315,CENTRAL,,KA,India,2025-08-21,CLOSED
,Store_16316,SOUTH,Bengaluru,,India,2025-01-26,CLOSED
S16317,Store_16317,EAST,Delhi,TN,India,,
,Store_16318,,Kolkata,DL,India,2024-08-16,CLOSED
S16319,Store_16319,CENTRAL,Kolkata,,India,,RENOVATION
S16320,Store_16320,,Bengaluru,,India,2023-04-23,OPEN
,Store_16321,WEST,Indore,,India,2021-12-28,CLOSED
,Store_16322,EAST,Jaipur,MP,India,,RENOVATION
S16323,Store_16323,,Hyderabad,MP,,2025-06-17,RENOVATION
,Store_16324,,Indore,KL,India,2024-12-30,RENOVATION
S16325,Store_16325,WEST,Indore,DL,India,,
S16326,Store_16326,EAST,Jaipur,TN,,,CLOSED
S16327,Store_16327,CENTRAL,Chennai,,,2021-09-02,CLOSED
S16328,Store_16328,CENTRAL,Pune,,,2022-09-28,RENOVATION
S16329,Store_16329,,Kolkata,TN,India,2022-12-12,
S16330,Store_16330,NORTH,Bengaluru,,,2022-02-22,RENOVATION
,Store_16331,,Pune,WB,India,2022-03-03,OPEN
,Store_16332,,Chennai,DL,India,2024-02-04,OPEN
S16333,Store_16333,SOUTH,,DL,India,2024-02-23,
,Store_16334,NORTH,,DL,India,2024-11-13,OPEN
S16335,Store_16335,CENTRAL,Kolkata,WB,India,,
S16336,Store_16336,WEST,Kolkata,,,2021-12-04,OPEN
S16337,Store_16337,,Mumbai,TN,,2021-09-04,CLOSED
S16338,,SOUTH,Kolkata,KA,India,2023-08-27,
,Store_16339,SOUTH,Mumbai,WB,,2023-08-03,RENOVATION
S16340,,NORTH,Hyderabad,KL,India,2024-10-30,
S16341,Store_16341,WEST,Pune,,India,2024-12-22,
,Store_16342,SOUTH,,KA,India,2025-07-04,RENOVATION
S16343,,SOUTH,Indore,KL,India,2025-06-05,
S16344,Store_16344,,Delhi,TN,,2023-04-13,OPEN
,Store_16345,WEST,Mumbai,WB,India,2023-01-09,
,Store_16346,,Jaipur,MP,India,2022-07-27,OPEN
S16347,,EAST,Kolkata,,India,2024-03-26,OPEN
S16348,Store_16348,WEST,,WB,,2022-03-12,RENOVATION
,Store_16349,NORTH,Indore,,India,2022-10-15,CLOSED
,Store_16350,WEST,Pune,,India,2023-10-18,RENOVATION
S16351,Store_16351,SOUTH,Kochi,,India,,RENOVATION
,Store_16352,SOUTH,Chennai,TN,,2025-02-11,CLOSED
S16353,Store_16353,CENTRAL,Hyderabad,RJ,India,,
S16354,Store_16354,NORTH,Mumbai,,,2023-01-06,CLOSED
S16355,,,Kochi,TN,India,2023-07-21,RENOVATION
S16356,Store_16356,WEST,Mumbai,,,2024-02-11,RENOVATION
,Store_16357,SOUTH,Bengaluru,WB,,2025-02-06,OPEN
S16358,,,Pune,KA,India,2023-06-22,RENOVATION
,Store_16359,EAST,,DL,India,2024-08-20,OPEN
S16360,Store_16360,EAST,,,India,2024-09-24,OPEN
S16361,Store_16361,NORTH,,MH,India,2021-10-26,
,,NORTH,Mumbai,RJ,India,2023-10-01,CLOSED
S16363,Store_16363,WEST,Delhi,,India,2021-10-01,
S16364,Store_16364,EAST,Bengaluru,KA,,,CLOSED
S16365,Store_16365,NORTH,Jaipur,KA,India,,
S16366,Store_16366,CENTRAL,Bengaluru,,India,2026-01-10,
S16367,Store_16367,SOUTH,Delhi,TS,,,OPEN
S16368,Store_16368,,,RJ,India,2025-11-03,RENOVATION
S16369,Store_16369,EAST,,TS,,2025-10-23,CLOSED
,Store_16370,WEST,Bengaluru,MH,India,2023-07-02,
,Store_16371,SOUTH,,KL,India,2023-08-23,CLOSED
S16372,Store_16372,,Kolkata,WB,,2022-11-10,RENOVATION
,Store_16373,NORTH,Kochi,,India,2021-08-11,OPEN
S16374,Store_16374,CENTRAL,,TS,India,2022-09-13,
,Store_16375,EAST,Jaipur,,India,2022-03-28,CLOSED
S16376,Store_16376,CENTRAL,Pune,,India,,CLOSED
S16377,,,Pune,KA,India,2021-09-28,RENOVATION
S16378,Store_16378,,Bengaluru,MP,India,,OPEN
S16379,Store_16379,,Kolkata,MH,India,2025-10-17,
,Store_16380,WEST,Indore,,India,2023-12-17,RENOVATION
S16381,,NORTH,Indore,KL,India,2025-02-08,
S16382,Store_16382,NORTH,,MP,,2024-05-21,RENOVATION
S16383,Store_16383,,,TS,India,2023-09-29,CLOSED
S16384,,NORTH,Mumbai,,India,2022-11-21,RENOVATION
S16385,Store_16385,EAST,,MP,India,,OPEN
S16386,Store_16386,,,MH,India,2023-01-03,RENOVATION
S16387,Store_16387,CENTRAL,Pune,,,2022-01-05,OPEN
S16388,Store_16388,EAST,,KA,India,2021-02-26,
S16389,,CENTRAL,Delhi,,India,2023-06-25,RENOVATION
S16390,Store_16390,NORTH,Chennai,,India,,CLOSED
S16391,Store_16391,SOUTH,Jaipur,WB,,,OPEN
S16392,Store_16392,,Kochi,RJ,India,2023-02-21,
S16393,Store_16393,,Kolkata,,India,2021-04-23,OPEN
S16394,,CENTRAL,Indore,TS,,2025-03-11,RENOVATION
S16395,Store_16395,,Jaipur,TS,,2021-04-06,OPEN
,,EAST,Pune,WB,India,2023-05-02,OPEN
S16397,Store_16397,CENTRAL,,,India,2021-12-06,RENOVATION
S16398,Store_16398,EAST,,RJ,India,2021-06-02,
S16399,Store_16399,CENTRAL,,KA,,2022-11-27,RENOVATION
,Store_16400,NORTH,,RJ,India,2021-05-07,CLOSED
S16401,Store_16401,WEST,Pune,RJ,,2024-04-02,
S16402,Store_16402,SOUTH,,RJ,India,2024-11-27,
S16403,,NORTH,,WB,India,2021-03-11,OPEN
S16404,Store_16404,NORTH,Kochi,MP,India,,
,Store_16405,EAST,Delhi,,India,2024-02-25,OPEN
,Store_16406,CENTRAL,Pune,WB,India,2024-08-09,
S16407,Store_16407,,Jaipur,MP,India,2023-03-18,
S16408,Store_16408,SOUTH,Jaipur,,,2023-09-18,RENOVATION
S16409,Store_16409,WEST,Mumbai,DL,,,CLOSED
S16410,Store_16410,EAST,,,India,2023-12-05,OPEN
,Store_16411,SOUTH,Pune,TS,India,2022-11-07,
S16412,Store_16412,NORTH,Pune,TS,,2021-04-18,
,Store_16413,WEST,Mumbai,DL,India,,CLOSED
S16414,,WEST,Mumbai,DL,,2024-05-05,OPEN
S16415,Store_16415,WEST,Bengaluru,,India,,RENOVATION
S16416,,EAST,,KA,India,2021-04-26,CLOSED
S16417,,WEST,Kochi,,India,2024-04-30,OPEN
S16418,Store_16418,,Hyderabad,TN,,2024-08-25,CLOSED
S16419,Store_16419,SOUTH,,TS,India,2023-02-28,
S16420,Store_16420,NORTH,Bengaluru,,India,,CLOSED
S16421,Store_16421,,Bengaluru,,India,2024-05-06,RENOVATION
S16422,Store_16422,CENTRAL,Delhi,,,2024-12-24,RENOVATION
S16423,Store_16423,SOUTH,,RJ,India,2025-11-26,
S16424,Store_16424,SOUTH,,TS,,2023-02-17,CLOSED
S16425,Store_16425,NORTH,Delhi,,India,,CLOSED
S16426,Store_16426,SOUTH,Indore,,India,,CLOSED
,Store_16427,NORTH,,MH,India,2021-06-18,RENOVATION
S16428,Store_16428,EAST,Mumbai,,India,,RENOVATION
S16429,Store_16429,EAST,Mumbai,,India,,OPEN
,,EAST,Indore,MH,India,2022-02-26,RENOVATION
S16431,Store_16431,SOUTH,,,India,2023-08-01,OPEN
,Store_16432,WEST,Kochi,,India,2024-10-28,CLOSED
,Store_16433,EAST,,TN,India,2022-03-31,OPEN
S16434,Store_16434,NORTH,,,India,2023-01-17,RENOVATION
S16435,Store_16435,CENTRAL,,,India,2025-10-21,RENOVATION
S16436,,EAST,,WB,India,2023-02-12,RENOVATION
S16437,Store_16437,CENTRAL,,,India,2024-07-05,RENOVATION
S16438,,CENTRAL,Pune,DL,,2024-09-12,CLOSED
S16439,Store_16439,WEST,Bengaluru,DL,,,CLOSED
S16440,Store_16440,SOUTH,Indore,,India,2022-10-07,
,Store_16441,SOUTH,Jaipur,WB,India,2024-06-29,
,Store_16442,EAST,Indore,KA,India,,RENOVATION
S16443,Store_16443,CENTRAL,,WB,India,2022-11-13,
S16444,Store_16444,,Indore,MP,India,,OPEN
S16445,,SOUTH,Pune,KL,India,,RENOVATION
S16446,Store_16446,SOUTH,,KA,India,2025-01-04,
S16447,,SOUTH,Kochi,KA,,2022-09-03,OPEN
S16448,,NORTH,Jaipur,DL,India,2021-12-25,
,Store_16449,CENTRAL,,WB,India,2021-03-07,OPEN
,Store_16450,,Mumbai,TN,India,2023-04-21,RENOVATION
S16451,Store_16451,,Kolkata,TS,,2024-03-26,OPEN
S16452,Store_16452,,Delhi,DL,,2023-06-27,RENOVATION
S16453,Store_16453,EAST,,MP,India,,OPEN
S16454,Store_16454,EAST,,,India,2024-04-23,CLOSED
S16455,Store_16455,,Delhi,DL,India,,OPEN
,Store_16456,EAST,Bengaluru,KA,India,,OPEN
S16457,Store_16457,CENTRAL,,MP,,2024-08-04,CLOSED
,Store_16458,EAST,Bengaluru,WB,India,2023-05-31,
,Store_16459,CENTRAL,Pune,KA,,2023-12-13,CLOSED
S16460,Store_16460,WEST,Kochi,,India,2022-06-02,
S16461,Store_16461,NORTH,,MH,India,2022-02-25,
S16462,,NORTH,Chennai,DL,India,2025-01-09,
S16463,Store_16463,NORTH,Kochi,DL,,2021-08-15,
,Store_16464,NORTH,Pune,MP,India,2022-12-26,
S16465,Store_16465,,Mumbai,MH,India,,OPEN
,Store_16466,WEST,Jaipur,TS,,2022-04-14,OPEN
S16467,Store_16467,WEST,,MH,India,,RENOVATION
S16468,Store_16468,CENTRAL,,KA,India,,CLOSED
,Store_16469,WEST,Jaipur,MP,India,2022-10-11,
S16470,Store_16470,,Mumbai,MP,India,2022-06-07,
S16471,Store_16471,,Chennai,,India,2025-02-11,CLOSED
S16472,Store_16472,SOUTH,,KA,India,2023-04-26,
,,WEST,Mumbai,KL,India,2024-01-18,CLOSED
S16474,Store_16474,,Hyderabad,DL,,2022-09-08,RENOVATION
,Store_16475,,Jaipur,MP,India,2024-12-10,OPEN
S16476,Store_16476,CENTRAL,,RJ,India,2021-04-03,
,Store_16477,WEST,Pune,MP,,2024-04-16,CLOSED
S16478,,,Pune,KA,India,2024-09-03,CLOSED
S16479,Store_16479,CENTRAL,Mumbai,,India,,RENOVATION
S16480,,SOUTH,Kolkata,RJ,,2021-09-20,OPEN
,Store_16481,,Indore,DL,India,2021-06-13,CLOSED
S16482,Store_16482,WEST,Delhi,,,2026-01-19,OPEN
S16483,,CENTRAL,Mumbai,MH,,2022-09-06,CLOSED
S16484,Store_16484,CENTRAL,Kochi,TN,India,,
S16485,Store_16485,,Delhi,,India,2022-03-25,CLOSED
,Store_16486,CENTRAL,Kolkata,TS,India,2022-03-27,
S16487,Store_16487,NORTH,,WB,,2022-08-16,OPEN
S16488,Store_16488,SOUTH,Chennai,,,2021-08-16,RENOVATION
S16489,,SOUTH,Hyderabad,TN,India,,CLOSED
S16490,,NORTH,,KL,India,2021-05-24,OPEN
S16491,Store_16491,WEST,,WB,India,2024-04-09,
S16492,Store_16492,,Indore,TN,India,2022-09-18,
S16493,Store_16493,CENTRAL,Hyderabad,MP,India,,
S16494,,SOUTH,Bengaluru,,India,2024-09-26,RENOVATION
,,SOUTH,Chennai,TN,India,2024-05-04,CLOSED
,Store_16496,EAST,Bengaluru,KA,India,,RENOVATION
,Store_16497,CENTRAL,Kolkata,MH,,2025-07-31,RENOVATION
,Store_16498,CENTRAL,Chennai,WB,India,2023-04-04,
,Store_16499,SOUTH,Jaipur,KA,India,,CLOSED
S16500,Store_16500,,Kolkata,WB,,2023-07-18,CLOSED
S16501,,NORTH,Bengaluru,,India,2025-10-18,OPEN
S16502,Store_16502,CENTRAL,,,India,2022-07-01,OPEN
,Store_16503,WEST,Kolkata,TN,India,,OPEN
S16504,Store_16504,WEST,,KL,India,2024-08-31,
,,SOUTH,Kolkata,MH,India,2024-07-11,CLOSED
S16506,Store_16506,EAST,Kolkata,,India,,CLOSED
S16507,Store_16507,WEST,Delhi,MH,,2022-01-30,
S16508,Store_16508,EAST,Kochi,KA,,2023-04-25,
S16509,Store_16509,EAST,Bengaluru,WB,India,,
S16510,Store_16510,SOUTH,Hyderabad,DL,,2024-09-09,
S16511,Store_16511,SOUTH,,,India,2022-05-06,RENOVATION
,Store_16512,WEST,Chennai,TS,India,,OPEN
S16513,Store_16513,EAST,,,India,2022-07-15,CLOSED
,Store_16514,WEST,Kochi,MH,India,2021-09-26,
S16515,Store_16515,,Indore,WB,India,2023-02-02,
S16516,,WEST,Pune,MP,India,,RENOVATION
,,NORTH,Delhi,MP,India,2025-05-18,CLOSED
S16518,Store_16518,EAST,Delhi,TS,,,RENOVATION
S16519,Store_16519,WEST,Bengaluru,,,2024-11-22,OPEN
S16520,Store_16520,,Delhi,,India,2025-07-10,CLOSED
S16521,Store_16521,SOUTH,Mumbai,,India,,OPEN
S16522,Store_16522,WEST,,WB,India,,OPEN
S16523,Store_16523,SOUTH,,,India,2025-07-30,OPEN
S16524,,SOUTH,,RJ,India,2024-01-15,OPEN
S16525,,WEST,Chennai,TN,,2024-12-14,CLOSED
S16526,Store_16526,WEST,,WB,India,2024-07-28,
,Store_16527,EAST,Indore,,India,2023-12-21,OPEN
S16528,Store_16528,NORTH,Delhi,,India,,RENOVATION
,Store_16529,CENTRAL,Kolkata,WB,India,2021-11-12,
,Store_16530,CENTRAL,,TN,India,2024-12-31,RENOVATION
S16531,Store_16531,SOUTH,Delhi,,,2023-05-18,OPEN
S16532,Store_16532,,Mumbai,,India,2023-11-27,RENOVATION
S16533,Store_16533,,Pune,MH,,2023-06-01,OPEN
S16534,,WEST,,RJ,India,2025-08-17,OPEN
S16535,Store_16535,WEST,,DL,India,2024-03-31,
S16536,,WEST,Kolkata,TN,,2021-11-23,CLOSED
S16537,,CENTRAL,Bengaluru,DL,India,2021-02-28,
S16538,Store_16538,WEST,Mumbai,MH,India,,
S16539,Store_16539,NORTH,Jaipur,TN,India,,
S16540,Store_16540,EAST,,MP,,2024-12-08,RENOVATION
S16541,Store_16541,,,WB,India,2025-05-10,CLOSED
S16542,Store_16542,,Pune,MH,India,,CLOSED
,Store_16543,EAST,Indore,MP,India,,RENOVATION
,Store_16544,NORTH,Bengaluru,,India,2023-09-30,RENOVATION
,Store_16545,SOUTH,Indore,MP,,2025-03-18,RENOVATION
S16546,Store_16546,WEST,,DL,,2022-08-18,RENOVATION
,Store_16547,EAST,Hyderabad,MP,,2021-07-14,CLOSED
S16548,,,Kolkata,RJ,India,2022-10-31,OPEN
S16549,,NORTH,Chennai,TS,India,,RENOVATION
S16550,,WEST,Chennai,WB,,2025-01-03,RENOVATION
,Store_16551,CENTRAL,Hyderabad,MP,India,,RENOVATION
S16552,,WEST,Kolkata,DL,,2021-06-02,RENOVATION
S16553,Store_16553,NORTH,,WB,,2025-09-11,OPEN
S16554,Store_16554,,Pune,WB,India,2023-10-04,
S16555,,,Bengaluru,MH,India,2024-10-30,OPEN
S16556,,SOUTH,Jaipur,TN,India,,RENOVATION
S16557,,CENTRAL,Kochi,,India,2022-09-21,CLOSED
S16558,Store_16558,SOUTH,Kolkata,,India,,CLOSED
,Store_16559,SOUTH,Indore,TN,India,2023-11-28,
S16560,Store_16560,WEST,,RJ,India,,OPEN
,Store_16561,NORTH,Pune,,India,2024-08-12,RENOVATION
,Store_16562,,Mumbai,TN,India,2021-10-08,CLOSED
S16563,Store_16563,EAST,Pune,,,2023-10-28,CLOSED
S16564,Store_16564,NORTH,,MP,,2022-10-03,OPEN
S16565,Store_16565,NORTH,,KL,India,2022-04-10,
S16566,Store_16566,SOUTH,Chennai,,,2023-05-08,OPEN
S16567,Store_16567,,Jaipur,,India,2021-10-15,RENOVATION
S16568,Store_16568,WEST,,MH,India,,CLOSED
S16569,,WEST,,KL,India,2021-06-29,RENOVATION
S16570,Store_16570,NORTH,Hyderabad,,India,2022-10-12,
S16571,Store_16571,EAST,Hyderabad,,,2022-01-16,RENOVATION
S16572,Store_16572,WEST,,,India,2024-07-10,CLOSED
S16573,Store_16573,NORTH,,KL,India,2023-01-10,
S16574,Store_16574,NORTH,Kolkata,DL,India,,
,Store_16575,EAST,Bengaluru,TS,India,2023-04-16,
,Store_16576,SOUTH,Jaipur,,India,2022-02-28,CLOSED
S16577,,NORTH,Delhi,DL,,2023-02-25,CLOSED
,Store_16578,CENTRAL,,DL,India,2025-04-21,OPEN
,Store_16579,NORTH,Hyderabad,,India,2024-10-06,OPEN
,Store_16580,NORTH,,WB,India,2023-04-19,CLOSED
,Store_16581,CENTRAL,Bengaluru,KL,India,2025-03-20,
S16582,,WEST,Kochi,WB,,2022-01-23,RENOVATION
S16583,Store_16583,SOUTH,Mumbai,,India,2026-01-25,
S16584,Store_16584,,,TS,India,2024-07-06,RENOVATION
S16585,Store_16585,SOUTH,Mumbai,KL,,,OPEN
S16586,Store_16586,WEST,Delhi,RJ,India,,
S16587,Store_16587,SOUTH,,WB,India,2025-07-12,
S16588,Store_16588,CENTRAL,,,India,2022-04-05,CLOSED
S16589,Store_16589,CENTRAL,Pune,DL,,2023-05-24,
S16590,Store_16590,CENTRAL,Pune,,India,2024-06-09,
S16591,Store_16591,WEST,Pune,KL,,,CLOSED
S16592,Store_16592,,Jaipur,,India,2023-11-23,CLOSED
S16593,Store_16593,WEST,,,India,2022-03-18,RENOVATION
S16594,Store_16594,CENTRAL,Indore,,India,2025-03-28,
S16595,Store_16595,EAST,Mumbai,,India,,OPEN
S16596,Store_16596,CENTRAL,Kolkata,,India,,OPEN
S16597,Store_16597,WEST,Jaipur,,India,,RENOVATION
S16598,,NORTH,Mumbai,MP,India,2023-09-15,
S16599,Store_16599,,Delhi,DL,India,2023-05-24,
S16600,Store_16600,CENTRAL,Bengaluru,WB,,,OPEN
S16601,Store_16601,WEST,Delhi,KL,,2022-07-08,
,Store_16602,CENTRAL,Mumbai,,India,2021-10-09,OPEN
S16603,Store_16603,,,MH,India,2025-10-27,RENOVATION
,Store_16604,,Mumbai,DL,India,2024-08-05,RENOVATION
S16605,Store_16605,CENTRAL,,KA,India,,CLOSED
S16606,,SOUTH,Kochi,MH,India,2024-06-21,
S16607,,CENTRAL,Kolkata,,India,2021-03-07,CLOSED
S16608,,EAST,,WB,India,2025-08-23,CLOSED
,Store_16609,EAST,Pune,,India,2022-10-07,RENOVATION
S16610,Store_16610,SOUTH,Indore,,,2021-03-23,OPEN
,Store_16611,,Kolkata,DL,India,2021-04-25,OPEN
S16612,,CENTRAL,Chennai,WB,India,,OPEN
,Store_16613,SOUTH,Mumbai,MP,India,2026-01-08,
S16614,Store_16614,WEST,Chennai,KL,,2026-01-27,
S16615,Store_16615,SOUTH,,WB,India,2023-05-14,
S16616,Store_16616,,,MH,India,2024-02-03,CLOSED
,Store_16617,NORTH,Bengaluru,RJ,India,2022-11-28,
,Store_16618,WEST,Kolkata,KA,India,,CLOSED
S16619,,NORTH,Delhi,TN,India,2025-11-22,
S16620,,EAST,Mumbai,MH,,2025-02-20,CLOSED
S16621,Store_16621,,Kochi,KL,,2025-04-28,CLOSED
S16622,Store_16622,NORTH,Jaipur,KA,,,OPEN
S16623,Store_16623,NORTH,Mumbai,,,2025-05-27,OPEN
S16624,Store_16624,SOUTH,,WB,India,,CLOSED
S16625,Store_16625,EAST,Kochi,,India,2022-10-11,
S16626,Store_16626,CENTRAL,Delhi,,India,,CLOSED
S16627,Store_16627,NORTH,Hyderabad,,India,,OPEN
S16628,Store_16628,CENTRAL,Kolkata,DL,,,CLOSED
S16629,Store_16629,,Indore,MP,India,,CLOSED
S16630,,WEST,Chennai,KL,,2023-03-28,RENOVATION
S16631,Store_16631,NORTH,,TN,India,2021-06-29,
S16632,Store_16632,SOUTH,Chennai,,India,2021-04-10,
S16633,Store_16633,EAST,,WB,,2022-01-14,CLOSED
S16634,,SOUTH,Indore,MH,India,2022-08-25,
S16635,Store_16635,NORTH,Kolkata,,,2022-11-30,OPEN
S16636,,EAST,Mumbai,TN,India,2025-05-27,
S16637,,WEST,Jaipur,KL,,2023-01-31,CLOSED
S16638,Store_16638,,,TN,India,2023-10-03,OPEN
S16639,,SOUTH,Kochi,,India,2022-03-23,OPEN
,Store_16640,CENTRAL,Hyderabad,DL,,2021-09-13,RENOVATION
,Store_16641,WEST,,TN,India,2021-06-12,CLOSED
S16642,Store_16642,WEST,Kolkata,KA,,,OPEN
,Store_16643,,Chennai,RJ,India,2026-01-10,CLOSED
S16644,Store_16644,WEST,Mumbai,,India,2024-01-26,
,Store_16645,CENTRAL,,RJ,India,2023-06-23,RENOVATION
S16646,Store_16646,,,MP,India,2024-02-28,OPEN
,Store_16647,SOUTH,Chennai,KL,India,2021-09-03,
,Store_16648,EAST,Kolkata,WB,India,,OPEN
,Store_16649,SOUTH,,DL,India,2022-07-04,OPEN
S16650,Store_16650,CENTRAL,,RJ,India,2024-10-16,
S16651,,SOUTH,Mumbai,KA,India,,CLOSED
,Store_16652,WEST,Kolkata,RJ,India,2022-04-06,
S16653,Store_16653,WEST,Delhi,,,2024-09-16,CLOSED
S16654,Store_16654,SOUTH,Pune,,India,2021-10-30,
S16655,,SOUTH,Bengaluru,KL,India,2021-11-27,
S16656,Store_16656,WEST,,,India,2024-12-31,OPEN
,Store_16657,,Kochi,MP,India,2021-02-17,OPEN
S16658,,SOUTH,Chennai,KL,,2024-07-11,RENOVATION
S16659,Store_16659,EAST,Hyderabad,,,2022-06-13,RENOVATION
,Store_16660,NORTH,,DL,India,2024-10-12,OPEN
S16661,,CENTRAL,Indore,,India,2023-03-09,RENOVATION
S16662,Store_16662,NORTH,,WB,India,2023-03-08,
S16663,,WEST,,KL,India,2022-07-22,OPEN
S16664,Store_16664,NORTH,,KL,,2021-07-29,OPEN
S16665,Store_16665,,Delhi,DL,India,2021-03-12,
S16666,Store_16666,,,TN,India,2023-09-12,CLOSED
,Store_16667,CENTRAL,Chennai,TS,India,,OPEN
S16668,Store_16668,CENTRAL,,TN,,2021-06-14,OPEN
S16669,Store_16669,EAST,Kochi,,India,2021-07-27,
S16670,Store_16670,WEST,,DL,India,,OPEN
,Store_16671,WEST,Pune,TN,India,,CLOSED
S16672,Store_16672,SOUTH,Delhi,MP,,2022-03-13,
S16673,,,Chennai,TS,India,2021-09-24,CLOSED
S16674,Store_16674,,Kolkata,,India,2025-03-28,CLOSED
S16675,Store_16675,CENTRAL,Kolkata,,India,,OPEN
S16676,Store_16676,WEST,Bengaluru,,India,,OPEN
S16677,Store_16677,CENTRAL,Jaipur,DL,India,,
S16678,Store_16678,,Kolkata,MP,India,,RENOVATION
S16679,Store_16679,EAST,,TN,,2022-12-30,CLOSED
S16680,Store_16680,CENTRAL,Indore,RJ,,2024-10-12,
S16681,,SOUTH,Kolkata,MP,,2022-05-28,RENOVATION
,,CENTRAL,Bengaluru,TS,India,2022-06-01,CLOSED
S16683,,,Mumbai,TS,India,2024-12-20,OPEN
S16684,Store_16684,,Pune,,India,2021-02-18,OPEN
,Store_16685,WEST,Chennai,KA,India,2024-11-08,
S16686,Store_16686,EAST,Jaipur,KA,,,RENOVATION
,Store_16687,CENTRAL,Delhi,MP,India,,RENOVATION
S16688,Store_16688,CENTRAL,Bengaluru,MH,,2025-01-10,
S16689,Store_16689,SOUTH,Kolkata,,India,2023-12-25,
S16690,,WEST,Delhi,MP,India,2025-07-24,
S16691,Store_16691,SOUTH,Kolkata,,,2025-12-10,RENOVATION
S16692,,EAST,Chennai,RJ,India,2021-06-22,
S16693,,SOUTH,Delhi,WB,India,2023-03-20,
S16694,Store_16694,NORTH,Chennai,,India,,OPEN
S16695,Store_16695,EAST,,,India,2021-07-01,CLOSED
,Store_16696,CENTRAL,,WB,India,2023-06-08,CLOSED
S16697,Store_16697,CENTRAL,,MH,India,2024-03-02,
,Store_16698,EAST,Pune,DL,India,,OPEN
,Store_16699,,Delhi,MH,India,2021-10-06,RENOVATION
S16700,Store_16700,CENTRAL,Kochi,,India,2024-11-19,
S16701,Store_16701,WEST,,DL,India,,RENOVATION
S16702,Store_16702,EAST,Kolkata,,India,,OPEN
S16703,Store_16703,EAST,Chennai,KA,,,OPEN
S16704,Store_16704,,Delhi,DL,India,2021-02-08,
,Store_16705,CENTRAL,Chennai,TN,India,2024-12-28,
,Store_16706,SOUTH,Hyderabad,MH,,2022-05-02,OPEN
S16707,Store_16707,,Indore,KL,,2021-11-27,RENOVATION
,Store_16708,SOUTH,Indore,KL,India,,RENOVATION
,Store_16709,EAST,Bengaluru,KL,India,2023-08-08,
S16710,,SOUTH,Pune,MP,,2022-01-24,CLOSED
S16711,Store_16711,EAST,Kochi,,India,,OPEN
,Store_16712,WEST,Chennai,MP,India,,RENOVATION
S16713,Store_16713,,,MH,India,2021-05-20,OPEN
,Store_16714,WEST,Jaipur,KL,India,,OPEN
S16715,,WEST,Hyderabad,MP,India,,OPEN
,Store_16716,EAST,Delhi,WB,India,,OPEN
S16717,Store_16717,,,RJ,India,2025-12-22,RENOVATION
S16718,Store_16718,,Indore,,India,2023-06-14,CLOSED
,Store_16719,CENTRAL,,KL,India,2025-11-22,OPEN
S16720,Store_16720,SOUTH,Hyderabad,,India,2025-02-13,
S16721,,SOUTH,Indore,,India,2024-04-08,RENOVATION
S16722,,SOUTH,Jaipur,,India,2025-08-13,CLOSED
S16723,,,Chennai,KA,India,2024-06-11,RENOVATION
S16724,Store_16724,WEST,Chennai,,India,2023-10-07,
S16725,Store_16725,NORTH,,MH,,2023-02-01,CLOSED
S16726,,CENTRAL,Jaipur,WB,India,,OPEN
S16727,,CENTRAL,Chennai,WB,India,,RENOVATION
S16728,Store_16728,SOUTH,Pune,,India,,CLOSED
S16729,Store_16729,CENTRAL,,RJ,India,,OPEN
S16730,Store_16730,CENTRAL,Kolkata,DL,,2025-04-12,
,Store_16731,CENTRAL,,WB,India,2025-08-28,OPEN
S16732,Store_16732,,Mumbai,MP,India,,OPEN
S16733,Store_16733,SOUTH,,,India,2022-12-21,OPEN
S16734,Store_16734,EAST,,TN,,2025-04-10,RENOVATION
S16735,Store_16735,NORTH,,TN,India,2021-03-09,
S16736,Store_16736,,Chennai,TN,India,,RENOVATION
S16737,Store_16737,SOUTH,Chennai,RJ,,2022-05-13,
S16738,Store_16738,,Bengaluru,,India,2023-05-20,CLOSED
S16739,,EAST,Delhi,DL,India,2023-12-01,
S16740,,,Hyderabad,TN,India,2024-01-18,RENOVATION
S16741,Store_16741,,Kochi,,India,2023-06-12,CLOSED
S16742,Store_16742,,Jaipur,TN,India,2023-06-07,
S16743,Store_16743,CENTRAL,Kolkata,TN,India,,
,Store_16744,,Delhi,KA,India,2024-05-16,OPEN
S16745,Store_16745,NORTH,Kochi,MP,,,RENOVATION
S16746,Store_16746,CENTRAL,Pune,,India,,CLOSED
S16747,Store_16747,,Hyderabad,,India,2024-06-04,RENOVATION
,Store_16748,,Chennai,KL,India,2022-04-26,OPEN
,,NORTH,Delhi,TS,India,2025-04-09,RENOVATION
S16750,,CENTRAL,Kochi,TS,India,,RENOVATION
S16751,,,Jaipur,WB,India,2022-12-24,OPEN
S16752,Store_16752,,Bengaluru,RJ,,2024-10-22,RENOVATION
,Store_16753,WEST,,KA,India,2025-08-12,RENOVATION
S16754,,,Delhi,MH,India,2026-01-03,OPEN
S16755,,,Hyderabad,WB,India,2023-12-22,CLOSED
S16756,Store_16756,CENTRAL,,TS,,2024-08-21,RENOVATION
,,SOUTH,Pune,MP,India,2022-10-28,OPEN
S16758,Store_16758,NORTH,Chennai,,India,,RENOVATION
,,WEST,Chennai,RJ,India,2021-02-22,CLOSED
S16760,Store_16760,EAST,,MH,India,,RENOVATION
S16761,,CENTRAL,Kolkata,KL,,2022-07-18,RENOVATION
S16762,,EAST,Chennai,KL,,2025-10-29,CLOSED
,Store_16763,NORTH,Chennai,KL,,2022-04-10,CLOSED
S16764,,SOUTH,,MH,India,2025-08-12,OPEN
,Store_16765,WEST,Pune,TS,,2023-09-20,RENOVATION
,Store_16766,,Kochi,MP,India,2021-03-25,RENOVATION
S16767,,EAST,,DL,India,2024-09-04,CLOSED
,Store_16768,NORTH,Chennai,WB,India,2023-05-01,
S16769,Store_16769,WEST,,TN,,2025-03-19,RENOVATION
S16770,Store_16770,NORTH,Kochi,,,2025-07-09,RENOVATION
S16771,Store_16771,NORTH,Kolkata,KA,India,,
S16772,Store_16772,WEST,,TN,,2023-04-09,OPEN
S16773,,,Kochi,RJ,India,2021-12-05,RENOVATION
S16774,Store_16774,CENTRAL,Pune,TN,India,,
,,NORTH,Chennai,KA,India,2021-02-18,RENOVATION
S16776,Store_16776,,Delhi,RJ,,2023-09-04,CLOSED
S16777,,NORTH,Kochi,KA,India,2025-06-04,
,Store_16778,WEST,Indore,,India,2025-10-07,OPEN
S16779,Store_16779,,,RJ,India,2024-06-03,RENOVATION
S16780,Store_16780,,Kolkata,MH,India,2025-05-18,
S16781,,NORTH,Jaipur,,India,2024-11-04,OPEN
S16782,,EAST,Chennai,,India,2023-03-12,RENOVATION
S16783,Store_16783,SOUTH,,TS,India,2025-03-24,
S16784,,NORTH,Hyderabad,RJ,India,,RENOVATION
S16785,,,Chennai,MP,India,2025-05-03,CLOSED
S16786,,SOUTH,Kolkata,KL,India,,OPEN
,Store_16787,EAST,,MH,India,2022-04-30,CLOSED
S16788,Store_16788,WEST,Jaipur,KL,,2024-10-17,
S16789,Store_16789,CENTRAL,Bengaluru,MH,,,CLOSED
S16790,Store_16790,WEST,Pune,MH,,2021-07-18,
S16791,Store_16791,,Pune,KL,,2022-10-04,RENOVATION
S16792,,CENTRAL,,TS,India,2025-02-17,RENOVATION
S16793,Store_16793,,Indore,DL,India,,RENOVATION
S16794,Store_16794,NORTH,,DL,India,2021-10-18,
S16795,Store_16795,,Kolkata,MP,India,,CLOSED
S16796,Store_16796,EAST,,MH,,2023-08-27,OPEN
S16797,,SOUTH,Pune,,India,2023-09-14,CLOSED
S16798,Store_16798,,Mumbai,,India,2025-06-19,CLOSED
S16799,,SOUTH,,KL,India,2024-03-15,RENOVATION
S16800,,NORTH,Chennai,KA,India,2025-11-26,
S16801,Store_16801,SOUTH,Pune,,India,2025-03-20,
,Store_16802,EAST,,TN,India,2021-04-02,OPEN
S16803,Store_16803,,Hyderabad,TN,India,,CLOSED
S16804,Store_16804,WEST,Bengaluru,KL,,2021-07-04,
,,NORTH,Kolkata,TN,India,2023-06-02,RENOVATION
,Store_16806,CENTRAL,Bengaluru,MH,India,,RENOVATION
S16807,,NORTH,Mumbai,DL,,2023-07-05,RENOVATION
S16808,,CENTRAL,Delhi,MP,,2023-11-16,CLOSED
S16809,Store_16809,,Kochi,TN,India,2021-12-22,
S16810,Store_16810,NORTH,Jaipur,KA,,2022-01-21,
S16811,,NORTH,Hyderabad,,India,2021-04-07,RENOVATION
,Store_16812,NORTH,Indore,RJ,India,,OPEN
S16813,Store_16813,EAST,Indore,DL,,2022-06-28,
,Store_16814,WEST,Pune,,India,2025-05-21,RENOVATION
S16815,,WEST,Bengaluru,,India,2025-12-29,OPEN
,Store_16816,WEST,Kolkata,KL,,2025-01-10,RENOVATION
S16817,,SOUTH,,RJ,India,2024-12-03,OPEN
,Store_16818,NORTH,Indore,WB,,2021-03-06,RENOVATION
S16819,Store_16819,CENTRAL,Kolkata,KA,,,CLOSED
S16820,Store_16820,,Kochi,,India,2024-04-26,OPEN
S16821,Store_16821,,Indore,MP,,2022-12-27,CLOSED
S16822,Store_16822,EAST,,,India,2021-08-17,CLOSED
S16823,Store_16823,EAST,Hyderabad,TS,,,RENOVATION
,Store_16824,SOUTH,Bengaluru,,India,2022-11-21,RENOVATION
S16825,Store_16825,,Kolkata,TS,,2021-08-20,RENOVATION
S16826,Store_16826,,Pune,WB,,2024-05-25,OPEN
S16827,Store_16827,SOUTH,Hyderabad,WB,,2023-10-28,
,Store_16828,NORTH,Mumbai,,India,2021-05-13,RENOVATION
S16829,Store_16829,CENTRAL,Bengaluru,TN,,,CLOSED
S16830,,CENTRAL,Pune,KL,India,2021-05-17,
S16831,,NORTH,,DL,India,2025-12-23,OPEN
S16832,,WEST,Bengaluru,,India,2021-07-11,OPEN
,Store_16833,EAST,Chennai,RJ,India,2021-08-22,
S16834,Store_16834,SOUTH,Mumbai,TN,India,,
,Store_16835,SOUTH,,DL,India,2022-11-27,OPEN
S16836,Store_16836,,,KL,India,2022-07-17,RENOVATION
S16837,Store_16837,CENTRAL,,MP,India,2024-07-06,
S16838,Store_16838,SOUTH,Bengaluru,MH,India,,
S16839,Store_16839,EAST,Indore,,India,,CLOSED
S16840,Store_16840,,Hyderabad,MH,,2021-09-18,RENOVATION
S16841,,CENTRAL,Bengaluru,RJ,India,2024-08-08,
S16842,Store_16842,EAST,,,India,2022-08-05,RENOVATION
S16843,Store_16843,,,MP,India,2022-02-22,OPEN
,Store_16844,WEST,Mumbai,DL,India,2024-03-16,
S16845,,WEST,Pune,TS,,2021-08-28,OPEN
S16846,Store_16846,CENTRAL,Kochi,,,2022-06-21,CLOSED
,Store_16847,SOUTH,Jaipur,DL,,2025-10-05,RENOVATION
S16848,Store_16848,SOUTH,Pune,KL,India,,
S16849,Store_16849,,,DL,India,2023-03-04,RENOVATION
S16850,Store_16850,SOUTH,,MP,India,,OPEN
S16851,Store_16851,WEST,,KL,India,2025-07-15,
,Store_16852,SOUTH,Bengaluru,KL,India,,RENOVATION
,Store_16853,,Jaipur,TN,India,2025-12-12,OPEN
S16854,Store_16854,WEST,Kolkata,,,2021-10-13,CLOSED
,Store_16855,,Kochi,KA,India,2021-05-24,OPEN
,,EAST,Kochi,RJ,India,2023-11-09,CLOSED
S16857,Store_16857,WEST,,DL,India,2022-03-01,
,Store_16858,SOUTH,Pune,KA,India,,OPEN
,Store_16859,CENTRAL,Mumbai,KL,India,2021-09-11,
S16860,Store_16860,NORTH,,MP,India,,CLOSED
,Store_16861,SOUTH,Indore,,India,2025-04-29,RENOVATION
,Store_16862,NORTH,Pune,TN,India,2025-07-03,
S16863,Store_16863,,Kochi,KA,India,,RENOVATION
S16864,Store_16864,,Pune,MP,India,2021-12-05,
S16865,Store_16865,SOUTH,Bengaluru,MP,,,RENOVATION
S16866,Store_16866,SOUTH,,TS,India,2022-10-30,
,Store_16867,SOUTH,,TN,India,2022-01-28,OPEN
S16868,Store_16868,,,MH,India,2023-11-11,CLOSED
S16869,,WEST,Mumbai,MP,India,,RENOVATION
S16870,,CENTRAL,Mumbai,KA,India,2022-04-16,
S16871,Store_16871,NORTH,,,India,2023-10-01,CLOSED
S16872,Store_16872,,Mumbai,TS,India,,CLOSED
S16873,,SOUTH,Indore,TS,,2022-06-04,RENOVATION
S16874,,,Kochi,MP,India,2024-10-23,CLOSED
S16875,Store_16875,CENTRAL,,,India,2023-06-18,RENOVATION
,Store_16876,,Pune,TS,India,2025-08-17,RENOVATION
S16877,Store_16877,,Hyderabad,,India,2025-11-16,CLOSED
S16878,,SOUTH,Kochi,,India,2022-06-02,OPEN
S16879,Store_16879,WEST,Bengaluru,DL,,2023-01-19,
,Store_16880,,Mumbai,WB,India,2023-01-15,RENOVATION
S16881,Store_16881,,,KL,India,2022-05-10,RENOVATION
S16882,Store_16882,SOUTH,Delhi,WB,India,,
,Store_16883,WEST,Bengaluru,KL,India,,RENOVATION
,Store_16884,WEST,Delhi,TN,India,,RENOVATION
S16885,Store_16885,SOUTH,,TN,India,2025-02-06,
S16886,Store_16886,,Mumbai,,India,2022-02-15,OPEN
S16887,Store_16887,EAST,Mumbai,KA,India,,
S16888,Store_16888,NORTH,Kochi,DL,,,CLOSED
,Store_16889,,Mumbai,MH,India,2023-01-06,RENOVATION
S16890,,,Chennai,RJ,India,2025-08-20,CLOSED
S16891,,WEST,Pune,,India,2023-04-17,RENOVATION
S16892,Store_16892,WEST,Hyderabad,MH,,,CLOSED
S16893,Store_16893,CENTRAL,Pune,,,2025-08-01,CLOSED
S16894,Store_16894,WEST,Delhi,MP,India,,
S16895,Store_16895,NORTH,Jaipur,,India,2021-03-02,
S16896,Store_16896,,Jaipur,KA,India,,CLOSED
S16897,Store_16897,,Kochi,,India,2021-03-17,OPEN
,Store_16898,WEST,,KA,India,2025-07-04,OPEN
,Store_16899,SOUTH,Kolkata,,India,2024-02-17,OPEN
S16900,Store_16900,NORTH,Hyderabad,,India,2022-02-21,
S16901,Store_16901,,Pune,,India,2025-10-15,CLOSED
,Store_16902,NORTH,Kolkata,MP,,2024-10-01,CLOSED
S16903,Store_16903,,Bengaluru,,India,2024-01-21,OPEN
S16904,,WEST,Indore,DL,India,2022-08-13,
S16905,Store_16905,CENTRAL,,,India,2026-01-31,CLOSED
S16906,Store_16906,WEST,Jaipur,,,2023-05-29,RENOVATION
,Store_16907,CENTRAL,Mumbai,,India,2024-01-29,OPEN
S16908,,SOUTH,Jaipur,KA,India,,CLOSED
,Store_16909,,Hyderabad,KA,India,2022-01-25,OPEN
,Store_16910,,Kochi,TN,India,2021-05-29,OPEN
S16911,Store_16911,SOUTH,Delhi,,India,,RENOVATION
S16912,,CENTRAL,,WB,India,2021-02-10,CLOSED
,Store_16913,WEST,,KL,India,2024-01-15,CLOSED
S16914,,SOUTH,Pune,RJ,,2021-10-06,OPEN
,Store_16915,SOUTH,,KA,India,2025-01-29,CLOSED
S16916,Store_16916,WEST,,KA,India,2023-10-27,
S16917,,SOUTH,Jaipur,KL,India,2022-09-16,
S16918,Store_16918,WEST,Mumbai,MP,,2025-10-13,
,Store_16919,NORTH,Pune,,India,2023-06-01,RENOVATION
,,CENTRAL,Kochi,DL,India,2025-03-27,CLOSED
S16921,,CENTRAL,Hyderabad,,India,2022-08-01,OPEN
,Store_16922,CENTRAL,Chennai,MP,India,,RENOVATION
S16923,,CENTRAL,Indore,KA,India,2023-12-03,
S16924,Store_16924,EAST,Kochi,,India,,OPEN
S16925,Store_16925,SOUTH,,MP,,2022-08-28,OPEN
,Store_16926,,Pune,DL,India,2023-05-24,RENOVATION
S16927,Store_16927,CENTRAL,,KL,,2021-09-29,OPEN
,Store_16928,EAST,Hyderabad,KA,India,,RENOVATION
S16929,,SOUTH,Chennai,TN,,2021-03-18,RENOVATION
,Store_16930,SOUTH,,KA,India,2023-04-01,OPEN
,Store_16931,WEST,Kolkata,TS,,2022-08-29,RENOVATION
S16932,Store_16932,NORTH,Mumbai,TN,,2021-08-21,
S16933,Store_16933,CENTRAL,Chennai,,India,,CLOSED
S16934,,WEST,Pune,TS,,2022-09-21,OPEN
S16935,,SOUTH,Hyderabad,,India,2021-03-24,OPEN
,,EAST,Kochi,RJ,India,2021-09-11,CLOSED
S16937,Store_16937,,Kochi,KL,,2023-02-07,RENOVATION
S16938,Store_16938,,Chennai,TN,India,,RENOVATION
S16939,Store_16939,,Kochi,KA,India,,CLOSED
S16940,Store_16940,EAST,Bengaluru,,India,2024-03-02,
,,SOUTH,Delhi,KL,India,2021-08-20,OPEN
S16942,Store_16942,SOUTH,,,India,2022-05-20,CLOSED
S16943,,NORTH,,TS,India,2024-08-12,OPEN
,Store_16944,WEST,,WB,India,2025-08-21,CLOSED
S16945,Store_16945,WEST,Mumbai,RJ,India,,
S16946,Store_16946,,Kochi,,India,2024-12-23,RENOVATION
S16947,,WEST,Chennai,TS,,2022-02-25,RENOVATION
S16948,Store_16948,EAST,Indore,,,2022-08-12,RENOVATION
S16949,Store_16949,WEST,Mumbai,,,2023-01-20,OPEN
S16950,Store_16950,CENTRAL,Jaipur,TS,,,OPEN
S16951,Store_16951,,Kochi,KA,,2023-02-16,RENOVATION
S16952,Store_16952,,,WB,India,2022-05-25,RENOVATION
S16953,Store_16953,SOUTH,Chennai,TS,,2025-06-23,
S16954,Store_16954,,Kolkata,TN,,2022-12-13,OPEN
S16955,,EAST,Delhi,,India,2024-05-18,OPEN
S16956,Store_16956,NORTH,,TN,India,2021-07-25,
S16957,Store_16957,NORTH,,TN,India,,CLOSED
S16958,Store_16958,CENTRAL,,DL,India,2023-07-11,
S16959,Store_16959,NORTH,,DL,India,2021-10-09,
,Store_16960,SOUTH,,KL,India,2024-01-22,RENOVATION
S16961,Store_16961,CENTRAL,Hyderabad,,,2025-03-07,CLOSED
S16962,,WEST,Mumbai,,India,2025-11-15,OPEN
S16963,Store_16963,SOUTH,Pune,MP,,2025-08-02,
,Store_16964,WEST,,MP,India,2021-02-23,CLOSED
S16965,Store_16965,NORTH,,KL,India,,CLOSED
S16966,,SOUTH,Chennai,RJ,India,2021-10-02,
S16967,,SOUTH,Delhi,RJ,,2022-02-09,RENOVATION
,Store_16968,WEST,,TS,India,2021-12-11,OPEN
S16969,Store_16969,CENTRAL,Delhi,TS,,2024-05-03,
,Store_16970,WEST,Kolkata,DL,India,,OPEN
S16971,,SOUTH,,KL,India,2022-01-16,RENOVATION
S16972,Store_16972,SOUTH,,KL,,2022-09-29,OPEN
,,WEST,Pune,DL,India,2024-03-08,CLOSED
,Store_16974,NORTH,Bengaluru,WB,India,2025-06-20,
S16975,,CENTRAL,Delhi,MP,India,,RENOVATION
S16976,Store_16976,NORTH,,KL,,2024-08-16,RENOVATION
S16977,Store_16977,WEST,,KL,,2024-07-14,CLOSED
S16978,Store_16978,,Hyderabad,MH,,2024-11-14,RENOVATION
S16979,Store_16979,CENTRAL,,TS,India,,CLOSED
S16980,Store_16980,CENTRAL,Chennai,,,2022-08-03,CLOSED
S16981,Store_16981,NORTH,Jaipur,,India,,RENOVATION
S16982,Store_16982,WEST,,,India,2026-01-01,RENOVATION
S16983,Store_16983,EAST,Mumbai,MH,,,CLOSED
S16984,Store_16984,WEST,,,India,2024-10-23,OPEN
,Store_16985,CENTRAL,Kolkata,KL,,2021-02-26,OPEN
S16986,,NORTH,Kolkata,WB,India,,RENOVATION
,Store_16987,SOUTH,Indore,KL,India,,OPEN
S16988,,NORTH,Bengaluru,DL,,2025-12-03,OPEN
S16989,Store_16989,SOUTH,,TN,,2021-08-22,OPEN
,Store_16990,EAST,,RJ,India,2021-08-13,CLOSED
S16991,Store_16991,EAST,Chennai,,,2021-08-19,RENOVATION
S16992,,NORTH,Hyderabad,,India,2021-04-27,CLOSED
S16993,Store_16993,NORTH,Mumbai,DL,India,,
S16994,,EAST,Delhi,DL,India,2025-03-10,
S16995,,CENTRAL,Chennai,DL,,2025-08-03,CLOSED
S16996,Store_16996,WEST,,TN,India,2023-06-27,
,Store_16997,EAST,Delhi,,India,2024-05-08,OPEN
S16998,Store_16998,,Kolkata,DL,India,,RENOVATION
S16999,Store_16999,WEST,Kolkata,TS,,2023-03-13,
S17000,Store_17000,CENTRAL,,WB,,2021-06-18,CLOSED
S17001,,WEST,,KL,India,2025-11-13,CLOSED
S17002,Store_17002,SOUTH,Delhi,,,2025-07-03,RENOVATION
,Store_17003,SOUTH,Kolkata,KA,,2022-01-07,OPEN
S17004,Store_17004,,Mumbai,WB,,2024-06-16,OPEN
S17005,Store_17005,SOUTH,,MP,India,2022-12-16,
,Store_17006,WEST,Indore,KA,India,2022-09-20,
S17007,Store_17007,WEST,Chennai,,,2023-08-10,OPEN
S17008,Store_17008,NORTH,Chennai,,India,2024-12-04,
S17009,Store_17009,WEST,,RJ,,2024-07-21,RENOVATION
S17010,Store_17010,,Kochi,RJ,India,,CLOSED
S17011,Store_17011,EAST,Bengaluru,KA,India,,
S17012,Store_17012,NORTH,Bengaluru,,India,,OPEN
S17013,Store_17013,NORTH,Kochi,DL,,,OPEN
,Store_17014,SOUTH,,KA,India,2024-12-31,CLOSED
,Store_17015,EAST,Jaipur,MP,,2021-03-22,OPEN
,Store_17016,CENTRAL,Mumbai,,India,2024-11-18,RENOVATION
S17017,Store_17017,,Jaipur,TN,India,2021-07-01,
,,CENTRAL,Delhi,TN,India,2025-06-15,RENOVATION
S17019,Store_17019,SOUTH,,DL,India,2024-07-03,
S17020,,WEST,Bengaluru,,India,2022-08-11,RENOVATION
S17021,Store_17021,,Bengaluru,KA,India,2022-03-25,
,,NORTH,Jaipur,DL,India,2022-01-29,CLOSED
S17023,Store_17023,,Kolkata,KA,,2021-12-09,RENOVATION
,Store_17024,CENTRAL,Pune,KL,India,2026-01-24,
S17025,Store_17025,CENTRAL,,MP,India,,CLOSED
,Store_17026,,Pune,KL,India,2024-03-27,CLOSED
,Store_17027,NORTH,Delhi,RJ,India,2023-04-07,
,Store_17028,WEST,Delhi,,India,2021-02-23,RENOVATION
S17029,Store_17029,CENTRAL,,KA,India,2025-05-13,
,,WEST,Kochi,TS,India,2021-02-18,CLOSED
S17031,Store_17031,CENTRAL,Jaipur,,,2024-07-02,OPEN
S17032,,EAST,Chennai,DL,India,2022-06-04,
,,EAST,Hyderabad,MP,India,2025-08-28,CLOSED
S17034,Store_17034,,,DL,India,2023-05-05,OPEN
,Store_17035,WEST,Mumbai,WB,India,,CLOSED
S17036,,,Chennai,KL,India,2025-08-14,RENOVATION
S17037,,SOUTH,Jaipur,,India,2022-06-08,OPEN
S17038,Store_17038,,Mumbai,KA,India,,OPEN
S17039,Store_17039,CENTRAL,Mumbai,RJ,India,,
,Store_17040,WEST,Delhi,TS,,2024-03-01,RENOVATION
S17041,,WEST,Bengaluru,WB,India,2023-07-16,
S17042,Store_17042,,Hyderabad,TN,India,2021-12-31,
S17043,Store_17043,,Delhi,MH,,2023-09-20,CLOSED
,Store_17044,EAST,Jaipur,DL,India,2025-02-27,
S17045,Store_17045,NORTH,,,India,2025-07-12,RENOVATION
S17046,Store_17046,,Delhi,TS,India,2023-10-05,
S17047,,CENTRAL,Kochi,KA,India,,RENOVATION
S17048,Store_17048,,,KL,India,2024-03-15,OPEN
S17049,Store_17049,,Chennai,,India,2024-10-27,RENOVATION
S17050,Store_17050,,Kochi,KA,India,,CLOSED
S17051,,SOUTH,Kolkata,DL,,2022-11-19,OPEN
S17052,Store_17052,WEST,Indore,,India,2024-06-20,
S17053,,EAST,Indore,,India,2023-06-28,RENOVATION
,Store_17054,EAST,Indore,TS,India,,CLOSED
S17055,Store_17055,,Kochi,WB,India,2023-11-11,
S17056,Store_17056,,Pune,TN,,2022-04-16,CLOSED
S17057,Store_17057,EAST,Delhi,DL,,,RENOVATION
S17058,Store_17058,NORTH,Mumbai,,,2021-06-04,RENOVATION
,Store_17059,EAST,Pune,,India,2023-09-01,OPEN
S17060,,,Indore,MP,India,2023-12-11,OPEN
,Store_17061,,Jaipur,MP,India,2025-04-30,OPEN
,,SOUTH,Delhi,KA,India,2022-12-11,RENOVATION
,Store_17063,CENTRAL,Indore,TS,,2021-11-15,CLOSED
S17064,Store_17064,SOUTH,Delhi,TN,India,,
S17065,Store_17065,,Kolkata,KA,,2024-02-03,CLOSED
S17066,Store_17066,NORTH,,,India,2021-12-29,RENOVATION
S17067,Store_17067,,Mumbai,TN,,2023-12-17,OPEN
S17068,Store_17068,,,DL,India,2022-06-24,OPEN
S17069,,WEST,Kochi,KL,India,2024-01-19,
S17070,Store_17070,NORTH,Jaipur,,India,,CLOSED
S17071,,SOUTH,,DL,India,2022-05-19,OPEN
S17072,Store_17072,WEST,,,India,2021-07-18,OPEN
,Store_17073,,Kolkata,RJ,India,2025-01-18,OPEN
S17074,Store_17074,,Hyderabad,KA,,2021-11-09,OPEN
S17075,Store_17075,WEST,Hyderabad,,India,,RENOVATION
S17076,,EAST,Jaipur,TN,India,,CLOSED
,Store_17077,WEST,Bengaluru,,India,2022-11-06,CLOSED
S17078,,EAST,Kolkata,,India,2021-04-07,CLOSED
S17079,Store_17079,EAST,,MP,India,2021-06-13,
S17080,Store_17080,,Mumbai,KL,India,,RENOVATION
S17081,Store_17081,WEST,Hyderabad,,,2022-05-04,RENOVATION
S17082,Store_17082,SOUTH,,WB,India,,OPEN
S17083,,SOUTH,Delhi,,India,2024-12-02,OPEN
S17084,Store_17084,,Delhi,KA,India,2025-09-12,
S17085,Store_17085,EAST,Kolkata,,India,,RENOVATION
S17086,Store_17086,,Delhi,WB,India,2022-01-18,
S17087,,WEST,,WB,India,2024-01-27,CLOSED
S17088,Store_17088,,,WB,India,2022-05-16,CLOSED
S17089,Store_17089,EAST,,RJ,India,,OPEN
S17090,,SOUTH,Pune,,India,2024-05-10,CLOSED
S17091,,NORTH,Indore,,India,2022-01-05,OPEN
S17092,Store_17092,,Kolkata,DL,,2023-08-15,CLOSED
,Store_17093,CENTRAL,Kochi,TN,India,2024-11-13,
S17094,Store_17094,NORTH,,TS,India,,RENOVATION
S17095,,WEST,Mumbai,,India,2023-02-20,OPEN
S17096,Store_17096,,Bengaluru,WB,,2021-06-30,RENOVATION
,Store_17097,CENTRAL,,TS,India,2022-01-08,CLOSED
S17098,,,Delhi,RJ,India,2022-06-27,OPEN
S17099,Store_17099,EAST,Bengaluru,RJ,,2025-11-26,
S17100,Store_17100,,Pune,,India,2025-04-29,OPEN
S17101,Store_17101,WEST,Bengaluru,,India,2025-06-08,
S17102,Store_17102,NORTH,,KA,India,,OPEN
,,NORTH,Delhi,TN,India,2023-01-01,RENOVATION
S17104,Store_17104,NORTH,,KL,,2023-12-14,OPEN
S17105,Store_17105,CENTRAL,Delhi,WB,,,RENOVATION
S17106,Store_17106,CENTRAL,Mumbai,,,2024-03-23,CLOSED
S17107,,CENTRAL,Mumbai,RJ,India,2023-02-20,
S17108,Store_17108,EAST,Bengaluru,,India,2024-12-09,
S17109,,,Indore,MP,India,2024-01-21,RENOVATION
S17110,,NORTH,Delhi,KA,India,2023-08-13,
S17111,,EAST,Pune,TS,,2021-05-13,RENOVATION
S17112,Store_17112,SOUTH,Hyderabad,WB,,2023-07-29,
,Store_17113,CENTRAL,Hyderabad,DL,,2023-12-28,OPEN
,,CENTRAL,Hyderabad,TN,India,2021-03-21,OPEN
,,SOUTH,Delhi,RJ,India,2025-12-29,CLOSED
S17116,Store_17116,NORTH,Jaipur,,,2023-09-25,RENOVATION
S17117,Store_17117,,Mumbai,DL,India,,CLOSED
S17118,Store_17118,CENTRAL,,KA,,2024-05-27,RENOVATION
S17119,,EAST,Kolkata,KL,India,2025-04-12,
,Store_17120,EAST,Bengaluru,,India,2025-10-16,CLOSED
S17121,Store_17121,WEST,,RJ,India,,CLOSED
S17122,Store_17122,,Delhi,,India,2025-12-25,CLOSED
S17123,Store_17123,,Bengaluru,KL,,2025-10-08,RENOVATION
S17124,Store_17124,,Mumbai,MP,,2024-03-02,RENOVATION
S17125,Store_17125,EAST,,MH,,2022-06-11,CLOSED
S17126,Store_17126,SOUTH,Indore,,,2023-07-23,RENOVATION
S17127,Store_17127,,Delhi,TS,India,,OPEN
,Store_17128,CENTRAL,Indore,KL,,2021-06-14,RENOVATION
S17129,Store_17129,,Chennai,TN,,2022-10-14,CLOSED
S17130,Store_17130,,,WB,India,2021-04-26,CLOSED
S17131,Store_17131,WEST,Delhi,,India,2021-08-14,
S17132,Store_17132,SOUTH,,KL,India,2022-01-02,
,Store_17133,WEST,Kolkata,MP,,2022-08-11,OPEN
S17134,Store_17134,,Delhi,,India,2025-08-22,OPEN
,Store_17135,EAST,Bengaluru,,India,2025-10-06,CLOSED
S17136,Store_17136,,Kochi,WB,,2023-12-16,RENOVATION
,Store_17137,NORTH,Pune,RJ,India,,CLOSED
S17138,,EAST,,MH,India,2025-08-05,OPEN
S17139,Store_17139,WEST,Hyderabad,,India,2025-06-30,
S17140,Store_17140,NORTH,,,India,2022-06-11,OPEN
S17141,Store_17141,EAST,Bengaluru,KA,India,,
S17142,Store_17142,,Hyderabad,KL,India,,OPEN
S17143,,NORTH,Chennai,,India,2023-10-22,RENOVATION
S17144,Store_17144,,Mumbai,MP,India,,RENOVATION
S17145,Store_17145,NORTH,Chennai,,India,2025-12-04,
S17146,Store_17146,,Delhi,RJ,India,,CLOSED
S17147,Store_17147,WEST,Pune,,India,2025-06-19,
S17148,Store_17148,,,DL,India,2023-04-18,CLOSED
,Store_17149,EAST,,KA,India,2021-10-29,CLOSED
S17150,,EAST,,KL,India,2024-03-27,CLOSED
S17151,Store_17151,,Chennai,WB,,2023-03-09,OPEN
,Store_17152,EAST,Hyderabad,KA,India,,RENOVATION
S17153,Store_17153,,Pune,KA,,2021-08-03,OPEN
,Store_17154,,Kochi,DL,India,2021-02-08,CLOSED
S17155,Store_17155,,Kochi,KA,,2022-06-14,CLOSED
,,SOUTH,Hyderabad,TN,India,2023-04-17,CLOSED
S17157,Store_17157,,,WB,India,2025-06-10,RENOVATION
S17158,Store_17158,EAST,Delhi,TN,India,,
S17159,Store_17159,NORTH,,TN,,2025-09-06,CLOSED
S17160,Store_17160,WEST,Delhi,,India,,CLOSED
,Store_17161,EAST,Pune,,India,2021-07-13,RENOVATION
,Store_17162,,Kochi,MH,India,2023-12-23,CLOSED
S17163,Store_17163,SOUTH,,TS,India,2023-10-10,
S17164,,NORTH,Pune,TN,,2024-07-02,OPEN
S17165,,EAST,,WB,India,2022-05-09,OPEN
,Store_17166,SOUTH,Pune,MP,,2025-12-04,OPEN
S17167,Store_17167,SOUTH,Mumbai,RJ,,2025-12-15,
,Store_17168,,Kochi,MH,India,2021-11-25,CLOSED
S17169,,,Bengaluru,RJ,India,2024-08-17,CLOSED
S17170,Store_17170,SOUTH,,,India,2023-08-31,RENOVATION
S17171,Store_17171,,,MP,India,2022-12-25,RENOVATION
S17172,Store_17172,CENTRAL,Mumbai,,India,2022-03-05,
S17173,Store_17173,,,DL,India,2023-09-22,OPEN
S17174,,WEST,,TS,India,2024-05-08,OPEN
S17175,Store_17175,,Chennai,KL,India,2023-07-13,
S17176,Store_17176,CENTRAL,Hyderabad,TN,,2021-08-31,
,Store_17177,EAST,,RJ,India,2022-05-26,OPEN
S17178,Store_17178,NORTH,,TS,India,2022-03-07,
,Store_17179,SOUTH,Kochi,KA,,2024-02-20,RENOVATION
S17180,Store_17180,NORTH,Indore,,India,2022-02-21,
S17181,,SOUTH,Hyderabad,DL,India,,OPEN
S17182,Store_17182,,,MP,India,2022-11-10,RENOVATION
S17183,Store_17183,,,RJ,India,2023-04-22,OPEN
S17184,Store_17184,SOUTH,Bengaluru,,India,,OPEN
S17185,,EAST,Indore,MP,,2025-06-02,CLOSED
S17186,Store_17186,,,RJ,India,2021-04-03,OPEN
,Store_17187,,Pune,RJ,India,2022-10-15,CLOSED
S17188,,,Jaipur,RJ,India,2024-02-09,OPEN
S17189,Store_17189,EAST,Delhi,TN,,,OPEN
S17190,Store_17190,SOUTH,Kochi,TS,,,CLOSED
,Store_17191,NORTH,Chennai,RJ,,2025-06-12,RENOVATION
S17192,Store_17192,,Kochi,MH,,2026-01-17,CLOSED
S17193,Store_17193,SOUTH,Mumbai,,India,,RENOVATION
S17194,Store_17194,NORTH,,MP,,2024-07-14,RENOVATION
S17195,Store_17195,,Pune,TN,India,,RENOVATION
S17196,,NORTH,Hyderabad,,India,2025-07-25,RENOVATION
S17197,Store_17197,,Mumbai,DL,,2025-03-13,RENOVATION
S17198,Store_17198,WEST,,RJ,India,2025-04-07,
S17199,Store_17199,,Indore,,India,2025-05-02,CLOSED
S17200,Store_17200,,Kolkata,MH,,2023-01-11,CLOSED
S17201,,NORTH,,WB,India,2023-10-12,CLOSED
S17202,Store_17202,EAST,,,India,2023-06-11,RENOVATION
S17203,,SOUTH,Kolkata,DL,India,2024-09-05,
S17204,,,Bengaluru,TN,India,2025-08-16,OPEN
,Store_17205,EAST,Chennai,MH,India,,OPEN
S17206,Store_17206,SOUTH,Mumbai,,India,2023-08-24,
S17207,,SOUTH,Chennai,RJ,,2026-01-03,RENOVATION
,Store_17208,SOUTH,Chennai,KA,India,2022-06-02,
S17209,,NORTH,,KL,India,2021-03-28,OPEN
S17210,Store_17210,,,WB,India,2024-08-15,CLOSED
S17211,Store_17211,EAST,Kolkata,RJ,India,,
,Store_17212,CENTRAL,,RJ,India,2023-06-01,CLOSED
S17213,Store_17213,,Delhi,MP,India,2025-02-13,
,Store_17214,EAST,,MH,India,2023-04-24,RENOVATION
S17215,Store_17215,CENTRAL,Indore,,,2023-01-16,CLOSED
,Store_17216,WEST,Delhi,,India,2022-06-03,OPEN
S17217,Store_17217,CENTRAL,Jaipur,KA,India,,
S17218,Store_17218,NORTH,Pune,,,2021-04-08,OPEN
S17219,,WEST,Delhi,,India,2022-02-26,OPEN
S17220,Store_17220,,Hyderabad,KL,India,2024-10-15,
S17221,Store_17221,SOUTH,,TN,India,,CLOSED
S17222,,,Indore,KA,India,2021-09-26,CLOSED
S17223,Store_17223,NORTH,,KL,India,,OPEN
S17224,Store_17224,EAST,,TN,India,,CLOSED
S17225,Store_17225,SOUTH,,,India,2023-04-07,RENOVATION
S17226,Store_17226,WEST,Chennai,,,2024-08-05,CLOSED
,Store_17227,CENTRAL,Kochi,KL,India,2025-06-06,
S17228,Store_17228,SOUTH,Hyderabad,KA,,,OPEN
S17229,Store_17229,,,DL,India,2025-10-17,CLOSED
S17230,Store_17230,NORTH,Mumbai,KA,,2024-12-29,
S17231,,WEST,,TN,India,2022-02-09,CLOSED
S17232,Store_17232,EAST,,,India,2025-02-06,OPEN
S17233,,EAST,Bengaluru,MH,,2023-03-02,RENOVATION
S17234,Store_17234,,,MH,India,2024-01-03,CLOSED
S17235,Store_17235,SOUTH,Pune,,India,,CLOSED
S17236,,WEST,Chennai,WB,India,2022-03-05,
S17237,Store_17237,NORTH,,KL,India,2024-11-03,
S17238,Store_17238,,Delhi,RJ,India,2023-02-09,
S17239,Store_17239,,Kochi,MP,India,2024-10-08,
S17240,,CENTRAL,Indore,,India,2024-01-24,CLOSED
S17241,,EAST,Delhi,TN,India,2022-10-17,
S17242,Store_17242,EAST,Jaipur,,India,2022-01-25,
S17243,,,Jaipur,MP,India,2023-03-26,RENOVATION
S17244,Store_17244,SOUTH,Kochi,TN,,2024-06-16,
S17245,Store_17245,SOUTH,,KA,India,,OPEN
S17246,Store_17246,,Jaipur,KL,India,,CLOSED
S17247,,EAST,Chennai,,India,2024-09-10,CLOSED
S17248,Store_17248,SOUTH,,,India,2025-06-08,OPEN
S17249,,SOUTH,Pune,KA,India,2023-07-04,
S17250,Store_17250,,Kochi,,India,2024-05-06,OPEN
,Store_17251,,Hyderabad,KA,India,2023-05-04,CLOSED
S17252,,SOUTH,Pune,,India,2025-03-16,CLOSED
S17253,Store_17253,WEST,Pune,,India,2021-10-14,
S17254,Store_17254,SOUTH,Delhi,TN,India,,
S17255,Store_17255,SOUTH,Kolkata,,India,2024-09-16,
,Store_17256,EAST,Kolkata,TN,India,2022-12-26,
S17257,Store_17257,CENTRAL,Indore,,India,,OPEN
S17258,Store_17258,,,KA,India,2022-04-01,OPEN
S17259,,CENTRAL,Hyderabad,DL,,2023-10-10,OPEN
,,SOUTH,Bengaluru,RJ,India,2021-11-23,OPEN
S17261,,NORTH,Mumbai,KA,India,,CLOSED
S17262,Store_17262,NORTH,Kochi,,India,2024-08-20,
S17263,Store_17263,CENTRAL,Kolkata,KL,,,CLOSED
S17264,,SOUTH,Kolkata,TS,India,,CLOSED
S17265,,EAST,,MP,India,2024-10-21,RENOVATION
,Store_17266,SOUTH,Chennai,KL,India,2022-01-25,
,Store_17267,NORTH,Hyderabad,DL,,2025-12-15,CLOSED
,Store_17268,NORTH,,RJ,India,2022-11-20,RENOVATION
S17269,Store_17269,,Bengaluru,,India,2023-12-13,CLOSED
S17270,Store_17270,,,KL,India,2021-05-19,OPEN
S17271,Store_17271,,,KA,India,2022-07-29,OPEN
S17272,Store_17272,WEST,Indore,DL,,2025-03-18,
,,WEST,Bengaluru,DL,India,2024-05-12,OPEN
,Store_17274,WEST,Delhi,DL,India,,OPEN
,Store_17275,,Delhi,KL,India,2024-05-08,CLOSED
,Store_17276,EAST,Kochi,,India,2023-06-29,OPEN
S17277,,WEST,Indore,KA,India,,OPEN
,Store_17278,NORTH,Bengaluru,,India,2022-10-04,OPEN
S17279,,SOUTH,Chennai,,India,2022-12-03,CLOSED
S17280,Store_17280,EAST,,MH,India,,CLOSED
S17281,,,Hyderabad,RJ,India,2021-12-18,OPEN
S17282,Store_17282,EAST,Indore,,India,,OPEN
,Store_17283,NORTH,,KA,India,2023-06-06,RENOVATION
S17284,Store_17284,CENTRAL,Chennai,WB,,2024-03-02,
,Store_17285,NORTH,Delhi,,India,2024-04-03,RENOVATION
S17286,Store_17286,NORTH,,KA,India,,OPEN
,Store_17287,CENTRAL,Chennai,DL,,2024-04-15,OPEN
,Store_17288,,Chennai,KA,India,2024-02-10,CLOSED
S17289,,WEST,Kochi,MP,India,,RENOVATION
,Store_17290,CENTRAL,,DL,India,2025-08-16,RENOVATION
,,CENTRAL,Chennai,TS,India,2025-10-14,CLOSED
S17292,,EAST,Bengaluru,TN,,2021-06-19,RENOVATION
S17293,,NORTH,Kolkata,KA,India,2022-06-02,
,,NORTH,Pune,KL,India,2024-05-01,RENOVATION
S17295,,SOUTH,Jaipur,,India,2022-05-25,RENOVATION
S17296,,WEST,Bengaluru,TN,,2022-01-20,CLOSED
S17297,Store_17297,,,RJ,India,2024-07-27,OPEN
,Store_17298,NORTH,Pune,TS,,2025-07-04,CLOSED
S17299,Store_17299,NORTH,,KA,,2023-04-28,OPEN
S17300,Store_17300,CENTRAL,,,India,2024-06-06,CLOSED
S17301,Store_17301,,Indore,DL,India,2021-07-26,
,Store_17302,EAST,Jaipur,TN,,2022-04-20,CLOSED
S17303,Store_17303,SOUTH,Delhi,RJ,India,,
S17304,,EAST,Mumbai,DL,India,2022-05-04,
,Store_17305,,Pune,WB,India,2023-03-03,RENOVATION
S17306,Store_17306,,Jaipur,TN,,2023-07-16,CLOSED
S17307,Store_17307,,Kolkata,DL,India,,CLOSED
,Store_17308,NORTH,Kolkata,DL,India,2021-09-16,
S17309,Store_17309,SOUTH,,TS,India,,RENOVATION
S17310,Store_17310,CENTRAL,,,India,2022-06-10,CLOSED
S17311,,CENTRAL,Hyderabad,MP,India,2025-01-08,
S17312,,CENTRAL,Pune,,India,2024-06-07,CLOSED
S17313,Store_17313,,Jaipur,,India,2023-06-24,OPEN
,Store_17314,CENTRAL,Jaipur,,India,2024-10-19,CLOSED
S17315,Store_17315,NORTH,,DL,,2023-04-30,OPEN
S17316,Store_17316,EAST,Hyderabad,KL,,,OPEN
,Store_17317,WEST,,DL,India,2021-12-24,RENOVATION
S17318,,EAST,Mumbai,KA,,2022-10-23,OPEN
,Store_17319,,Hyderabad,KA,India,2023-02-23,RENOVATION
S17320,Store_17320,CENTRAL,Mumbai,,India,,OPEN
S17321,Store_17321,,Delhi,,India,2024-05-23,RENOVATION
S17322,Store_17322,CENTRAL,,TN,,2022-10-28,CLOSED
S17323,Store_17323,EAST,,,India,2025-10-02,OPEN
,Store_17324,NORTH,,KL,India,2023-11-27,OPEN
S17325,,SOUTH,Chennai,KL,India,2024-10-05,
,Store_17326,SOUTH,Pune,KL,India,,RENOVATION
S17327,,CENTRAL,,TN,India,2022-05-23,OPEN
S17328,Store_17328,WEST,Pune,,,2021-09-19,CLOSED
S17329,,WEST,Jaipur,MP,India,2021-07-27,
,Store_17330,EAST,,MP,India,2021-08-14,OPEN
S17331,Store_17331,CENTRAL,,,India,2023-09-22,CLOSED
S17332,Store_17332,,,WB,India,2022-06-17,OPEN
S17333,Store_17333,,Kolkata,KL,India,,RENOVATION
S17334,Store_17334,CENTRAL,,TN,India,,OPEN
,,NORTH,Hyderabad,KA,India,2025-12-21,OPEN
,Store_17336,WEST,Hyderabad,WB,,2023-10-04,CLOSED
S17337,Store_17337,,Kolkata,MP,India,,OPEN
,Store_17338,EAST,Jaipur,,India,2021-05-25,RENOVATION
S17339,Store_17339,EAST,Indore,KL,,,OPEN
S17340,Store_17340,CENTRAL,Mumbai,RJ,,2022-09-25,
,Store_17341,SOUTH,Hyderabad,TN,,2024-11-20,RENOVATION
S17342,Store_17342,SOUTH,,KL,India,,OPEN
S17343,Store_17343,NORTH,,DL,India,2025-01-31,
S17344,Store_17344,,Bengaluru,MP,,2021-02-03,CLOSED
,Store_17345,WEST,Hyderabad,,India,2022-09-14,OPEN
,,EAST,Jaipur,RJ,India,2023-02-13,OPEN
S17347,Store_17347,WEST,Delhi,TN,India,,
S17348,,,Kolkata,WB,India,2022-03-02,CLOSED
S17349,Store_17349,,,TN,India,2022-12-06,OPEN
,Store_17350,WEST,Pune,KL,India,2025-01-16,
S17351,Store_17351,CENTRAL,,RJ,,2025-02-02,CLOSED
S17352,Store_17352,,,KL,India,2023-05-08,OPEN
S17353,Store_17353,NORTH,Indore,,India,2025-11-26,
,Store_17354,EAST,Indore,,India,2025-08-11,CLOSED
S17355,Store_17355,NORTH,Kochi,,India,2021-10-04,
S17356,,WEST,Kolkata,MP,India,2025-02-17,
S17357,Store_17357,WEST,Hyderabad,TN,India,,
,Store_17358,NORTH,Jaipur,RJ,India,2023-10-25,
S17359,Store_17359,,,KA,India,2023-08-26,CLOSED
S17360,Store_17360,,,KA,India,2021-02-09,CLOSED
S17361,Store_17361,NORTH,Kolkata,,India,2022-08-13,
,,EAST,Jaipur,RJ,India,2025-10-22,RENOVATION
,Store_17363,SOUTH,Kochi,MH,,2021-04-09,OPEN
S17364,Store_17364,SOUTH,Kolkata,,,2024-09-21,RENOVATION
,Store_17365,SOUTH,,RJ,India,2025-11-30,OPEN
,Store_17366,SOUTH,Mumbai,KA,India,2025-02-28,
S17367,Store_17367,EAST,Indore,,India,,CLOSED
S17368,Store_17368,,Pune,MP,India,,CLOSED
S17369,Store_17369,NORTH,Chennai,,India,,OPEN
S17370,Store_17370,NORTH,,MP,India,2025-02-14,
S17371,Store_17371,NORTH,Delhi,TS,,,OPEN
S17372,Store_17372,EAST,,KL,,2026-01-29,CLOSED
,Store_17373,SOUTH,Mumbai,TN,,2025-11-24,RENOVATION
S17374,Store_17374,WEST,Jaipur,,India,2021-02-27,
S17375,,WEST,Pune,RJ,,2025-06-03,OPEN
S17376,,CENTRAL,Kolkata,WB,India,2024-03-04,
S17377,,WEST,Kochi,WB,,2024-07-21,CLOSED
S17378,Store_17378,NORTH,,TN,India,,CLOSED
S17379,Store_17379,SOUTH,Delhi,WB,India,,
S17380,Store_17380,,,MP,India,2026-01-16,CLOSED
S17381,Store_17381,SOUTH,,,India,2023-06-03,OPEN
S17382,Store_17382,,,DL,India,2021-02-04,RENOVATION
S17383,Store_17383,,Chennai,WB,,2021-09-19,OPEN
S17384,Store_17384,EAST,Indore,TN,India,,
S17385,,EAST,Indore,TS,,2024-07-08,CLOSED
,Store_17386,SOUTH,Chennai,KA,India,,OPEN
,Store_17387,NORTH,Pune,,India,2023-07-03,RENOVATION
S17388,,CENTRAL,,TN,India,2025-09-16,RENOVATION
S17389,Store_17389,CENTRAL,Pune,,India,2025-01-18,
,Store_17390,SOUTH,Pune,WB,,2023-03-08,RENOVATION
,Store_17391,CENTRAL,Bengaluru,TS,,2022-11-03,OPEN
S17392,,WEST,,WB,India,2022-09-23,CLOSED
,Store_17393,WEST,Chennai,,India,2025-02-11,CLOSED
S17394,Store_17394,SOUTH,,MP,India,,OPEN
S17395,Store_17395,EAST,Indore,,India,2024-06-20,
,Store_17396,NORTH,,MH,India,2025-06-13,OPEN
,,EAST,Hyderabad,TN,India,2022-12-13,CLOSED
,Store_17398,CENTRAL,Pune,KA,,2025-07-21,OPEN
,,WEST,Indore,TN,India,2021-07-28,OPEN
S17400,Store_17400,CENTRAL,Bengaluru,,India,,RENOVATION
,Store_17401,SOUTH,Pune,TN,India,2023-11-30,
S17402,,WEST,Jaipur,KA,India,,OPEN
S17403,Store_17403,,Chennai,RJ,India,2025-01-13,
S17404,Store_17404,SOUTH,Bengaluru,,India,,CLOSED
S17405,,CENTRAL,Bengaluru,MP,,2021-03-05,RENOVATION
S17406,Store_17406,CENTRAL,,,India,2025-11-23,CLOSED
,,NORTH,Kochi,TS,India,2023-10-16,OPEN
S17408,Store_17408,WEST,Delhi,,India,2021-09-30,
S17409,,WEST,Bengaluru,,India,2024-11-17,RENOVATION
S17410,Store_17410,EAST,Bengaluru,,,2023-05-04,CLOSED
S17411,Store_17411,,Pune,WB,India,,OPEN
S17412,Store_17412,WEST,,KA,India,,RENOVATION
,Store_17413,CENTRAL,Kochi,KL,,2024-04-27,RENOVATION
S17414,Store_17414,CENTRAL,,DL,India,,RENOVATION
S17415,,CENTRAL,Chennai,,India,2025-05-21,OPEN
S17416,,NORTH,Delhi,DL,,2021-08-26,OPEN
S17417,Store_17417,,Bengaluru,,India,2021-06-01,CLOSED
S17418,Store_17418,,Pune,DL,,2021-03-17,CLOSED
,Store_17419,,Delhi,KA,India,2025-06-03,CLOSED
S17420,Store_17420,,Hyderabad,,India,2024-10-13,RENOVATION
S17421,Store_17421,EAST,,DL,India,,CLOSED
S17422,Store_17422,NORTH,Kolkata,,India,,OPEN
S17423,Store_17423,SOUTH,Bengaluru,,,2024-08-06,RENOVATION
S17424,Store_17424,,Mumbai,MP,India,2022-01-25,
,,CENTRAL,Bengaluru,KL,India,2023-05-06,RENOVATION
S17426,Store_17426,WEST,,DL,India,,RENOVATION
,Store_17427,NORTH,Kochi,KA,,2022-07-27,RENOVATION
S17428,Store_17428,,Hyderabad,TN,India,,RENOVATION
S17429,,CENTRAL,Delhi,KL,India,2024-09-17,
S17430,Store_17430,NORTH,Indore,,,2022-08-08,RENOVATION
S17431,Store_17431,,Kolkata,TN,,2022-07-05,RENOVATION
,Store_17432,,Pune,TS,India,2023-08-03,CLOSED
S17433,Store_17433,EAST,,RJ,India,,RENOVATION
,Store_17434,EAST,Hyderabad,KL,India,,CLOSED
,Store_17435,SOUTH,Delhi,MP,India,,CLOSED
S17436,Store_17436,NORTH,Pune,,India,,OPEN
S17437,Store_17437,,Hyderabad,KA,India,,CLOSED
S17438,Store_17438,WEST,Bengaluru,,,2025-08-06,CLOSED
S17439,Store_17439,SOUTH,Chennai,DL,,2022-03-30,
S17440,Store_17440,SOUTH,Chennai,MP,India,,
,Store_17441,SOUTH,Bengaluru,,India,2024-04-17,CLOSED
,Store_17442,EAST,,MH,India,2024-07-18,OPEN
,Store_17443,SOUTH,,KL,India,2024-04-24,RENOVATION
S17444,Store_17444,NORTH,Chennai,TS,India,,
S17445,Store_17445,,Pune,MP,India,2026-01-24,
S17446,Store_17446,,Delhi,TN,,2024-09-09,RENOVATION
,,NORTH,Chennai,MP,India,2021-09-17,RENOVATION
S17448,Store_17448,,Chennai,,India,2023-02-20,CLOSED
S17449,Store_17449,NORTH,Hyderabad,DL,,,RENOVATION
S17450,Store_17450,,Kochi,MH,India,2025-10-26,
S17451,,,Pune,WB,India,2022-06-18,CLOSED
,,CENTRAL,Mumbai,WB,India,2025-07-24,CLOSED
S17453,,EAST,Chennai,KA,India,,RENOVATION
S17454,,NORTH,Jaipur,MH,,2021-06-07,OPEN
S17455,,NORTH,Pune,TN,India,,OPEN
S17456,Store_17456,WEST,,TN,India,2022-07-12,
S17457,Store_17457,CENTRAL,,TS,India,2025-03-23,
,Store_17458,NORTH,Hyderabad,,India,2022-10-23,OPEN
S17459,,CENTRAL,Indore,MP,India,,OPEN
S17460,Store_17460,WEST,Bengaluru,,,2024-07-11,CLOSED
S17461,Store_17461,WEST,,TN,India,2022-02-22,
S17462,Store_17462,WEST,,KL,India,,RENOVATION
,Store_17463,,Hyderabad,KL,India,2024-12-07,RENOVATION
S17464,Store_17464,WEST,,MP,India,,RENOVATION
S17465,,,Delhi,RJ,India,2022-05-23,CLOSED
S17466,,NORTH,Pune,KA,India,2023-09-28,
S17467,Store_17467,CENTRAL,Mumbai,DL,India,,
S17468,,NORTH,Kochi,KL,,2023-03-12,CLOSED
S17469,Store_17469,CENTRAL,Mumbai,,India,2021-03-06,
S17470,Store_17470,,,MH,India,2023-05-08,RENOVATION
S17471,Store_17471,,Delhi,,India,2023-09-07,CLOSED
S17472,Store_17472,,Kolkata,RJ,India,2025-05-04,
,,SOUTH,Chennai,RJ,India,2024-02-26,OPEN
S17474,Store_17474,SOUTH,Delhi,RJ,India,,
S17475,Store_17475,SOUTH,,,India,2022-08-10,RENOVATION
S17476,,SOUTH,Delhi,,India,2021-03-04,OPEN
S17477,,SOUTH,Chennai,,India,2025-05-26,CLOSED
S17478,Store_17478,,Kolkata,TN,India,,OPEN
S17479,Store_17479,SOUTH,,KL,India,,RENOVATION
,Store_17480,WEST,Indore,,India,2024-05-29,OPEN
S17481,Store_17481,EAST,Hyderabad,KA,India,,
S17482,,CENTRAL,Indore,TN,India,2021-09-15,
,Store_17483,WEST,,MH,India,2025-02-28,CLOSED
S17484,Store_17484,SOUTH,,DL,India,2022-10-06,
S17485,Store_17485,WEST,Kochi,MP,India,,
S17486,,,Mumbai,RJ,India,2024-01-05,RENOVATION
S17487,Store_17487,,Indore,TS,,2025-12-10,RENOVATION
S17488,Store_17488,WEST,Kolkata,KL,,2021-07-25,
,,EAST,Delhi,KA,India,2023-01-16,OPEN
,Store_17490,EAST,Kochi,WB,India,,CLOSED
,Store_17491,CENTRAL,Hyderabad,,India,2021-05-28,RENOVATION
S17492,Store_17492,EAST,,,India,2024-12-14,OPEN
S17493,Store_17493,SOUTH,Kochi,KA,India,,
S17494,Store_17494,EAST,Kolkata,RJ,,2022-01-14,
S17495,Store_17495,,,WB,India,2023-06-09,RENOVATION
S17496,Store_17496,,Kolkata,,India,2021-07-30,RENOVATION
S17497,,EAST,,WB,India,2025-03-01,RENOVATION
,Store_17498,NORTH,Pune,WB,India,2023-07-08,
S17499,Store_17499,WEST,,DL,,2022-08-16,RENOVATION
S17500,Store_17500,,,KL,India,2022-08-18,OPEN
S17501,Store_17501,WEST,,KA,,2023-10-24,OPEN
S17502,Store_17502,,Jaipur,KA,,2023-03-10,RENOVATION
S17503,Store_17503,,Chennai,TS,India,2025-03-07,
,,NORTH,Delhi,MH,India,2022-09-28,CLOSED
S17505,,SOUTH,Indore,TS,India,,CLOSED
,Store_17506,EAST,Indore,WB,,2022-11-05,CLOSED
S17507,Store_17507,,,TN,India,2022-01-05,OPEN
S17508,,CENTRAL,Jaipur,,India,2021-10-04,OPEN
S17509,,CENTRAL,Kochi,KL,India,2025-11-06,
S17510,Store_17510,NORTH,Kolkata,WB,,,RENOVATION
S17511,Store_17511,EAST,Kochi,,India,2024-09-23,
,Store_17512,CENTRAL,Pune,,India,2025-02-12,RENOVATION
S17513,Store_17513,EAST,,,India,2025-08-18,CLOSED
S17514,,WEST,Pune,KL,India,,RENOVATION
,Store_17515,NORTH,Jaipur,,India,2025-12-01,RENOVATION
,Store_17516,NORTH,Hyderabad,,India,2022-11-07,OPEN
S17517,Store_17517,EAST,Delhi,RJ,,,CLOSED
S17518,Store_17518,WEST,,MH,India,,RENOVATION
S17519,,EAST,Mumbai,TN,India,,RENOVATION
S17520,,CENTRAL,Jaipur,,India,2025-08-20,OPEN
S17521,Store_17521,EAST,Indore,,India,2025-01-12,
S17522,Store_17522,EAST,,TS,,2023-04-11,RENOVATION
S17523,Store_17523,CENTRAL,Chennai,,India,2021-08-02,
S17524,Store_17524,NORTH,,MP,,2022-06-28,OPEN
,Store_17525,SOUTH,Mumbai,,India,2024-10-24,OPEN
S17526,Store_17526,SOUTH,,DL,,2023-05-06,OPEN
,,WEST,Kolkata,KL,India,2025-05-01,CLOSED
S17528,Store_17528,,Mumbai,,India,2024-07-07,RENOVATION
,Store_17529,CENTRAL,,DL,India,2022-02-24,OPEN
S17530,Store_17530,,Bengaluru,,India,2023-08-26,CLOSED
,Store_17531,SOUTH,Kochi,KL,,2024-05-12,RENOVATION
,Store_17532,CENTRAL,Jaipur,,India,2024-07-18,RENOVATION
S17533,,CENTRAL,,WB,India,2021-12-15,OPEN
,Store_17534,SOUTH,Jaipur,TN,India,2022-06-24,
S17535,Store_17535,EAST,Indore,,India,2025-05-02,
,Store_17536,WEST,Pune,,India,2021-04-11,CLOSED
S17537,,CENTRAL,Pune,TN,India,,OPEN
,Store_17538,EAST,,KA,India,2023-12-22,OPEN
,Store_17539,EAST,,DL,India,2023-03-08,OPEN
,Store_17540,CENTRAL,Kochi,TN,India,,OPEN
S17541,Store_17541,SOUTH,,,India,2022-12-09,CLOSED
S17542,Store_17542,,Kolkata,TS,,2021-12-28,OPEN
S17543,Store_17543,SOUTH,Bengaluru,,India,,OPEN
,,EAST,Pune,KL,India,2024-02-01,CLOSED
S17545,Store_17545,SOUTH,,,India,2024-05-18,OPEN
,Store_17546,CENTRAL,Mumbai,MP,India,,CLOSED
S17547,Store_17547,SOUTH,,TS,,2026-01-06,RENOVATION
S17548,,EAST,Chennai,,India,2024-11-03,CLOSED
S17549,Store_17549,CENTRAL,Delhi,TN,,2026-01-07,
S17550,Store_17550,NORTH,Mumbai,,India,2024-03-18,
S17551,,,Chennai,KA,India,2024-04-11,OPEN
S17552,Store_17552,CENTRAL,,WB,India,2025-07-22,
S17553,Store_17553,,Chennai,TS,,2021-09-13,OPEN
S17554,Store_17554,NORTH,Pune,MH,,,CLOSED
S17555,Store_17555,,,MH,India,2022-04-15,OPEN
,Store_17556,,Pune,DL,India,2022-08-26,CLOSED
,Store_17557,NORTH,Hyderabad,TN,India,,RENOVATION
S17558,,SOUTH,,TN,India,2026-01-28,OPEN
S17559,Store_17559,WEST,,KL,India,2022-05-05,
S17560,Store_17560,NORTH,Jaipur,,India,,OPEN
,Store_17561,NORTH,Indore,,India,2022-11-03,OPEN
S17562,Store_17562,WEST,,MH,,2024-02-06,RENOVATION
S17563,Store_17563,,,RJ,India,2024-10-03,OPEN
S17564,,EAST,Jaipur,TS,India,,OPEN
S17565,Store_17565,WEST,,MP,,2023-11-06,OPEN
,Store_17566,,Delhi,RJ,India,2021-05-28,RENOVATION
S17567,Store_17567,SOUTH,Hyderabad,,India,,CLOSED
S17568,Store_17568,,Hyderabad,,India,2021-08-14,RENOVATION
,Store_17569,SOUTH,Chennai,,India,2024-01-11,CLOSED
S17570,,,Chennai,WB,India,2021-07-29,OPEN
S17571,Store_17571,WEST,Kolkata,RJ,India,,
S17572,Store_17572,,Indore,KA,,2023-01-04,RENOVATION
S17573,Store_17573,WEST,,,India,2022-08-01,RENOVATION
S17574,Store_17574,EAST,,KA,India,2023-02-12,
S17575,Store_17575,,Chennai,DL,,2024-12-12,OPEN
S17576,,NORTH,Jaipur,WB,India,2024-11-15,
,Store_17577,WEST,Chennai,,India,2022-04-28,CLOSED
,Store_17578,,Pune,TN,India,2021-11-16,RENOVATION
S17579,,SOUTH,Kochi,RJ,,2021-02-15,OPEN
S17580,Store_17580,CENTRAL,,TS,,2022-02-08,RENOVATION
S17581,Store_17581,,Hyderabad,,India,2022-11-01,CLOSED
,Store_17582,EAST,Kochi,DL,,2021-11-05,OPEN
S17583,Store_17583,,Bengaluru,,India,2025-09-21,OPEN
S17584,,WEST,Kochi,TS,,2021-04-28,RENOVATION
S17585,Store_17585,,Kochi,WB,,2023-10-26,CLOSED
,Store_17586,,Kolkata,WB,India,2025-12-06,RENOVATION
S17587,,EAST,,TN,India,2024-11-13,RENOVATION
S17588,Store_17588,,Mumbai,,India,2023-06-30,OPEN
S17589,Store_17589,NORTH,Pune,DL,,,CLOSED
S17590,Store_17590,,Indore,TN,India,2023-04-25,
S17591,,NORTH,Kolkata,WB,India,,OPEN
S17592,Store_17592,CENTRAL,,TN,India,,OPEN
S17593,Store_17593,EAST,,MP,India,,OPEN
S17594,Store_17594,SOUTH,,MP,,2024-07-06,OPEN
S17595,,,Pune,KA,India,2025-05-06,RENOVATION
,Store_17596,WEST,Hyderabad,WB,,2021-06-19,OPEN
,Store_17597,NORTH,Hyderabad,MH,India,2023-01-14,
S17598,Store_17598,CENTRAL,,TN,India,,RENOVATION
S17599,,CENTRAL,Hyderabad,DL,India,2025-01-08,
,Store_17600,SOUTH,,TN,India,2021-10-04,RENOVATION
S17601,,CENTRAL,Hyderabad,,India,2025-07-15,OPEN
,,EAST,Bengaluru,TS,India,2021-06-15,OPEN
,Store_17603,NORTH,Hyderabad,,India,2023-01-30,RENOVATION
,Store_17604,NORTH,Pune,MP,,2021-02-07,CLOSED
S17605,Store_17605,,Kolkata,MP,India,2024-06-17,
S17606,Store_17606,SOUTH,Pune,MH,,,OPEN
S17607,Store_17607,EAST,,,India,2021-12-19,OPEN
S17608,Store_17608,,Mumbai,WB,,2022-12-12,RENOVATION
S17609,Store_17609,,Pune,DL,,2024-02-02,RENOVATION
S17610,Store_17610,CENTRAL,,KA,India,,CLOSED
S17611,,WEST,Bengaluru,,India,2025-02-24,OPEN
S17612,Store_17612,CENTRAL,Chennai,,India,,RENOVATION
S17613,Store_17613,EAST,Hyderabad,,India,2022-06-02,
S17614,Store_17614,,Hyderabad,DL,India,2022-02-03,
,Store_17615,WEST,Pune,RJ,,2026-01-31,RENOVATION
S17616,Store_17616,SOUTH,,KL,,2021-12-12,RENOVATION
S17617,Store_17617,,Kolkata,RJ,India,,CLOSED
,Store_17618,EAST,Jaipur,MH,India,,CLOSED
,Store_17619,WEST,Pune,MH,India,,RENOVATION
S17620,Store_17620,EAST,,KA,India,,CLOSED
S17621,,CENTRAL,Mumbai,,India,2025-04-10,RENOVATION
S17622,Store_17622,,Bengaluru,,India,2022-11-28,RENOVATION
S17623,Store_17623,,Delhi,MH,India,2024-03-23,
S17624,Store_17624,,,RJ,India,2023-01-10,RENOVATION
,Store_17625,NORTH,Indore,WB,India,2021-10-26,
S17626,,WEST,Jaipur,,India,2023-10-15,OPEN
S17627,Store_17627,EAST,,WB,India,2023-06-25,
S17628,,EAST,Bengaluru,TS,India,,CLOSED
S17629,Store_17629,NORTH,,,India,2021-05-05,RENOVATION
,,NORTH,Pune,KL,India,2023-08-26,CLOSED
S17631,Store_17631,EAST,Chennai,TS,,,OPEN
S17632,,CENTRAL,Mumbai,TN,,2022-09-23,RENOVATION
S17633,Store_17633,SOUTH,Pune,,India,2024-04-30,
S17634,,CENTRAL,Chennai,,India,2021-11-09,OPEN
S17635,Store_17635,SOUTH,,KL,India,2021-02-18,
S17636,,NORTH,Chennai,WB,India,2025-04-27,
S17637,,CENTRAL,Chennai,,India,2024-09-16,CLOSED
S17638,Store_17638,NORTH,,TS,,2023-01-22,CLOSED
S17639,Store_17639,,Mumbai,TN,India,,CLOSED
S17640,,CENTRAL,,DL,India,2023-05-27,RENOVATION
S17641,,WEST,Jaipur,KL,,2024-02-27,CLOSED
S17642,Store_17642,,Kolkata,TN,India,2021-12-26,
,,EAST,Bengaluru,MP,India,2025-11-09,OPEN
S17644,Store_17644,,Bengaluru,KA,,2023-02-11,RENOVATION
S17645,Store_17645,EAST,Hyderabad,,India,2023-03-27,
S17646,Store_17646,NORTH,Kolkata,,India,,CLOSED
S17647,Store_17647,WEST,Kochi,,,2021-12-17,RENOVATION
,Store_17648,EAST,Chennai,,India,2025-05-14,OPEN
S17649,Store_17649,,Kolkata,RJ,India,2024-02-17,
S17650,Store_17650,,Jaipur,TS,India,,CLOSED
S17651,Store_17651,CENTRAL,Kochi,KL,,2022-01-03,
,Store_17652,SOUTH,,MP,India,2023-01-09,RENOVATION
S17653,,NORTH,Indore,DL,India,,CLOSED
S17654,Store_17654,,Chennai,WB,India,2023-01-06,
,Store_17655,SOUTH,Kochi,DL,India,,CLOSED
S17656,Store_17656,CENTRAL,,WB,,2022-03-12,OPEN
S17657,Store_17657,NORTH,Indore,,,2022-04-29,RENOVATION
,Store_17658,,Chennai,TS,India,2025-10-18,RENOVATION
S17659,Store_17659,,,MP,India,2025-02-04,OPEN
S17660,Store_17660,,,KL,India,2023-05-06,RENOVATION
S17661,Store_17661,,Hyderabad,,India,2024-05-13,RENOVATION
S17662,Store_17662,WEST,,RJ,India,2021-04-18,
S17663,Store_17663,CENTRAL,,RJ,India,,RENOVATION
S17664,,,Kolkata,RJ,India,2024-06-27,OPEN
S17665,Store_17665,,,WB,India,2024-02-26,CLOSED
,,SOUTH,Delhi,DL,India,2022-12-02,CLOSED
S17667,,SOUTH,Pune,DL,,2023-11-07,CLOSED
,Store_17668,CENTRAL,Kochi,DL,,2023-03-24,RENOVATION
S17669,Store_17669,NORTH,,,India,2024-05-07,CLOSED
S17670,Store_17670,,Jaipur,KA,India,2025-01-23,
S17671,,CENTRAL,Hyderabad,WB,India,2022-10-11,
,Store_17672,CENTRAL,Bengaluru,DL,,2024-02-15,RENOVATION
,Store_17673,,Chennai,RJ,India,2022-01-28,RENOVATION
S17674,Store_17674,WEST,Pune,,India,,RENOVATION
S17675,,SOUTH,,MH,India,2021-12-07,CLOSED
,Store_17676,EAST,Bengaluru,TN,,2025-05-25,CLOSED
,Store_17677,EAST,Jaipur,TS,India,,OPEN
,,EAST,Jaipur,TN,India,2025-04-19,RENOVATION
,Store_17679,EAST,Chennai,RJ,,2023-05-05,RENOVATION
S17680,Store_17680,SOUTH,,,India,2023-09-02,RENOVATION
S17681,Store_17681,,Bengaluru,TN,India,,OPEN
S17682,Store_17682,EAST,Bengaluru,,India,,RENOVATION
S17683,Store_17683,SOUTH,Kolkata,,India,2023-06-09,
S17684,Store_17684,EAST,Indore,,India,,RENOVATION
,Store_17685,CENTRAL,Pune,,India,2025-03-24,RENOVATION
S17686,Store_17686,CENTRAL,,TS,India,2024-04-10,
S17687,Store_17687,SOUTH,Kolkata,KA,India,,
,,EAST,Indore,MH,India,2025-04-20,RENOVATION
S17689,,SOUTH,,TN,India,2022-02-22,OPEN
S17690,,,Bengaluru,DL,India,2025-06-10,CLOSED
S17691,Store_17691,NORTH,Mumbai,,,2025-11-22,RENOVATION
S17692,,EAST,Indore,KA,India,,RENOVATION
S17693,,SOUTH,Hyderabad,,India,2025-10-15,OPEN
,Store_17694,CENTRAL,Delhi,RJ,India,2024-11-14,
S17695,Store_17695,NORTH,Kolkata,TN,,2021-08-30,
S17696,Store_17696,CENTRAL,Bengaluru,KL,,,RENOVATION
,Store_17697,SOUTH,Jaipur,KA,India,2023-02-20,
S17698,Store_17698,SOUTH,Pune,MH,,,OPEN
S17699,,,Hyderabad,KA,India,2024-03-22,RENOVATION
,Store_17700,CENTRAL,Kochi,MH,India,2024-01-29,
S17701,,,Chennai,TS,India,2021-06-29,CLOSED
,Store_17702,WEST,,TS,India,2023-03-06,RENOVATION
S17703,Store_17703,,Chennai,KL,India,,CLOSED
S17704,Store_17704,WEST,,,India,2022-11-21,CLOSED
S17705,,CENTRAL,Bengaluru,KA,India,2022-10-12,
S17706,Store_17706,CENTRAL,Delhi,,,2023-03-01,OPEN
,Store_17707,WEST,Indore,KA,India,2021-12-01,
,Store_17708,SOUTH,Pune,MP,India,,RENOVATION
S17709,,WEST,,KL,India,2021-08-04,CLOSED
S17710,Store_17710,SOUTH,,RJ,,2022-09-13,OPEN
S17711,Store_17711,EAST,,TN,India,2023-05-06,
S17712,Store_17712,EAST,Kolkata,,India,,OPEN
S17713,Store_17713,WEST,Bengaluru,WB,,2024-03-23,
S17714,Store_17714,,,KA,India,2023-01-20,CLOSED
S17715,Store_17715,NORTH,Hyderabad,KA,India,,
S17716,Store_17716,SOUTH,,KL,India,,CLOSED
,Store_17717,CENTRAL,,RJ,India,2024-09-21,OPEN
S17718,,,Kochi,KL,India,2021-04-22,RENOVATION
S17719,Store_17719,NORTH,Kolkata,,,2024-10-07,OPEN
,Store_17720,EAST,Delhi,KA,India,2023-10-16,
,Store_17721,NORTH,Pune,TN,India,2025-10-28,
S17722,Store_17722,WEST,,,India,2025-02-06,OPEN
S17723,Store_17723,,Delhi,WB,India,,OPEN
S17724,Store_17724,SOUTH,Jaipur,,India,,CLOSED
,Store_17725,CENTRAL,Mumbai,WB,,2022-12-27,OPEN
S17726,Store_17726,EAST,,DL,India,,RENOVATION
S17727,,EAST,Kolkata,TS,India,2021-05-16,
,Store_17728,EAST,Kochi,RJ,,2021-12-27,RENOVATION
,Store_17729,EAST,Jaipur,RJ,,2024-02-08,RENOVATION
S17730,Store_17730,CENTRAL,Chennai,MP,,,RENOVATION
,Store_17731,,Mumbai,TN,India,2021-06-22,OPEN
S17732,Store_17732,SOUTH,,KA,India,,CLOSED
S17733,Store_17733,WEST,Indore,MH,,2026-01-19,
,,CENTRAL,Bengaluru,MH,India,2023-09-24,CLOSED
S17735,Store_17735,WEST,Delhi,,India,,OPEN
S17736,,EAST,Bengaluru,MP,India,2023-07-14,
,Store_17737,EAST,Delhi,MP,,2023-12-08,OPEN
S17738,Store_17738,CENTRAL,,TS,,2025-05-07,OPEN
S17739,Store_17739,SOUTH,,KA,India,2022-01-16,
S17740,Store_17740,EAST,Kochi,MP,India,,
S17741,,EAST,Bengaluru,TS,,2023-01-28,OPEN
S17742,Store_17742,,,KL,India,2022-01-20,OPEN
,Store_17743,WEST,Pune,,India,2023-01-27,CLOSED
,Store_17744,WEST,Hyderabad,WB,,2021-04-05,OPEN
S17745,,SOUTH,Jaipur,MH,India,,CLOSED
S17746,Store_17746,NORTH,Indore,,India,2025-10-16,
,Store_17747,,Delhi,WB,India,2024-12-23,CLOSED
S17748,Store_17748,SOUTH,Kolkata,RJ,India,,
S17749,,WEST,Jaipur,MH,India,,OPEN
S17750,Store_17750,SOUTH,Bengaluru,,India,,OPEN
S17751,Store_17751,NORTH,,RJ,India,,OPEN
S17752,Store_17752,SOUTH,Kolkata,RJ,,2024-08-01,
S17753,,,Pune,KA,India,2024-08-02,RENOVATION
S17754,Store_17754,NORTH,Jaipur,KL,,2023-05-31,
S17755,Store_17755,SOUTH,Delhi,,India,2022-11-05,
S17756,Store_17756,CENTRAL,Indore,,India,,OPEN
,Store_17757,CENTRAL,Jaipur,KA,India,,RENOVATION
,,WEST,Chennai,KL,India,2025-08-17,CLOSED
S17759,,EAST,Mumbai,MP,India,,RENOVATION
,,SOUTH,Bengaluru,TN,India,2025-11-10,RENOVATION
S17761,,NORTH,,TS,India,2026-01-07,CLOSED
S17762,Store_17762,,Jaipur,MP,,2024-12-25,RENOVATION
S17763,Store_17763,,Indore,DL,,2021-11-20,OPEN
S17764,Store_17764,SOUTH,Indore,WB,,,OPEN
S17765,Store_17765,WEST,Pune,MP,,2023-09-15,
,,WEST,Mumbai,MH,India,2023-08-20,CLOSED
S17767,Store_17767,,,RJ,India,2023-03-12,CLOSED
,Store_17768,SOUTH,,KA,India,2022-01-04,OPEN
S17769,,,Chennai,TN,India,2021-04-13,OPEN
S17770,Store_17770,NORTH,,RJ,India,,RENOVATION
S17771,Store_17771,,Kochi,,India,2025-11-20,OPEN
,Store_17772,,Indore,KA,India,2023-04-19,OPEN
S17773,Store_17773,SOUTH,Bengaluru,DL,,,OPEN
,Store_17774,WEST,Kochi,RJ,India,,RENOVATION
S17775,,CENTRAL,Chennai,KL,India,,OPEN
S17776,Store_17776,,Hyderabad,MP,India,2022-01-22,
,Store_17777,CENTRAL,Mumbai,DL,India,2023-05-04,
S17778,Store_17778,SOUTH,Kolkata,,India,2022-02-28,
S17779,Store_17779,,Hyderabad,MH,,2023-09-22,OPEN
,Store_17780,EAST,Chennai,,India,2022-09-12,RENOVATION
,Store_17781,NORTH,Kochi,DL,India,2021-04-22,
,Store_17782,SOUTH,Chennai,TS,India,2022-04-25,
,Store_17783,EAST,,WB,India,2025-08-28,CLOSED
S17784,Store_17784,WEST,,KL,,2023-02-12,RENOVATION
,Store_17785,WEST,Kolkata,RJ,India,,RENOVATION
,Store_17786,CENTRAL,,MP,India,2025-12-10,RENOVATION
,Store_17787,,Kolkata,KL,India,2021-02-17,OPEN
S17788,Store_17788,CENTRAL,,MP,India,2024-09-23,
S17789,,CENTRAL,Pune,,India,2024-09-10,RENOVATION
S17790,Store_17790,SOUTH,,MH,India,2023-10-18,
S17791,,NORTH,Kochi,TS,India,,RENOVATION
S17792,Store_17792,,Mumbai,MP,India,2021-12-17,
S17793,Store_17793,EAST,Indore,KA,India,,
S17794,Store_17794,,Kochi,TN,India,2022-04-28,
S17795,,SOUTH,,TS,India,2024-05-16,CLOSED
S17796,Store_17796,NORTH,Delhi,TN,India,,
S17797,Store_17797,NORTH,Kochi,,India,2022-07-27,
S17798,,,Kochi,MP,India,2022-10-05,RENOVATION
,Store_17799,EAST,Pune,MP,India,,CLOSED
S17800,,CENTRAL,Delhi,KA,,2021-09-26,RENOVATION
S17801,,SOUTH,Mumbai,TS,India,2022-03-08,
S17802,,SOUTH,Kolkata,RJ,,2025-11-11,OPEN
S17803,,SOUTH,,KA,India,2022-05-24,OPEN
S17804,Store_17804,,Chennai,KL,India,,CLOSED
S17805,Store_17805,,Jaipur,,India,2023-04-13,RENOVATION
S17806,Store_17806,SOUTH,,RJ,,2025-03-04,RENOVATION
,Store_17807,NORTH,Jaipur,,India,2025-03-22,CLOSED
S17808,Store_17808,,Mumbai,KL,India,2021-02-21,
S17809,Store_17809,,Chennai,WB,India,2023-11-21,
S17810,Store_17810,WEST,,,India,2021-05-31,CLOSED
S17811,Store_17811,SOUTH,,,India,2023-04-29,OPEN
S17812,,,Indore,DL,India,2023-05-26,OPEN
S17813,Store_17813,,Kolkata,,India,2025-04-11,OPEN
,,NORTH,Delhi,DL,India,2023-08-05,OPEN
,Store_17815,NORTH,Kochi,KL,,2025-03-05,CLOSED
,Store_17816,EAST,Indore,MP,India,2024-06-01,
S17817,Store_17817,EAST,Pune,,India,2025-04-10,
S17818,,EAST,Kochi,WB,,2021-08-23,OPEN
,Store_17819,SOUTH,Kolkata,WB,India,,RENOVATION
S17820,Store_17820,WEST,Bengaluru,WB,India,,
S17821,Store_17821,NORTH,Bengaluru,,India,,RENOVATION
S17822,Store_17822,,Indore,TS,,2025-05-22,OPEN
S17823,Store_17823,CENTRAL,,RJ,India,,RENOVATION
S17824,,EAST,Hyderabad,,India,2025-09-21,RENOVATION
S17825,Store_17825,,Pune,MP,India,2022-05-03,
,Store_17826,,Chennai,KL,India,2021-08-07,RENOVATION
S17827,Store_17827,WEST,Bengaluru,,,2022-09-17,RENOVATION
S17828,,NORTH,Bengaluru,RJ,,2023-06-02,RENOVATION
S17829,Store_17829,SOUTH,,MH,,2022-05-19,OPEN
S17830,Store_17830,WEST,Hyderabad,,India,,OPEN
S17831,Store_17831,NORTH,Mumbai,,India,2025-03-12,
S17832,Store_17832,,Chennai,,India,2021-02-19,OPEN
S17833,Store_17833,SOUTH,,TN,India,,OPEN
S17834,Store_17834,SOUTH,,WB,India,,RENOVATION
,,CENTRAL,Kolkata,KL,India,2023-10-06,CLOSED
S17836,Store_17836,EAST,Delhi,MP,,,RENOVATION
S17837,Store_17837,,Hyderabad,DL,India,,CLOSED
S17838,Store_17838,,Mumbai,MH,India,,CLOSED
S17839,,,Mumbai,MP,India,2023-10-30,OPEN
S17840,,,Kolkata,TS,India,2021-08-03,OPEN
,Store_17841,SOUTH,,WB,India,2025-10-08,OPEN
S17842,,,Kolkata,TN,India,2024-09-17,RENOVATION
S17843,Store_17843,,Pune,,India,2023-10-03,CLOSED
,Store_17844,,Pune,WB,India,2025-12-14,CLOSED
S17845,,WEST,Pune,,India,2022-05-19,RENOVATION
S17846,Store_17846,,Bengaluru,WB,India,2023-06-26,
S17847,Store_17847,,Jaipur,RJ,,2023-12-24,RENOVATION
S17848,,WEST,Hyderabad,,India,2021-04-05,OPEN
S17849,,SOUTH,Kolkata,MP,India,2026-01-07,
,Store_17850,EAST,,TN,India,2024-08-28,OPEN
S17851,,NORTH,Kochi,TN,India,2025-02-20,
S17852,,,Mumbai,KA,India,2021-08-26,CLOSED
S17853,,SOUTH,Mumbai,RJ,India,,RENOVATION
,Store_17854,CENTRAL,,KL,India,2024-02-07,RENOVATION
S17855,,SOUTH,Kochi,MH,,2023-02-07,CLOSED
S17856,Store_17856,WEST,,RJ,,2025-04-02,RENOVATION
,Store_17857,NORTH,,KA,India,2021-10-07,RENOVATION
,Store_17858,NORTH,Hyderabad,,India,2023-02-06,RENOVATION
S17859,Store_17859,CENTRAL,Kolkata,,India,2022-09-19,
S17860,Store_17860,SOUTH,,RJ,,2024-12-18,OPEN
,,EAST,Kolkata,TS,India,2021-10-09,RENOVATION
S17862,Store_17862,NORTH,,DL,India,2021-11-01,
,Store_17863,,Indore,KA,India,2022-03-26,RENOVATION
S17864,Store_17864,WEST,,RJ,,2025-12-22,OPEN
S17865,Store_17865,,Delhi,DL,India,,CLOSED
,,NORTH,Bengaluru,MP,India,2022-03-30,RENOVATION
,Store_17867,EAST,Mumbai,,India,2024-03-23,CLOSED
S17868,Store_17868,CENTRAL,Mumbai,,,2021-07-28,CLOSED
S17869,,SOUTH,Kolkata,TS,,2024-11-24,OPEN
,Store_17870,EAST,,KL,India,2022-08-06,OPEN
S17871,Store_17871,SOUTH,Delhi,MP,,2024-12-22,
S17872,,EAST,,TN,India,2022-11-20,CLOSED
,Store_17873,CENTRAL,,RJ,India,2024-08-19,OPEN
S17874,,,Hyderabad,MH,India,2026-01-08,CLOSED
S17875,Store_17875,CENTRAL,,KA,India,2021-09-12,
,Store_17876,WEST,Kolkata,,India,2022-01-17,RENOVATION
S17877,,NORTH,,WB,India,2022-10-29,RENOVATION
,Store_17878,WEST,Chennai,,India,2024-03-17,CLOSED
S17879,Store_17879,,Jaipur,DL,,2022-11-12,RENOVATION
S17880,Store_17880,EAST,Indore,MH,India,,
S17881,,WEST,,KL,India,2025-02-26,RENOVATION
S17882,,NORTH,Jaipur,,India,2022-03-29,RENOVATION
S17883,Store_17883,SOUTH,Pune,RJ,,,OPEN
S17884,Store_17884,EAST,Pune,,India,,CLOSED
S17885,Store_17885,,Chennai,WB,India,2025-01-08,
S17886,,,Delhi,MP,India,2025-10-24,RENOVATION
S17887,Store_17887,SOUTH,Hyderabad,KA,,2022-04-03,
S17888,Store_17888,,Bengaluru,KL,India,2025-10-31,
,,WEST,Indore,RJ,India,2023-03-21,RENOVATION
S17890,Store_17890,CENTRAL,Bengaluru,DL,,,CLOSED
S17891,,CENTRAL,Delhi,KL,India,,RENOVATION
S17892,,NORTH,Mumbai,RJ,India,2021-03-27,
,Store_17893,SOUTH,Pune,KL,India,2021-04-07,
S17894,Store_17894,CENTRAL,Delhi,,India,2024-11-30,
,Store_17895,CENTRAL,Chennai,TN,,2024-12-01,OPEN
S17896,,SOUTH,Hyderabad,,India,2025-06-26,RENOVATION
,Store_17897,NORTH,Delhi,TN,,2025-11-13,CLOSED
,Store_17898,WEST,Delhi,TN,India,,RENOVATION
S17899,,EAST,Kochi,KA,India,2024-06-19,
S17900,Store_17900,,Delhi,,India,2024-01-30,RENOVATION
S17901,Store_17901,NORTH,Indore,MP,,,RENOVATION
S17902,Store_17902,CENTRAL,,TN,India,,CLOSED
S17903,Store_17903,,,KL,India,2022-03-20,CLOSED
S17904,Store_17904,CENTRAL,,KA,India,,OPEN
S17905,Store_17905,CENTRAL,,DL,,2025-07-24,RENOVATION
S17906,Store_17906,WEST,Mumbai,,India,,RENOVATION
S17907,Store_17907,NORTH,,MP,India,,CLOSED
S17908,Store_17908,NORTH,,,India,2023-05-16,CLOSED
S17909,Store_17909,,Indore,KL,,2022-08-15,CLOSED
S17910,,,Kochi,MH,India,2024-03-28,CLOSED
S17911,,NORTH,Chennai,TS,India,,CLOSED
S17912,Store_17912,SOUTH,Chennai,WB,,2024-10-19,
S17913,Store_17913,CENTRAL,,,India,2022-04-30,RENOVATION
S17914,,EAST,Jaipur,MH,,2022-08-22,RENOVATION
S17915,Store_17915,,Mumbai,,India,2023-09-24,RENOVATION
,Store_17916,EAST,Mumbai,,India,2021-03-13,RENOVATION
S17917,Store_17917,WEST,Jaipur,TN,,,CLOSED
,Store_17918,CENTRAL,Indore,RJ,India,,RENOVATION
S17919,Store_17919,SOUTH,Jaipur,TS,,2022-08-15,
S17920,Store_17920,NORTH,Chennai,,India,,OPEN
S17921,Store_17921,SOUTH,,MP,India,2025-09-26,
S17922,Store_17922,,,KA,India,2022-12-17,OPEN
S17923,Store_17923,SOUTH,,WB,,2022-11-19,OPEN
S17924,Store_17924,EAST,Hyderabad,,India,,OPEN
S17925,,EAST,Bengaluru,WB,India,,RENOVATION
,,WEST,Bengaluru,MH,India,2025-01-15,OPEN
S17927,Store_17927,EAST,,,India,2023-02-20,RENOVATION
S17928,,SOUTH,Bengaluru,,India,2024-12-18,OPEN
,Store_17929,NORTH,Mumbai,MP,India,,RENOVATION
,Store_17930,,Bengaluru,MP,India,2021-12-12,CLOSED
S17931,Store_17931,SOUTH,,DL,India,2025-06-20,
S17932,Store_17932,,Indore,TN,India,2024-06-16,
S17933,Store_17933,NORTH,,RJ,India,2024-11-26,
S17934,,,Delhi,KA,India,2025-01-24,OPEN
S17935,Store_17935,SOUTH,Indore,,India,,RENOVATION
,Store_17936,,Mumbai,KA,India,2022-12-19,CLOSED
S17937,,,Delhi,KL,India,2023-05-11,OPEN
S17938,Store_17938,SOUTH,,KL,,2023-03-13,CLOSED
,Store_17939,SOUTH,Indore,,India,2023-05-20,RENOVATION
S17940,Store_17940,,Jaipur,KL,India,,CLOSED
,Store_17941,CENTRAL,Pune,MH,,2025-09-07,OPEN
S17942,,NORTH,,TN,India,2026-01-13,OPEN
S17943,Store_17943,SOUTH,Indore,WB,,2024-12-31,
S17944,Store_17944,EAST,,WB,,2021-11-12,OPEN
S17945,,EAST,Chennai,,India,2021-04-19,OPEN
S17946,Store_17946,,,DL,India,2021-10-05,CLOSED
,Store_17947,CENTRAL,Chennai,MH,,2024-04-14,RENOVATION
S17948,Store_17948,CENTRAL,Kolkata,,,2022-11-02,OPEN
S17949,Store_17949,,Delhi,WB,India,2022-11-26,
S17950,,NORTH,,MP,India,2026-01-10,RENOVATION
S17951,,NORTH,Bengaluru,,India,2024-10-26,OPEN
,Store_17952,NORTH,,KL,India,2025-03-19,RENOVATION
S17953,Store_17953,EAST,Chennai,DL,,,RENOVATION
,Store_17954,CENTRAL,,DL,India,2023-07-02,OPEN
S17955,Store_17955,,,TN,India,2024-01-16,OPEN
S17956,Store_17956,EAST,Chennai,,India,2021-06-16,
S17957,Store_17957,,Kochi,TS,India,,OPEN
,Store_17958,SOUTH,,MH,India,2021-04-20,OPEN
S17959,Store_17959,,Chennai,MP,India,2021-12-03,
S17960,,EAST,,KA,India,2022-07-01,OPEN
S17961,Store_17961,NORTH,Chennai,MH,India,,
S17962,,EAST,,TN,India,2024-09-10,OPEN
S17963,,WEST,,MH,India,2024-11-10,OPEN
,Store_17964,WEST,Hyderabad,,India,2025-11-19,RENOVATION
S17965,Store_17965,CENTRAL,,,India,2024-09-03,OPEN
S17966,Store_17966,CENTRAL,Chennai,,India,,OPEN
,Store_17967,EAST,Bengaluru,KA,India,2022-05-27,
S17968,Store_17968,NORTH,Chennai,KA,,,OPEN
S17969,Store_17969,SOUTH,,MP,India,2024-04-05,
S17970,Store_17970,,Kolkata,KL,India,2023-11-14,
S17971,,SOUTH,,WB,India,2025-05-04,OPEN
,Store_17972,CENTRAL,Hyderabad,TN,India,,OPEN
S17973,Store_17973,,,WB,India,2022-03-25,RENOVATION
S17974,Store_17974,NORTH,,MH,India,,RENOVATION
,,SOUTH,Indore,KL,India,2023-12-09,RENOVATION
,Store_17976,NORTH,Mumbai,WB,India,,CLOSED
S17977,Store_17977,,Delhi,KL,India,,OPEN
S17978,Store_17978,,Bengaluru,TN,India,2021-09-19,
S17979,Store_17979,SOUTH,,MP,India,,RENOVATION
,Store_17980,WEST,Hyderabad,MP,,2025-07-08,CLOSED
S17981,Store_17981,CENTRAL,,TS,,2021-06-19,CLOSED
S17982,Store_17982,SOUTH,Jaipur,MP,India,,
S17983,Store_17983,EAST,Mumbai,TS,India,,
S17984,,NORTH,,KL,India,2022-01-21,CLOSED
S17985,Store_17985,,Jaipur,TN,India,,CLOSED
S17986,Store_17986,CENTRAL,,TN,India,2023-07-05,
S17987,Store_17987,SOUTH,Pune,MP,,2025-01-01,
,Store_17988,NORTH,Mumbai,RJ,India,2021-10-05,
S17989,Store_17989,,Chennai,WB,India,,OPEN
S17990,Store_17990,SOUTH,Jaipur,RJ,India,,
S17991,Store_17991,,Indore,TN,India,2023-04-16,
,Store_17992,EAST,Jaipur,TN,,2022-01-08,OPEN
S17993,Store_17993,SOUTH,Jaipur,,India,2025-03-11,
S17994,Store_17994,EAST,,RJ,India,,RENOVATION
S17995,Store_17995,,Kolkata,DL,,2022-09-14,RENOVATION
S17996,Store_17996,EAST,,WB,India,2023-01-26,
,Store_17997,WEST,Chennai,RJ,,2022-01-21,RENOVATION
,Store_17998,WEST,Jaipur,,India,2025-05-20,OPEN
S17999,Store_17999,,Jaipur,TS,India,,RENOVATION
S18000,,SOUTH,,TS,India,2023-03-03,RENOVATION
,Store_18001,SOUTH,,MH,India,2024-09-19,OPEN
S18002,Store_18002,NORTH,Kolkata,,India,,OPEN
S18003,Store_18003,NORTH,,,India,2023-12-03,RENOVATION
S18004,,SOUTH,Kochi,DL,India,,RENOVATION
,Store_18005,,Hyderabad,MP,India,2022-04-19,CLOSED
,Store_18006,,Chennai,TN,India,2024-12-07,CLOSED
S18007,Store_18007,CENTRAL,Indore,KA,,2023-04-25,
,Store_18008,SOUTH,Hyderabad,MP,,2024-12-15,OPEN
S18009,Store_18009,,Bengaluru,RJ,,2022-02-25,OPEN
S18010,Store_18010,EAST,Pune,MH,,2024-12-26,
,Store_18011,,Indore,WB,India,2022-04-16,OPEN
,Store_18012,CENTRAL,Delhi,MH,India,2024-02-22,
S18013,Store_18013,WEST,Kochi,,India,2023-08-24,
S18014,Store_18014,SOUTH,Pune,,India,,OPEN
S18015,Store_18015,,Bengaluru,KL,,2024-05-09,CLOSED
,Store_18016,NORTH,Chennai,,India,2025-12-21,RENOVATION
S18017,Store_18017,,Bengaluru,DL,India,2024-08-25,
S18018,,EAST,Delhi,MH,,2025-05-12,OPEN
S18019,Store_18019,EAST,Pune,,,2022-12-11,RENOVATION
S18020,,WEST,,MP,India,2024-01-13,OPEN
,Store_18021,EAST,Delhi,TS,India,2022-11-29,
,Store_18022,WEST,Indore,MP,,2022-09-19,RENOVATION
,Store_18023,SOUTH,Kolkata,,India,2023-11-17,CLOSED
S18024,Store_18024,CENTRAL,Kochi,MH,,2022-09-04,
,Store_18025,,Kochi,KL,India,2023-02-15,RENOVATION
S18026,Store_18026,,Kolkata,TS,India,,RENOVATION
S18027,,NORTH,Pune,KA,India,,RENOVATION
S18028,Store_18028,,Hyderabad,KA,India,2024-01-16,
,Store_18029,CENTRAL,,RJ,India,2024-07-26,CLOSED
S18030,Store_18030,EAST,Kolkata,,India,,CLOSED
,Store_18031,SOUTH,Bengaluru,MH,India,2025-02-09,
S18032,Store_18032,,,MH,India,2024-01-10,CLOSED
,,EAST,Hyderabad,RJ,India,2022-02-27,RENOVATION
S18034,Store_18034,SOUTH,,MP,India,,RENOVATION
S18035,Store_18035,CENTRAL,Chennai,KL,,,OPEN
,Store_18036,CENTRAL,Indore,MH,India,2022-11-28,
,Store_18037,NORTH,,TS,India,2023-01-09,OPEN
,Store_18038,,Kolkata,MH,India,2021-08-17,CLOSED
S18039,Store_18039,,Jaipur,,India,2021-07-06,RENOVATION
,Store_18040,,Pune,MH,India,2026-01-30,RENOVATION
S18041,Store_18041,,,KA,India,2024-01-21,RENOVATION
S18042,Store_18042,SOUTH,,DL,India,,RENOVATION
S18043,Store_18043,,Kochi,,India,2025-01-29,OPEN
S18044,Store_18044,EAST,,WB,India,,OPEN
S18045,Store_18045,SOUTH,Jaipur,,India,,RENOVATION
,Store_18046,EAST,Kochi,,India,2023-12-26,RENOVATION
S18047,Store_18047,CENTRAL,Delhi,,India,,CLOSED
,Store_18048,NORTH,Kolkata,MH,India,2023-03-07,
S18049,Store_18049,CENTRAL,,KA,India,,CLOSED
S18050,Store_18050,,,TS,India,2025-10-11,CLOSED
S18051,Store_18051,,Indore,,India,2025-11-09,CLOSED
S18052,Store_18052,,,MH,India,2021-02-16,RENOVATION
,Store_18053,NORTH,Bengaluru,KL,India,,OPEN
S18054,,NORTH,Kolkata,,India,2025-12-02,CLOSED
S18055,,WEST,Mumbai,,India,2022-07-13,CLOSED
S18056,Store_18056,,,RJ,India,2022-12-23,OPEN
,,WEST,Hyderabad,RJ,India,2025-10-25,RENOVATION
S18058,,,Delhi,RJ,India,2022-01-26,RENOVATION
S18059,Store_18059,WEST,,,India,2022-01-29,OPEN
,Store_18060,EAST,Hyderabad,TS,India,,CLOSED
S18061,Store_18061,NORTH,Mumbai,TS,,2022-08-30,
,Store_18062,CENTRAL,Pune,TN,,2024-02-28,CLOSED
S18063,Store_18063,EAST,,DL,,2025-06-22,RENOVATION
S18064,,WEST,,RJ,India,2023-05-09,CLOSED
,Store_18065,,Jaipur,TS,India,2024-01-12,OPEN
S18066,Store_18066,EAST,Pune,,India,2023-07-13,
,Store_18067,WEST,Jaipur,RJ,India,2025-08-03,
,Store_18068,EAST,Hyderabad,MP,India,,CLOSED
S18069,Store_18069,,Jaipur,DL,India,2021-10-06,
S18070,Store_18070,CENTRAL,Chennai,,India,,CLOSED
S18071,Store_18071,,Bengaluru,WB,India,,RENOVATION
,Store_18072,SOUTH,Chennai,MH,,2025-11-28,CLOSED
S18073,Store_18073,EAST,Bengaluru,,India,2022-02-22,
S18074,Store_18074,,Delhi,RJ,India,,RENOVATION
S18075,Store_18075,,Delhi,WB,India,2021-04-28,
S18076,,SOUTH,Indore,KA,India,2024-08-12,
S18077,Store_18077,CENTRAL,Hyderabad,,,2022-03-25,RENOVATION
S18078,Store_18078,,,MP,India,2022-12-08,RENOVATION
S18079,Store_18079,WEST,,TN,India,,CLOSED
,Store_18080,EAST,Kochi,,India,2021-02-05,OPEN
S18081,Store_18081,SOUTH,,MH,,2022-03-05,CLOSED
,Store_18082,,Jaipur,MP,India,2024-10-05,OPEN
S18083,Store_18083,CENTRAL,Kolkata,KA,India,,
S18084,Store_18084,SOUTH,Chennai,,India,,CLOSED
S18085,Store_18085,,,WB,India,2022-03-02,OPEN
S18086,,NORTH,Jaipur,KL,India,2024-11-05,
S18087,Store_18087,SOUTH,Mumbai,,,2023-11-17,CLOSED
S18088,,CENTRAL,Bengaluru,,India,2022-05-18,CLOSED
S18089,Store_18089,,,MP,India,2024-07-14,RENOVATION
S18090,Store_18090,,Chennai,WB,,2024-02-12,RENOVATION
,Store_18091,SOUTH,,TN,India,2023-02-21,CLOSED
S18092,Store_18092,,Delhi,,India,2025-09-11,CLOSED
S18093,Store_18093,WEST,,MH,India,,OPEN
S18094,,NORTH,Pune,TS,India,2023-08-11,
S18095,,SOUTH,,WB,India,2023-05-27,OPEN
S18096,Store_18096,WEST,Hyderabad,,India,,RENOVATION
,Store_18097,,Hyderabad,DL,India,2025-09-17,RENOVATION
S18098,,NORTH,Hyderabad,RJ,,2025-01-16,RENOVATION
S18099,,CENTRAL,Delhi,TN,,2022-11-04,OPEN
S18100,,,Chennai,TS,India,2022-03-23,OPEN
S18101,,NORTH,Pune,KL,India,2021-08-04,
S18102,Store_18102,CENTRAL,Indore,RJ,,,OPEN
,Store_18103,CENTRAL,Delhi,,India,2023-09-18,RENOVATION
S18104,Store_18104,EAST,Indore,KL,India,,
,Store_18105,WEST,Kolkata,KL,India,2021-06-14,
S18106,Store_18106,CENTRAL,Indore,MH,India,,
S18107,Store_18107,EAST,,TN,India,,OPEN
S18108,Store_18108,EAST,Indore,,India,,RENOVATION
S18109,Store_18109,,Pune,,India,2022-08-29,RENOVATION
S18110,Store_18110,CENTRAL,Kolkata,MP,,,OPEN
,Store_18111,NORTH,Hyderabad,,India,2023-10-11,OPEN
S18112,Store_18112,WEST,Pune,,,2025-09-24,CLOSED
,Store_18113,NORTH,,WB,India,2023-05-02,RENOVATION
,Store_18114,NORTH,,WB,India,2023-06-02,CLOSED
S18115,Store_18115,CENTRAL,Chennai,,,2024-12-25,CLOSED
S18116,Store_18116,,,MH,India,2022-03-07,RENOVATION
S18117,Store_18117,EAST,Kolkata,,India,2022-08-22,
S18118,,CENTRAL,Kolkata,KA,India,,RENOVATION
S18119,Store_18119,CENTRAL,,,India,2021-11-16,RENOVATION
S18120,,WEST,,RJ,India,2024-03-15,RENOVATION
S18121,Store_18121,WEST,Bengaluru,WB,,2026-01-24,
S18122,Store_18122,WEST,,WB,,2022-07-28,RENOVATION
,Store_18123,EAST,Kochi,MH,India,,OPEN
,Store_18124,WEST,Kochi,,India,2025-02-23,CLOSED
,Store_18125,NORTH,Pune,,India,2025-11-30,RENOVATION
,Store_18126,WEST,Kolkata,TS,India,,OPEN
S18127,Store_18127,,Delhi,TN,,2021-08-08,RENOVATION
S18128,Store_18128,NORTH,Kochi,,India,2021-04-12,
S18129,Store_18129,EAST,Delhi,,India,,RENOVATION
S18130,Store_18130,WEST,Pune,DL,,2021-09-13,
,Store_18131,SOUTH,Kolkata,TN,,2024-02-16,CLOSED
S18132,Store_18132,WEST,,TS,India,2023-02-20,
S18133,Store_18133,WEST,,WB,India,,RENOVATION
S18134,Store_18134,,Mumbai,DL,India,2024-03-10,
S18135,,SOUTH,Pune,TN,India,,RENOVATION
,Store_18136,WEST,Chennai,TN,India,,RENOVATION
S18137,Store_18137,SOUTH,Kochi,MH,,2021-07-01,
S18138,Store_18138,NORTH,,TS,,2022-04-04,RENOVATION
S18139,Store_18139,,Mumbai,KL,India,2024-06-05,
,Store_18140,NORTH,Chennai,,India,2025-11-03,OPEN
S18141,Store_18141,EAST,Mumbai,TN,,2021-11-02,
S18142,Store_18142,NORTH,Chennai,MP,,,CLOSED
S18143,Store_18143,,,TN,India,2022-04-09,OPEN
S18144,Store_18144,SOUTH,Chennai,,India,2021-02-11,
S18145,Store_18145,WEST,Jaipur,TN,,,CLOSED
,Store_18146,,Bengaluru,RJ,India,2023-12-27,OPEN
,Store_18147,,Mumbai,MP,India,2022-06-01,RENOVATION
,Store_18148,,Indore,TN,India,2022-03-01,OPEN
,Store_18149,WEST,Mumbai,,India,2025-06-02,CLOSED
S18150,Store_18150,,Mumbai,RJ,India,,RENOVATION
S18151,Store_18151,NORTH,,,India,2025-07-25,RENOVATION
S18152,Store_18152,,,KL,India,2025-05-31,CLOSED
S18153,Store_18153,,Jaipur,MP,,2024-12-07,RENOVATION
,,SOUTH,Pune,MH,India,2024-10-15,CLOSED
S18155,Store_18155,NORTH,,TN,India,2024-02-16,
S18156,Store_18156,SOUTH,,WB,India,2023-11-22,
S18157,Store_18157,,Kolkata,TS,,2023-09-10,RENOVATION
S18158,Store_18158,CENTRAL,Bengaluru,,India,2022-07-30,
,Store_18159,SOUTH,Kochi,KA,India,,CLOSED
S18160,Store_18160,SOUTH,Hyderabad,WB,,2022-10-07,
S18161,Store_18161,,Chennai,MP,India,2022-05-14,
S18162,Store_18162,NORTH,Bengaluru,RJ,India,,
,Store_18163,WEST,Jaipur,RJ,,2021-02-11,CLOSED
S18164,Store_18164,SOUTH,Pune,MH,,,RENOVATION
S18165,Store_18165,SOUTH,Indore,KL,,,CLOSED
S18166,Store_18166,NORTH,Delhi,DL,India,,
S18167,,,Chennai,TN,India,2023-12-26,RENOVATION
S18168,Store_18168,EAST,Kochi,,India,,CLOSED
S18169,,WEST,,MP,India,2024-01-28,RENOVATION
S18170,Store_18170,NORTH,Indore,,India,2023-05-23,
S18171,Store_18171,SOUTH,Jaipur,WB,India,,
S18172,,,Bengaluru,MH,India,2025-09-12,RENOVATION
S18173,,SOUTH,Indore,,India,2021-06-13,CLOSED
,,NORTH,Delhi,WB,India,2025-01-02,CLOSED
S18175,Store_18175,EAST,Mumbai,,,2023-02-05,CLOSED
S18176,Store_18176,SOUTH,Kolkata,KL,,2023-08-04,
,Store_18177,EAST,,MH,India,2022-07-11,CLOSED
S18178,,CENTRAL,Bengaluru,KL,India,,OPEN
S18179,Store_18179,EAST,Hyderabad,RJ,,,CLOSED
,,WEST,Pune,DL,India,2024-03-30,OPEN
S18181,Store_18181,,,MP,India,2023-12-11,CLOSED
,Store_18182,EAST,Bengaluru,,India,2022-07-06,RENOVATION
,Store_18183,SOUTH,Pune,TS,,2024-12-07,RENOVATION
S18184,Store_18184,SOUTH,,TS,,2024-02-15,CLOSED
,Store_18185,SOUTH,Kolkata,KL,India,,CLOSED
S18186,,,Mumbai,MP,India,2021-02-17,RENOVATION
S18187,Store_18187,,,MH,India,2023-07-14,OPEN
S18188,,WEST,Mumbai,KL,,2025-03-19,OPEN
S18189,,CENTRAL,Indore,KL,India,2021-09-19,
S18190,Store_18190,,Indore,TN,,2023-10-15,CLOSED
S18191,Store_18191,,Indore,DL,India,2024-08-07,
,Store_18192,CENTRAL,Pune,,India,2024-03-07,RENOVATION
S18193,,SOUTH,Indore,KA,,2024-11-18,CLOSED
S18194,Store_18194,NORTH,Hyderabad,,,2023-06-23,CLOSED
S18195,Store_18195,WEST,Hyderabad,,India,2023-08-18,
S18196,Store_18196,CENTRAL,Hyderabad,,India,2022-07-22,
S18197,,CENTRAL,Bengaluru,KL,India,,OPEN
S18198,Store_18198,CENTRAL,,RJ,India,2021-04-14,
S18199,Store_18199,NORTH,Hyderabad,,India,,OPEN
S18200,Store_18200,WEST,,,India,2022-08-08,CLOSED
S18201,Store_18201,NORTH,Hyderabad,MP,,2022-01-09,
S18202,,,Mumbai,TN,India,2023-01-06,CLOSED
,Store_18203,CENTRAL,,KL,India,2025-04-07,RENOVATION
,Store_18204,CENTRAL,,RJ,India,2021-12-31,OPEN
,Store_18205,,Jaipur,WB,India,2022-04-11,OPEN
S18206,,WEST,Chennai,KA,,2024-02-24,OPEN
S18207,Store_18207,NORTH,,DL,,2025-12-17,RENOVATION
S18208,,CENTRAL,Chennai,RJ,India,,OPEN
S18209,Store_18209,,Mumbai,,India,2025-08-21,OPEN
,Store_18210,WEST,Kolkata,KL,India,2023-01-12,
S18211,,EAST,,KA,India,2023-08-29,CLOSED
S18212,,SOUTH,,MP,India,2024-05-04,CLOSED
S18213,,EAST,Indore,KA,,2022-01-30,OPEN
S18214,,SOUTH,Jaipur,WB,,2023-04-03,RENOVATION
,Store_18215,WEST,Delhi,,India,2023-10-21,CLOSED
,Store_18216,WEST,Hyderabad,MP,India,,CLOSED
S18217,Store_18217,,,MP,India,2025-01-31,OPEN
,,EAST,Pune,TN,India,2021-08-28,OPEN
,Store_18219,WEST,Jaipur,KL,India,2021-11-07,
S18220,Store_18220,,Indore,MP,India,2023-06-09,
S18221,Store_18221,,Hyderabad,MH,,2026-01-11,CLOSED
S18222,,,Bengaluru,WB,India,2022-04-16,OPEN
S18223,Store_18223,,Indore,WB,,2023-08-06,CLOSED
S18224,Store_18224,,Delhi,,India,2024-03-05,RENOVATION
S18225,Store_18225,,Jaipur,,India,2023-10-05,OPEN
S18226,,SOUTH,Indore,MH,,2024-06-14,RENOVATION
S18227,Store_18227,,Kochi,,India,2025-06-12,CLOSED
,Store_18228,CENTRAL,Pune,RJ,India,,RENOVATION
,Store_18229,,Pune,WB,India,2025-07-01,CLOSED
S18230,,NORTH,,MP,India,2024-12-27,RENOVATION
S18231,Store_18231,NORTH,Indore,MP,,2023-01-18,
S18232,,CENTRAL,Pune,,India,2025-12-05,OPEN
S18233,Store_18233,NORTH,Pune,RJ,India,,
,Store_18234,CENTRAL,Hyderabad,RJ,India,,CLOSED
,,EAST,Jaipur,MH,India,2023-07-14,OPEN
S18236,Store_18236,SOUTH,,RJ,,2023-12-01,OPEN
S18237,Store_18237,NORTH,,MP,India,2024-12-13,
S18238,,CENTRAL,Pune,RJ,India,,RENOVATION
S18239,,SOUTH,Chennai,KA,,2025-04-28,RENOVATION
S18240,,,Hyderabad,KA,India,2025-05-14,RENOVATION
S18241,,NORTH,Chennai,,India,2024-07-07,RENOVATION
S18242,Store_18242,NORTH,Indore,TN,,2022-02-25,
S18243,Store_18243,NORTH,Kochi,DL,India,,
S18244,Store_18244,SOUTH,,MH,India,,CLOSED
S18245,Store_18245,WEST,,KA,India,,CLOSED
S18246,,,Hyderabad,RJ,India,2024-02-10,OPEN
S18247,Store_18247,,Indore,DL,,2025-04-21,RENOVATION
S18248,Store_18248,,Kolkata,,India,2025-02-14,RENOVATION
S18249,Store_18249,WEST,Hyderabad,,India,2023-10-11,
,Store_18250,,Pune,KL,India,2025-06-14,OPEN
S18251,,CENTRAL,,KL,India,2024-10-08,RENOVATION
,Store_18252,EAST,Mumbai,KL,,2021-07-15,CLOSED
,Store_18253,WEST,Delhi,KL,,2022-10-11,RENOVATION
S18254,Store_18254,EAST,Bengaluru,,,2024-11-27,OPEN
S18255,Store_18255,EAST,Indore,,India,2024-08-23,
S18256,Store_18256,CENTRAL,Kochi,,India,,CLOSED
S18257,,NORTH,Kochi,TN,India,2022-08-17,
S18258,Store_18258,,,TN,India,2022-04-09,RENOVATION
,Store_18259,,Pune,DL,India,2022-04-10,OPEN
S18260,Store_18260,EAST,Kolkata,KL,India,,
S18261,Store_18261,CENTRAL,Chennai,KA,India,,
S18262,Store_18262,CENTRAL,,DL,India,2021-09-22,
S18263,Store_18263,WEST,,WB,,2022-06-25,RENOVATION
S18264,Store_18264,CENTRAL,Hyderabad,KA,,2022-09-26,
S18265,Store_18265,NORTH,Delhi,,India,,OPEN
S18266,,NORTH,Delhi,KL,India,2025-09-12,
S18267,Store_18267,CENTRAL,,,India,2021-05-06,RENOVATION
,Store_18268,WEST,Delhi,MH,India,2023-03-04,
S18269,,CENTRAL,Delhi,MP,India,,RENOVATION
S18270,Store_18270,,Kochi,RJ,India,,OPEN
,Store_18271,EAST,,TN,India,2023-10-29,CLOSED
S18272,,WEST,,TS,India,2025-09-28,RENOVATION
S18273,,NORTH,Mumbai,,India,2021-10-02,OPEN
S18274,Store_18274,WEST,Mumbai,TS,India,,
S18275,Store_18275,,Indore,KL,,2022-04-12,RENOVATION
S18276,Store_18276,EAST,Jaipur,,India,,OPEN
S18277,Store_18277,EAST,Chennai,RJ,,2025-07-14,
,Store_18278,NORTH,Kolkata,KA,India,,OPEN
S18279,Store_18279,,Jaipur,WB,,2024-03-03,CLOSED
S18280,,CENTRAL,Indore,RJ,India,2021-12-16,
,Store_18281,NORTH,Kolkata,TN,India,2022-03-24,
S18282,Store_18282,,Hyderabad,KA,,2025-03-22,CLOSED
S18283,Store_18283,,Delhi,KA,,2021-12-26,RENOVATION
,Store_18284,,Pune,MH,India,2023-10-25,CLOSED
,Store_18285,NORTH,,TN,India,2025-11-30,RENOVATION
S18286,Store_18286,,Bengaluru,DL,India,,OPEN
S18287,Store_18287,NORTH,Delhi,TS,India,,
S18288,Store_18288,,,RJ,India,2022-08-26,OPEN
S18289,,WEST,Hyderabad,KL,,2022-11-17,OPEN
S18290,,WEST,Hyderabad,,India,2022-02-20,CLOSED
S18291,,EAST,Hyderabad,MP,India,,CLOSED
S18292,Store_18292,,Hyderabad,,India,2022-03-20,RENOVATION
S18293,Store_18293,,Mumbai,KA,India,2021-05-19,
S18294,,EAST,Mumbai,,India,2022-07-23,CLOSED
S18295,,EAST,Delhi,,India,2021-04-21,OPEN
S18296,,EAST,Pune,,India,2025-09-13,OPEN
S18297,,SOUTH,Hyderabad,MP,India,,CLOSED
,Store_18298,NORTH,Jaipur,,India,2024-12-08,RENOVATION
S18299,,NORTH,,MH,India,2021-02-21,RENOVATION
S18300,Store_18300,CENTRAL,Mumbai,,India,,CLOSED
S18301,Store_18301,NORTH,,,India,2021-04-23,CLOSED
S18302,,WEST,Kolkata,TN,India,2025-04-27,
S18303,,EAST,Hyderabad,,India,2021-09-09,CLOSED
,Store_18304,NORTH,Indore,MH,India,,OPEN
S18305,Store_18305,,,DL,India,2023-09-29,OPEN
,Store_18306,CENTRAL,Chennai,WB,India,2025-10-22,
S18307,Store_18307,,,TS,India,2021-03-02,RENOVATION
S18308,Store_18308,CENTRAL,,MH,India,,OPEN
,Store_18309,,Bengaluru,KA,India,2022-05-10,RENOVATION
S18310,Store_18310,,Pune,MP,,2021-03-12,OPEN
S18311,,,Chennai,MH,India,2025-04-07,CLOSED
S18312,Store_18312,,Bengaluru,DL,India,2023-12-05,
S18313,Store_18313,CENTRAL,Kolkata,,India,,OPEN
S18314,Store_18314,SOUTH,,TS,India,2024-01-10,
,Store_18315,EAST,,MH,India,2024-10-13,CLOSED
S18316,Store_18316,CENTRAL,Indore,MH,,2025-10-21,
,Store_18317,CENTRAL,Jaipur,TN,,2021-05-23,CLOSED
S18318,Store_18318,CENTRAL,Indore,,,2022-12-27,CLOSED
S18319,Store_18319,WEST,,KA,,2024-01-08,CLOSED
,Store_18320,NORTH,,RJ,India,2021-08-14,CLOSED
,Store_18321,SOUTH,Pune,MH,India,2023-07-25,
S18322,Store_18322,CENTRAL,Chennai,MH,,,CLOSED
,Store_18323,NORTH,,TN,India,2025-04-27,OPEN
S18324,,CENTRAL,Bengaluru,,India,2025-01-01,RENOVATION
S18325,Store_18325,,,MH,India,2021-03-16,CLOSED
S18326,,EAST,Kochi,KA,India,2022-10-08,
S18327,Store_18327,NORTH,,KA,India,2021-12-26,
S18328,Store_18328,,Bengaluru,KL,India,,CLOSED
,,CENTRAL,Chennai,RJ,India,2023-10-21,RENOVATION
S18330,Store_18330,,,MH,India,2022-03-30,RENOVATION
S18331,Store_18331,SOUTH,Jaipur,,India,2025-04-05,
S18332,Store_18332,,Kochi,RJ,India,,RENOVATION
,Store_18333,CENTRAL,Mumbai,WB,India,,CLOSED
S18334,Store_18334,SOUTH,,TS,,2024-04-02,CLOSED
,Store_18335,CENTRAL,Pune,,India,2025-08-17,RENOVATION
S18336,,NORTH,Indore,TN,,2022-04-27,CLOSED
,Store_18337,NORTH,Mumbai,,India,2022-10-16,CLOSED
S18338,,SOUTH,,KL,India,2022-01-31,RENOVATION
,Store_18339,SOUTH,Pune,,India,2023-03-08,OPEN
S18340,Store_18340,,Delhi,,India,2021-07-07,RENOVATION
,Store_18341,EAST,,KA,India,2023-05-09,CLOSED
S18342,Store_18342,SOUTH,,RJ,India,2022-05-08,
S18343,Store_18343,WEST,Jaipur,,India,,OPEN
,Store_18344,SOUTH,Hyderabad,,India,2021-10-04,CLOSED
S18345,Store_18345,SOUTH,Delhi,TS,,2021-08-14,
S18346,,EAST,,WB,India,2022-01-25,OPEN
S18347,,,Jaipur,KA,India,2022-06-02,OPEN
S18348,Store_18348,,,DL,India,2025-12-05,OPEN
S18349,Store_18349,SOUTH,Mumbai,,,2021-02-05,RENOVATION
S18350,Store_18350,WEST,,,India,2026-01-27,RENOVATION
S18351,,WEST,Bengaluru,,India,2023-06-08,RENOVATION
S18352,Store_18352,,Chennai,KL,India,2024-07-16,
S18353,Store_18353,SOUTH,,MH,India,2024-11-03,
S18354,Store_18354,WEST,,RJ,India,2024-11-28,
S18355,Store_18355,CENTRAL,,DL,India,,CLOSED
S18356,Store_18356,CENTRAL,,,India,2024-12-21,OPEN
S18357,Store_18357,,,RJ,India,2024-12-21,OPEN
S18358,,EAST,Delhi,KL,India,,OPEN
,Store_18359,WEST,Delhi,KA,,2021-02-15,RENOVATION
,Store_18360,NORTH,,RJ,India,2023-01-06,CLOSED
,Store_18361,SOUTH,Pune,DL,India,2022-11-09,
S18362,Store_18362,EAST,Hyderabad,MH,,,OPEN
S18363,Store_18363,SOUTH,,KL,,2022-08-16,CLOSED
S18364,Store_18364,,Mumbai,,India,2025-12-26,CLOSED
S18365,Store_18365,NORTH,Indore,TS,,,CLOSED
S18366,Store_18366,NORTH,,,India,2021-07-02,CLOSED
,Store_18367,SOUTH,Indore,TN,,2023-01-16,OPEN
,,SOUTH,Kochi,RJ,India,2024-08-25,RENOVATION
S18369,,CENTRAL,Pune,MP,,2021-12-28,RENOVATION
S18370,Store_18370,,Hyderabad,MH,India,2021-10-21,
S18371,Store_18371,WEST,Kolkata,,,2022-09-10,CLOSED
S18372,Store_18372,WEST,,,India,2025-08-04,OPEN
S18373,Store_18373,,,TS,India,2025-10-03,CLOSED
S18374,Store_18374,,Pune,RJ,India,2025-01-12,
S18375,Store_18375,EAST,Delhi,WB,,,RENOVATION
,Store_18376,SOUTH,Delhi,KL,,2025-11-22,OPEN
S18377,,EAST,,MH,India,2025-03-21,OPEN
S18378,Store_18378,WEST,,KL,India,2025-04-21,
S18379,Store_18379,WEST,Hyderabad,,India,,OPEN
,,NORTH,Kolkata,RJ,India,2023-09-30,OPEN
,Store_18381,EAST,Mumbai,MP,,2023-06-25,OPEN
S18382,Store_18382,SOUTH,,MP,India,2025-05-15,
S18383,Store_18383,CENTRAL,Kolkata,MH,,,RENOVATION
S18384,Store_18384,,Chennai,DL,India,,RENOVATION
,Store_18385,WEST,,TN,India,2023-08-02,CLOSED
S18386,Store_18386,,,MH,India,2022-08-18,CLOSED
S18387,Store_18387,,Chennai,,India,2023-03-09,OPEN
S18388,Store_18388,WEST,,RJ,,2025-09-21,RENOVATION
S18389,,EAST,,RJ,India,2025-02-28,OPEN
,Store_18390,SOUTH,Hyderabad,KL,,2026-01-25,OPEN
S18391,Store_18391,EAST,Indore,,India,2024-10-03,
S18392,Store_18392,CENTRAL,,,India,2024-12-06,RENOVATION
S18393,Store_18393,,Indore,MP,,2024-04-09,OPEN
S18394,Store_18394,EAST,Jaipur,TS,,2023-12-25,
S18395,Store_18395,NORTH,Kolkata,KL,,2025-02-19,
S18396,Store_18396,SOUTH,Delhi,,India,,RENOVATION
,Store_18397,NORTH,Mumbai,,India,2025-06-16,CLOSED
S18398,Store_18398,NORTH,Chennai,RJ,India,,
S18399,Store_18399,SOUTH,,KA,India,,RENOVATION
S18400,,CENTRAL,Bengaluru,,India,2024-08-06,CLOSED
S18401,Store_18401,SOUTH,,DL,India,,OPEN
S18402,Store_18402,CENTRAL,,KL,India,,OPEN
S18403,Store_18403,,Bengaluru,DL,,2024-12-05,OPEN
S18404,Store_18404,,,RJ,India,2022-10-01,OPEN
S18405,Store_18405,CENTRAL,Delhi,,,2026-01-01,CLOSED
S18406,Store_18406,EAST,,,India,2022-04-17,CLOSED
S18407,Store_18407,,Bengaluru,DL,,2023-09-03,RENOVATION
S18408,Store_18408,SOUTH,Pune,MP,,,CLOSED
S18409,Store_18409,,,DL,India,2021-07-16,OPEN
S18410,,SOUTH,,TN,India,2022-08-14,CLOSED
S18411,,,Kochi,MP,India,2022-06-27,OPEN
S18412,Store_18412,NORTH,Kochi,,,2024-06-08,OPEN
S18413,Store_18413,SOUTH,Chennai,,India,2022-02-23,
S18414,,NORTH,Indore,WB,,2021-10-31,OPEN
S18415,Store_18415,,Kolkata,KL,India,2022-11-15,
S18416,Store_18416,CENTRAL,,MH,India,,OPEN
,Store_18417,,Mumbai,WB,India,2023-01-19,OPEN
S18418,Store_18418,SOUTH,,KA,India,2023-01-20,
S18419,Store_18419,,Pune,WB,India,,RENOVATION
,Store_18420,CENTRAL,Indore,TN,India,,CLOSED
S18421,Store_18421,,Indore,DL,,2025-01-29,RENOVATION
S18422,Store_18422,,,WB,India,2022-10-22,CLOSED
S18423,Store_18423,EAST,Kochi,TS,,,RENOVATION
S18424,,WEST,Pune,WB,India,2022-08-03,
,Store_18425,SOUTH,Pune,RJ,,2025-10-19,RENOVATION
S18426,Store_18426,,Jaipur,MP,India,,RENOVATION
S18427,Store_18427,,Indore,RJ,India,2021-10-09,
,Store_18428,,Jaipur,KL,India,2023-12-23,CLOSED
S18429,Store_18429,WEST,Hyderabad,KL,,,CLOSED
S18430,Store_18430,CENTRAL,Indore,,,2025-10-05,RENOVATION
S18431,Store_18431,CENTRAL,Pune,RJ,,,OPEN
,Store_18432,EAST,Bengaluru,MP,India,,RENOVATION
S18433,,EAST,Kochi,,India,2022-11-01,OPEN
S18434,Store_18434,,Kolkata,WB,India,2023-07-23,
S18435,Store_18435,EAST,Mumbai,TN,,,RENOVATION
,Store_18436,NORTH,Kochi,RJ,India,2023-11-03,
S18437,Store_18437,CENTRAL,Mumbai,,India,2025-11-27,
S18438,Store_18438,,Indore,TS,,2024-09-12,RENOVATION
S18439,,CENTRAL,Kolkata,DL,India,2021-08-19,
,Store_18440,CENTRAL,Bengaluru,,India,2025-09-30,CLOSED
S18441,Store_18441,CENTRAL,,KL,,2025-01-25,RENOVATION
,,WEST,Jaipur,MH,India,2022-01-06,RENOVATION
S18443,,CENTRAL,Delhi,RJ,India,,OPEN
S18444,Store_18444,,Jaipur,,India,2025-12-06,RENOVATION
S18445,,,Jaipur,TS,India,2024-07-30,RENOVATION
,Store_18446,WEST,,RJ,India,2024-01-09,RENOVATION
,Store_18447,,Jaipur,WB,India,2022-08-31,CLOSED
,Store_18448,NORTH,Kolkata,DL,India,,CLOSED
S18449,Store_18449,,Kolkata,,India,2022-09-25,OPEN
,Store_18450,CENTRAL,,KA,India,2023-04-19,OPEN
S18451,Store_18451,WEST,,MH,India,,CLOSED
S18452,Store_18452,,Kolkata,,India,2021-06-01,CLOSED
,Store_18453,CENTRAL,Mumbai,,India,2023-01-05,OPEN
S18454,,SOUTH,Delhi,MP,India,,RENOVATION
,,CENTRAL,Pune,WB,India,2025-01-26,RENOVATION
,Store_18456,CENTRAL,Kolkata,WB,,2021-05-28,CLOSED
S18457,Store_18457,,,MP,India,2025-02-22,RENOVATION
S18458,Store_18458,,Indore,TN,,2026-01-28,RENOVATION
,Store_18459,NORTH,Delhi,,India,2025-05-06,CLOSED
S18460,Store_18460,NORTH,Pune,MP,India,,
S18461,Store_18461,,Hyderabad,KA,India,2023-11-21,
S18462,Store_18462,SOUTH,,,India,2022-04-27,OPEN
,,CENTRAL,Hyderabad,TN,India,2025-12-21,OPEN
S18464,Store_18464,,Pune,,India,2022-02-09,OPEN
S18465,Store_18465,,Delhi,,India,2024-11-29,OPEN
,Store_18466,,Hyderabad,TS,India,2025-02-05,OPEN
S18467,,CENTRAL,Kochi,RJ,India,,RENOVATION
,Store_18468,WEST,Indore,,India,2021-12-20,RENOVATION
S18469,,EAST,Kolkata,,India,2023-12-04,CLOSED
,Store_18470,CENTRAL,Delhi,TN,India,,RENOVATION
S18471,Store_18471,,Mumbai,TN,India,2021-05-19,
,Store_18472,EAST,Chennai,RJ,India,2024-01-18,
S18473,Store_18473,,Mumbai,,India,2024-11-26,RENOVATION
S18474,Store_18474,,Bengaluru,KL,India,,OPEN
S18475,Store_18475,,Kochi,DL,India,,CLOSED
S18476,,,Jaipur,TN,India,2022-11-07,OPEN
S18477,Store_18477,EAST,Bengaluru,RJ,India,,
,Store_18478,SOUTH,,WB,India,2022-11-05,CLOSED
S18479,,,Mumbai,MH,India,2023-02-02,OPEN
,Store_18480,WEST,,MH,India,2021-12-08,CLOSED
S18481,Store_18481,SOUTH,,MP,India,2023-03-01,
S18482,Store_18482,EAST,Chennai,TN,India,,
S18483,,NORTH,Pune,RJ,,2021-09-20,RENOVATION
S18484,,NORTH,Kolkata,KA,India,2025-03-20,
S18485,Store_18485,NORTH,Bengaluru,TN,,2025-12-30,
S18486,Store_18486,EAST,,MP,India,,CLOSED
S18487,Store_18487,NORTH,Mumbai,,India,,CLOSED
S18488,Store_18488,NORTH,Chennai,TN,,2024-08-16,
S18489,Store_18489,CENTRAL,,,India,2023-07-21,OPEN
S18490,,NORTH,Kolkata,WB,India,2024-02-10,
S18491,Store_18491,CENTRAL,,RJ,,2023-08-15,CLOSED
S18492,Store_18492,NORTH,Pune,WB,India,,
,Store_18493,CENTRAL,Hyderabad,KA,,2023-10-03,CLOSED
S18494,Store_18494,NORTH,,,India,2024-07-06,CLOSED
S18495,Store_18495,EAST,Kolkata,,India,,CLOSED
S18496,Store_18496,NORTH,Pune,,,2022-04-25,RENOVATION
S18497,,,Delhi,KA,India,2025-05-01,OPEN
,Store_18498,NORTH,Pune,MP,India,2022-10-06,
S18499,Store_18499,EAST,Indore,RJ,,,OPEN
S18500,Store_18500,,Hyderabad,RJ,India,2024-02-04,
,,WEST,Chennai,MP,India,2022-05-06,RENOVATION
,Store_18502,NORTH,,KL,India,2023-11-21,CLOSED
S18503,Store_18503,CENTRAL,Bengaluru,KA,,,RENOVATION
,Store_18504,,Indore,TS,India,2024-08-08,RENOVATION
S18505,Store_18505,,,MP,India,2025-01-28,CLOSED
,Store_18506,,Bengaluru,RJ,India,2026-01-25,RENOVATION
S18507,Store_18507,EAST,Hyderabad,,India,,CLOSED
,Store_18508,SOUTH,Delhi,,India,2023-09-01,OPEN
,Store_18509,WEST,Kochi,,India,2022-08-31,OPEN
S18510,,EAST,,DL,India,2024-10-04,RENOVATION
S18511,Store_18511,CENTRAL,,WB,India,,OPEN
,Store_18512,NORTH,Pune,KA,India,,OPEN
S18513,,CENTRAL,Indore,,India,2021-02-04,OPEN
,Store_18514,EAST,,DL,India,2024-09-19,RENOVATION
,Store_18515,NORTH,Mumbai,RJ,India,,CLOSED
S18516,Store_18516,CENTRAL,Kochi,TS,,2021-07-31,
S18517,Store_18517,EAST,Delhi,,,2021-10-24,CLOSED
S18518,,,Bengaluru,MH,India,2024-10-28,RENOVATION
,Store_18519,,Jaipur,KA,India,2023-05-21,OPEN
,Store_18520,CENTRAL,Bengaluru,MP,India,,CLOSED
,Store_18521,,Delhi,TS,India,2022-09-03,RENOVATION
S18522,Store_18522,CENTRAL,,KA,,2022-07-06,CLOSED
,Store_18523,NORTH,Jaipur,DL,India,,CLOSED
,Store_18524,CENTRAL,Kolkata,TN,,2023-11-06,RENOVATION
S18525,Store_18525,,Mumbai,MH,India,,OPEN
S18526,Store_18526,CENTRAL,Chennai,WB,,,OPEN
S18527,Store_18527,,Kolkata,MP,India,,OPEN
S18528,Store_18528,SOUTH,Mumbai,,,2023-03-02,RENOVATION
,Store_18529,CENTRAL,Kolkata,TN,India,2021-11-29,
S18530,Store_18530,SOUTH,Indore,WB,India,,
,Store_18531,,Bengaluru,DL,India,2022-07-07,OPEN
S18532,,CENTRAL,Pune,,India,2025-08-18,RENOVATION
S18533,Store_18533,,Bengaluru,TN,,2021-11-25,CLOSED
S18534,Store_18534,NORTH,Hyderabad,KA,,2023-02-10,
S18535,,EAST,Jaipur,,India,2021-12-03,RENOVATION
S18536,Store_18536,SOUTH,Chennai,,India,2023-07-27,
S18537,,,Pune,TN,India,2022-08-04,OPEN
S18538,Store_18538,,Jaipur,RJ,India,,RENOVATION
S18539,,NORTH,Kochi,KL,,2025-01-22,CLOSED
S18540,,WEST,,DL,India,2022-01-16,OPEN
,Store_18541,SOUTH,Mumbai,MH,India,,CLOSED
S18542,Store_18542,SOUTH,Kolkata,,,2024-02-28,CLOSED
,,EAST,Kochi,WB,India,2025-04-30,CLOSED
,Store_18544,WEST,Bengaluru,WB,India,,RENOVATION
S18545,Store_18545,,,MH,India,2023-04-20,CLOSED
S18546,Store_18546,SOUTH,,KL,,2022-02-21,CLOSED
S18547,Store_18547,CENTRAL,Indore,,,2023-10-01,RENOVATION
,Store_18548,,Mumbai,KL,India,2024-06-26,CLOSED
S18549,Store_18549,,,MH,India,2025-11-10,RENOVATION
,Store_18550,CENTRAL,Bengaluru,KL,India,,CLOSED
S18551,,SOUTH,,TS,India,2022-03-31,CLOSED
S18552,,NORTH,Kochi,MP,India,2024-05-15,
S18553,,,Pune,DL,India,2022-02-19,OPEN
S18554,Store_18554,WEST,Delhi,DL,India,,
S18555,Store_18555,CENTRAL,Jaipur,,India,2022-01-03,
S18556,Store_18556,NORTH,Mumbai,,India,,RENOVATION
,Store_18557,NORTH,,RJ,India,2023-02-05,RENOVATION
S18558,Store_18558,,Bengaluru,,India,2023-01-14,CLOSED
S18559,Store_18559,SOUTH,,RJ,,2023-02-02,CLOSED
S18560,Store_18560,WEST,Jaipur,,India,,RENOVATION
S18561,Store_18561,NORTH,,MH,India,2022-03-30,
S18562,Store_18562,,Kochi,,India,2024-10-19,RENOVATION
S18563,,,Bengaluru,KL,India,2022-08-13,RENOVATION
S18564,Store_18564,,Indore,WB,,2021-08-27,CLOSED
S18565,Store_18565,,Delhi,,India,2024-06-09,RENOVATION
S18566,Store_18566,SOUTH,Kolkata,,,2024-07-05,CLOSED
S18567,Store_18567,,Mumbai,,India,2024-09-12,RENOVATION
S18568,,CENTRAL,Bengaluru,,India,2021-05-07,RENOVATION
S18569,,WEST,Jaipur,MH,,2021-03-25,OPEN
,Store_18570,NORTH,Hyderabad,RJ,India,,RENOVATION
,Store_18571,CENTRAL,Bengaluru,,India,2024-06-30,OPEN
S18572,Store_18572,,Kochi,,India,2021-12-17,RENOVATION
S18573,Store_18573,WEST,Delhi,TS,,,OPEN
,Store_18574,CENTRAL,Indore,,India,2023-01-08,RENOVATION
,Store_18575,CENTRAL,Chennai,MH,India,2024-12-14,
S18576,Store_18576,NORTH,Indore,,,2021-02-25,OPEN
S18577,Store_18577,,Bengaluru,DL,India,,RENOVATION
S18578,Store_18578,EAST,,MH,India,,OPEN
S18579,,WEST,,MH,India,2021-12-14,RENOVATION
S18580,Store_18580,CENTRAL,Delhi,,,2025-12-26,OPEN
S18581,Store_18581,CENTRAL,,WB,India,,RENOVATION
S18582,Store_18582,CENTRAL,,KL,India,,CLOSED
,Store_18583,EAST,Kochi,KL,,2023-04-22,RENOVATION
S18584,,WEST,Hyderabad,RJ,India,2025-11-14,
,Store_18585,SOUTH,Kolkata,,India,2025-11-25,RENOVATION
S18586,Store_18586,SOUTH,Delhi,TS,,,CLOSED
S18587,Store_18587,EAST,,DL,India,,RENOVATION
S18588,Store_18588,EAST,Delhi,,India,2022-06-17,
S18589,,EAST,Indore,TS,India,,OPEN
S18590,Store_18590,,Chennai,TS,India,2021-03-25,
,Store_18591,WEST,Delhi,TN,,2022-11-04,OPEN
S18592,Store_18592,,Indore,,India,2023-07-03,RENOVATION
S18593,Store_18593,WEST,,DL,India,,OPEN
,Store_18594,SOUTH,Delhi,DL,India,,RENOVATION
,Store_18595,NORTH,,TS,India,2026-01-15,RENOVATION
S18596,Store_18596,,Jaipur,MH,,2025-12-19,OPEN
S18597,Store_18597,,,RJ,India,2022-01-17,OPEN
S18598,,NORTH,,KA,India,2021-06-05,OPEN
S18599,,,Chennai,DL,India,2021-12-18,OPEN
S18600,,CENTRAL,Kolkata,TS,India,2023-06-07,
S18601,Store_18601,NORTH,,,India,2025-05-28,OPEN
S18602,Store_18602,,Pune,,India,2025-01-29,CLOSED
S18603,Store_18603,,Kochi,KL,,2021-03-05,CLOSED
S18604,,NORTH,Mumbai,WB,,2021-03-18,RENOVATION
S18605,Store_18605,CENTRAL,Kolkata,,India,2025-06-26,
,,CENTRAL,Jaipur,MH,India,2023-11-04,OPEN
S18607,Store_18607,CENTRAL,Indore,,India,2023-02-02,
S18608,,SOUTH,Pune,RJ,India,,RENOVATION
S18609,Store_18609,,Indore,,India,2025-02-14,OPEN
S18610,,,Pune,KL,India,2025-04-29,OPEN
S18611,,,Bengaluru,KL,India,2025-03-12,CLOSED
S18612,Store_18612,,Indore,TN,India,2021-10-14,
S18613,Store_18613,WEST,,KA,India,,RENOVATION
,Store_18614,EAST,Chennai,RJ,India,2025-08-21,
,Store_18615,WEST,Kolkata,RJ,India,,CLOSED
,Store_18616,EAST,Pune,WB,,2021-09-12,CLOSED
S18617,Store_18617,,Kolkata,KL,India,2022-04-20,
S18618,,,Indore,MP,India,2021-08-13,OPEN
S18619,Store_18619,WEST,Jaipur,,India,,OPEN
,Store_18620,EAST,Jaipur,,India,2021-11-25,CLOSED
S18621,Store_18621,,Kolkata,,India,2023-11-07,OPEN
S18622,,CENTRAL,Kolkata,MH,India,2023-03-25,
S18623,Store_18623,SOUTH,,KL,India,,CLOSED
S18624,,EAST,Jaipur,MH,,2022-10-09,CLOSED
S18625,Store_18625,CENTRAL,Kolkata,,India,2023-05-31,
S18626,Store_18626,EAST,,,India,2024-06-09,RENOVATION
,Store_18627,NORTH,Hyderabad,MP,India,2023-05-04,
S18628,,SOUTH,Kochi,KA,,2024-01-17,RENOVATION
S18629,Store_18629,,Mumbai,TS,India,,CLOSED
S18630,Store_18630,,Mumbai,MH,India,,CLOSED
,Store_18631,WEST,Chennai,,India,2024-12-22,CLOSED
S18632,,SOUTH,Kochi,,India,2022-11-02,OPEN
S18633,Store_18633,SOUTH,Jaipur,,India,2024-08-14,
S18634,Store_18634,NORTH,Kolkata,MP,India,,
S18635,Store_18635,SOUTH,Kolkata,KA,India,,
S18636,Store_18636,SOUTH,Kochi,,India,2022-09-16,
S18637,,NORTH,Bengaluru,MH,,2021-10-30,RENOVATION
S18638,,,Bengaluru,TS,India,2024-12-03,RENOVATION
S18639,,EAST,Jaipur,,India,2021-03-09,CLOSED
S18640,,NORTH,Chennai,KA,India,2021-05-11,
S18641,Store_18641,NORTH,Hyderabad,,,2025-11-28,OPEN
S18642,Store_18642,,Chennai,KL,India,2022-06-21,
,,NORTH,Hyderabad,TS,India,2024-08-04,RENOVATION
S18644,Store_18644,WEST,Jaipur,,India,2021-09-01,
S18645,Store_18645,SOUTH,Bengaluru,KL,,,CLOSED
S18646,Store_18646,NORTH,,TN,,2024-11-14,RENOVATION
S18647,Store_18647,EAST,Indore,,,2022-05-11,OPEN
S18648,Store_18648,NORTH,Hyderabad,MP,,,OPEN
S18649,Store_18649,EAST,Bengaluru,,India,,OPEN
S18650,Store_18650,,Kochi,RJ,India,,RENOVATION
S18651,Store_18651,CENTRAL,,TN,,2024-10-19,OPEN
S18652,,,Mumbai,KA,India,2023-12-05,CLOSED
S18653,,SOUTH,,DL,India,2024-03-30,CLOSED
S18654,Store_18654,NORTH,,,India,2021-07-25,RENOVATION
S18655,Store_18655,,Chennai,WB,India,2024-07-21,
S18656,Store_18656,,Pune,WB,,2024-01-24,OPEN
S18657,Store_18657,,Delhi,TN,India,,CLOSED
S18658,Store_18658,,Delhi,KL,India,,RENOVATION
S18659,Store_18659,NORTH,Delhi,,India,2025-05-04,
,Store_18660,NORTH,Delhi,DL,India,,CLOSED
S18661,Store_18661,SOUTH,,RJ,India,2023-04-13,
S18662,,SOUTH,,RJ,India,2024-03-04,RENOVATION
S18663,Store_18663,,Jaipur,,India,2022-10-19,RENOVATION
S18664,,EAST,,KL,India,2024-11-22,OPEN
,Store_18665,,Chennai,MP,India,2022-11-07,RENOVATION
S18666,,NORTH,,DL,India,2025-07-24,RENOVATION
S18667,Store_18667,SOUTH,Chennai,KL,India,,
,,SOUTH,Bengaluru,KA,India,2022-10-23,OPEN
S18669,,CENTRAL,Mumbai,MH,India,2021-09-29,
S18670,,CENTRAL,Kochi,RJ,,2021-02-21,CLOSED
S18671,,WEST,Hyderabad,TN,India,,CLOSED
S18672,,SOUTH,Chennai,,India,2022-10-07,OPEN
S18673,Store_18673,CENTRAL,Hyderabad,,India,2022-03-11,
S18674,,,Pune,KL,India,2025-12-01,OPEN
S18675,Store_18675,,Pune,TN,India,2024-05-10,
,,SOUTH,Mumbai,MP,India,2025-06-02,OPEN
S18677,,WEST,Bengaluru,,India,2023-06-04,OPEN
S18678,Store_18678,NORTH,,TN,India,2023-09-28,
S18679,Store_18679,,Bengaluru,MH,India,,CLOSED
S18680,Store_18680,NORTH,,,India,2023-01-12,OPEN
,Store_18681,CENTRAL,Bengaluru,TS,India,2024-06-02,
S18682,Store_18682,,,KL,India,2021-12-19,RENOVATION
S18683,Store_18683,,Delhi,TN,,2021-12-23,OPEN
,Store_18684,CENTRAL,,DL,India,2024-11-03,OPEN
S18685,Store_18685,,,WB,India,2024-12-26,RENOVATION
,Store_18686,NORTH,Mumbai,KL,India,,CLOSED
S18687,Store_18687,,Chennai,TN,,2022-06-20,OPEN
S18688,Store_18688,SOUTH,,WB,India,,OPEN
S18689,Store_18689,NORTH,Kochi,,India,2025-07-20,
,Store_18690,WEST,Mumbai,,India,2022-07-29,CLOSED
S18691,Store_18691,,Chennai,TS,India,2024-05-03,
S18692,Store_18692,SOUTH,,TN,India,2024-08-24,
S18693,Store_18693,NORTH,,MH,India,2023-03-02,
,Store_18694,NORTH,Kochi,,India,2022-03-01,OPEN
,Store_18695,CENTRAL,Delhi,,India,2021-06-17,OPEN
,Store_18696,SOUTH,Hyderabad,MP,India,,RENOVATION
S18697,Store_18697,,Hyderabad,KL,India,,OPEN
S18698,,SOUTH,Jaipur,DL,India,2021-06-19,
S18699,Store_18699,,,KL,India,2023-04-14,CLOSED
S18700,Store_18700,CENTRAL,,KA,India,2022-07-16,
S18701,Store_18701,,Delhi,,India,2023-09-07,OPEN
S18702,Store_18702,SOUTH,Delhi,,India,,RENOVATION
S18703,Store_18703,CENTRAL,,KA,India,,CLOSED
S18704,Store_18704,SOUTH,Kochi,DL,India,,
S18705,Store_18705,NORTH,,DL,India,2023-11-30,
S18706,Store_18706,,Chennai,WB,,2021-10-13,CLOSED
S18707,Store_18707,NORTH,,RJ,India,2023-12-20,
S18708,Store_18708,SOUTH,Kolkata,,India,2023-12-18,
S18709,,NORTH,Chennai,,India,2025-05-15,RENOVATION
S18710,,SOUTH,Kochi,KA,,2023-12-16,CLOSED
S18711,Store_18711,,Delhi,,India,2022-03-14,OPEN
S18712,,CENTRAL,,TN,India,2023-12-24,CLOSED
S18713,Store_18713,CENTRAL,Hyderabad,KA,India,,
,Store_18714,EAST,Hyderabad,,India,2023-06-04,RENOVATION
S18715,Store_18715,CENTRAL,,RJ,India,,OPEN
,Store_18716,WEST,Delhi,MH,,2024-04-03,OPEN
S18717,,EAST,Kochi,RJ,India,2021-12-20,
S18718,Store_18718,CENTRAL,Hyderabad,WB,India,,
,Store_18719,SOUTH,Indore,KL,,2024-08-31,CLOSED
S18720,Store_18720,,Kolkata,,India,2024-01-23,RENOVATION
,Store_18721,SOUTH,Kolkata,DL,India,,OPEN
S18722,Store_18722,CENTRAL,Bengaluru,RJ,,,RENOVATION
S18723,,,Kochi,DL,India,2023-04-28,CLOSED
S18724,Store_18724,EAST,Kochi,,India,,CLOSED
,Store_18725,,Delhi,MH,India,2025-10-12,RENOVATION
S18726,Store_18726,,Pune,KA,India,,RENOVATION
S18727,Store_18727,EAST,Pune,,,2022-11-23,RENOVATION
S18728,Store_18728,SOUTH,Delhi,,,2021-10-22,CLOSED
S18729,Store_18729,,Jaipur,RJ,India,,OPEN
S18730,Store_18730,,Indore,TN,India,2024-06-22,
S18731,Store_18731,EAST,,TS,India,2023-05-23,
S18732,Store_18732,CENTRAL,Indore,,India,,CLOSED
S18733,Store_18733,CENTRAL,Jaipur,TS,,,RENOVATION
S18734,Store_18734,WEST,,WB,India,2025-11-10,
S18735,Store_18735,CENTRAL,,MH,India,,RENOVATION
S18736,,EAST,Kochi,RJ,,2025-04-16,OPEN
S18737,Store_18737,SOUTH,,KL,India,,OPEN
,Store_18738,SOUTH,Delhi,,India,2022-10-03,CLOSED
,Store_18739,SOUTH,Kochi,MP,,2021-12-11,OPEN
S18740,Store_18740,SOUTH,Hyderabad,,,2025-12-14,RENOVATION
S18741,Store_18741,CENTRAL,Kolkata,,India,,OPEN
,Store_18742,WEST,Kolkata,DL,India,,CLOSED
,Store_18743,WEST,,KL,India,2023-03-04,CLOSED
,Store_18744,SOUTH,Chennai,MH,India,,RENOVATION
S18745,,NORTH,Delhi,MH,India,,OPEN
S18746,,NORTH,Delhi,WB,India,2021-08-12,
S18747,Store_18747,WEST,,WB,India,,OPEN
S18748,Store_18748,,Bengaluru,,India,2025-03-17,RENOVATION
S18749,Store_18749,,Indore,DL,,2023-03-31,CLOSED
,Store_18750,EAST,Bengaluru,MP,,2022-07-21,OPEN
,Store_18751,NORTH,Bengaluru,TS,India,,CLOSED
S18752,Store_18752,CENTRAL,,,India,2022-08-12,RENOVATION
,Store_18753,,Hyderabad,RJ,India,2023-07-16,RENOVATION
S18754,Store_18754,WEST,Pune,DL,,,CLOSED
,Store_18755,EAST,,TS,India,2022-05-07,RENOVATION
,Store_18756,SOUTH,Indore,TN,India,2022-03-24,
S18757,Store_18757,,Pune,MP,India,2025-12-05,
S18758,,WEST,Jaipur,WB,India,2021-10-05,
S18759,Store_18759,SOUTH,Kolkata,,India,,RENOVATION
S18760,Store_18760,WEST,,,India,2023-05-22,RENOVATION
S18761,,EAST,Kolkata,WB,,2021-12-20,CLOSED
S18762,Store_18762,WEST,,KL,,2022-04-25,RENOVATION
,Store_18763,,Bengaluru,TS,India,2023-08-17,RENOVATION
,Store_18764,NORTH,Mumbai,,India,2022-02-08,OPEN
S18765,Store_18765,,Pune,KA,India,2022-05-14,
S18766,,SOUTH,Delhi,,India,2021-12-30,RENOVATION
S18767,,WEST,Chennai,TN,India,2023-11-28,
,Store_18768,WEST,,KL,India,2023-02-22,RENOVATION
S18769,Store_18769,CENTRAL,Pune,,,2025-11-25,RENOVATION
,Store_18770,CENTRAL,Indore,TN,,2021-05-23,OPEN
S18771,Store_18771,,Jaipur,,India,2025-10-17,RENOVATION
,Store_18772,WEST,Hyderabad,TN,India,2025-02-18,
S18773,Store_18773,WEST,Kolkata,,,2025-07-10,CLOSED
S18774,Store_18774,,Hyderabad,DL,,2022-02-28,OPEN
,Store_18775,WEST,Bengaluru,KA,,2022-09-11,RENOVATION
,Store_18776,EAST,Hyderabad,KL,India,2023-08-05,
S18777,Store_18777,EAST,Delhi,TS,India,,
S18778,Store_18778,NORTH,,,India,2026-01-26,OPEN
S18779,Store_18779,EAST,Bengaluru,,India,2021-11-06,
S18780,Store_18780,,,WB,India,2023-01-22,CLOSED
,Store_18781,,Pune,RJ,India,2022-09-20,CLOSED
S18782,Store_18782,CENTRAL,,TS,India,,OPEN
,Store_18783,CENTRAL,Kochi,WB,India,,CLOSED
S18784,,,Mumbai,KL,India,2022-03-07,RENOVATION
,Store_18785,SOUTH,Chennai,,India,2022-09-05,CLOSED
,Store_18786,CENTRAL,Bengaluru,DL,India,,CLOSED
S18787,Store_18787,,,MH,India,2025-05-05,OPEN
S18788,Store_18788,,Hyderabad,RJ,India,,CLOSED
S18789,Store_18789,CENTRAL,,,India,2025-07-06,OPEN
,Store_18790,WEST,Indore,TN,India,,CLOSED
S18791,Store_18791,SOUTH,,KA,India,,RENOVATION
,,WEST,Hyderabad,MH,India,2024-10-28,OPEN
,Store_18793,,Kolkata,KA,India,2023-07-24,CLOSED
S18794,Store_18794,EAST,Delhi,,India,,RENOVATION
S18795,Store_18795,,Kochi,DL,India,2022-08-02,
S18796,Store_18796,CENTRAL,Kochi,,,2024-10-10,CLOSED
,Store_18797,WEST,,DL,India,2025-05-15,CLOSED
S18798,,WEST,Pune,,India,2023-11-22,CLOSED
,Store_18799,WEST,Kochi,,India,2023-01-28,RENOVATION
S18800,,SOUTH,Mumbai,MP,India,,OPEN
S18801,Store_18801,,Pune,DL,India,2023-11-17,
S18802,Store_18802,NORTH,Pune,KL,India,,
S18803,Store_18803,,Jaipur,MP,,2021-04-06,RENOVATION
S18804,Store_18804,CENTRAL,,KL,India,,CLOSED
S18805,,CENTRAL,Jaipur,,India,2023-01-13,CLOSED
,Store_18806,,Kochi,DL,India,2025-07-23,CLOSED
,,CENTRAL,Mumbai,MH,India,2025-04-28,RENOVATION
S18808,Store_18808,,Delhi,KA,,2021-08-24,RENOVATION
S18809,,SOUTH,Pune,DL,India,,CLOSED
S18810,,CENTRAL,Chennai,KL,,2021-08-28,OPEN
S18811,,,Pune,MH,India,2021-08-29,RENOVATION
S18812,Store_18812,,Hyderabad,KL,India,2023-04-05,
S18813,Store_18813,NORTH,,WB,,2024-11-15,CLOSED
S18814,,,Chennai,MP,India,2021-07-20,CLOSED
S18815,Store_18815,WEST,,WB,India,2021-02-19,
S18816,Store_18816,CENTRAL,Chennai,DL,India,,
,Store_18817,WEST,Kochi,WB,India,2025-11-26,
,Store_18818,SOUTH,,TS,India,2021-12-06,OPEN
,Store_18819,EAST,Kochi,,India,2024-09-28,RENOVATION
S18820,Store_18820,SOUTH,Bengaluru,,,2025-03-19,RENOVATION
S18821,Store_18821,NORTH,Pune,,India,,CLOSED
S18822,Store_18822,WEST,,TN,,2021-08-24,RENOVATION
S18823,Store_18823,EAST,Pune,,India,2021-02-28,
,Store_18824,SOUTH,,RJ,India,2021-10-24,RENOVATION
S18825,Store_18825,NORTH,Mumbai,,India,,CLOSED
S18826,Store_18826,,Chennai,MH,India,,RENOVATION
S18827,Store_18827,NORTH,Mumbai,WB,,2023-01-29,
S18828,Store_18828,,Kolkata,MH,India,,RENOVATION
,Store_18829,,Pune,TN,India,2025-05-19,OPEN
S18830,Store_18830,WEST,,KL,,2024-03-30,CLOSED
S18831,Store_18831,EAST,Delhi,TS,India,,
S18832,Store_18832,CENTRAL,,KL,,2021-11-28,RENOVATION
S18833,Store_18833,CENTRAL,Indore,WB,,2024-12-10,
S18834,Store_18834,CENTRAL,,TS,India,2023-11-20,
S18835,Store_18835,WEST,,KL,,2022-12-09,RENOVATION
,,CENTRAL,Pune,WB,India,2021-02-28,OPEN
S18837,,EAST,Jaipur,,India,2022-01-10,CLOSED
S18838,Store_18838,CENTRAL,,,India,2021-10-25,CLOSED
,Store_18839,CENTRAL,Chennai,TS,India,2021-12-18,
S18840,Store_18840,EAST,,,India,2023-12-18,CLOSED
,Store_18841,NORTH,Mumbai,KL,,2023-02-20,OPEN
,,EAST,Delhi,WB,India,2021-11-17,OPEN
,Store_18843,NORTH,,TS,India,2021-09-07,RENOVATION
S18844,Store_18844,EAST,Hyderabad,TN,,2025-09-12,
,Store_18845,SOUTH,,TN,India,2024-03-19,CLOSED
,Store_18846,CENTRAL,Chennai,KL,,2024-11-13,CLOSED
S18847,Store_18847,,Mumbai,MH,India,,RENOVATION
S18848,Store_18848,,Kochi,,India,2021-04-24,OPEN
S18849,,,Chennai,TN,India,2021-04-20,OPEN
S18850,Store_18850,EAST,Pune,,India,2021-10-12,
,Store_18851,,Hyderabad,DL,India,2021-11-24,CLOSED
S18852,,SOUTH,Bengaluru,,India,2023-08-04,OPEN
,Store_18853,,Bengaluru,WB,India,2024-04-05,OPEN
S18854,Store_18854,SOUTH,Bengaluru,TN,,,CLOSED
S18855,Store_18855,EAST,,KL,,2022-12-22,OPEN
S18856,,EAST,Bengaluru,KA,India,,OPEN
,Store_18857,WEST,Chennai,MH,India,,CLOSED
S18858,,SOUTH,Jaipur,TS,India,,CLOSED
S18859,Store_18859,,Kochi,,India,2021-11-13,RENOVATION
S18860,Store_18860,WEST,,WB,India,2022-06-13,
S18861,Store_18861,NORTH,Jaipur,TS,,,CLOSED
S18862,Store_18862,,Kolkata,,India,2021-07-21,CLOSED
S18863,,,Indore,DL,India,2024-05-31,OPEN
,Store_18864,,Indore,DL,India,2023-07-11,CLOSED
S18865,Store_18865,WEST,Indore,MP,,2022-08-06,
S18866,,EAST,Mumbai,RJ,,2024-03-01,OPEN
S18867,Store_18867,CENTRAL,Jaipur,,India,,OPEN
S18868,Store_18868,CENTRAL,Delhi,,,2021-09-30,CLOSED
,Store_18869,CENTRAL,Kolkata,,India,2024-03-08,RENOVATION
,,CENTRAL,Kolkata,TN,India,2025-09-02,OPEN
S18871,Store_18871,,Kolkata,KA,India,2024-02-20,
S18872,Store_18872,SOUTH,Indore,TN,India,,
S18873,,EAST,,TS,India,2021-06-06,RENOVATION
,Store_18874,EAST,,MP,India,2025-03-12,OPEN
S18875,Store_18875,CENTRAL,,,India,2022-10-14,RENOVATION
S18876,Store_18876,,Kochi,TN,,2023-08-22,CLOSED
S18877,Store_18877,,,WB,India,2022-10-03,RENOVATION
S18878,Store_18878,WEST,,TN,India,2024-07-30,
,Store_18879,,Indore,MP,India,2022-10-04,CLOSED
,Store_18880,,Delhi,WB,India,2021-08-05,CLOSED
S18881,Store_18881,,Pune,MH,India,2024-12-16,
S18882,Store_18882,CENTRAL,Pune,,India,,RENOVATION
,Store_18883,EAST,Jaipur,WB,,2024-01-21,CLOSED
S18884,,,Mumbai,TN,India,2023-09-07,OPEN
S18885,,WEST,,RJ,India,2023-07-20,CLOSED
,Store_18886,CENTRAL,Hyderabad,,India,2021-06-25,OPEN
S18887,Store_18887,NORTH,Mumbai,KA,India,,
S18888,Store_18888,SOUTH,,KA,,2023-03-07,RENOVATION
S18889,Store_18889,SOUTH,Hyderabad,,India,,CLOSED
S18890,Store_18890,CENTRAL,,,India,2024-12-11,RENOVATION
,Store_18891,WEST,Delhi,KA,,2024-07-27,RENOVATION
,Store_18892,CENTRAL,Mumbai,TN,India,,RENOVATION
S18893,Store_18893,,Hyderabad,RJ,India,2022-09-16,
S18894,Store_18894,CENTRAL,Indore,MP,,2021-12-17,
,Store_18895,SOUTH,,KL,India,2025-05-16,CLOSED
S18896,,NORTH,,TS,India,2022-07-22,CLOSED
S18897,Store_18897,EAST,Mumbai,,India,2024-04-16,
S18898,Store_18898,EAST,Kolkata,TS,India,,
S18899,Store_18899,WEST,,,India,2024-10-18,OPEN
S18900,Store_18900,SOUTH,,,India,2022-10-30,OPEN
S18901,Store_18901,,,MH,India,2021-06-11,RENOVATION
,Store_18902,,Kochi,MH,India,2021-12-08,CLOSED
,Store_18903,,Mumbai,KL,India,2025-04-06,OPEN
,Store_18904,NORTH,Delhi,RJ,,2022-01-27,CLOSED
S18905,Store_18905,,Kochi,,India,2022-05-27,CLOSED
S18906,,CENTRAL,Hyderabad,MP,India,2024-07-09,
S18907,,NORTH,Kolkata,WB,India,2021-05-16,
,Store_18908,EAST,,TS,India,2023-08-04,OPEN
S18909,Store_18909,EAST,,TS,India,,RENOVATION
,Store_18910,NORTH,,TN,India,2023-04-30,CLOSED
S18911,,,Chennai,TN,India,2021-05-24,OPEN
,Store_18912,WEST,Kolkata,,India,2023-12-14,OPEN
S18913,Store_18913,,Jaipur,TS,India,2021-09-09,
S18914,Store_18914,EAST,Mumbai,WB,,,OPEN
S18915,Store_18915,WEST,Bengaluru,MH,,,OPEN
,Store_18916,,Jaipur,TS,India,2023-02-14,CLOSED
,Store_18917,CENTRAL,,RJ,India,2025-02-01,CLOSED
S18918,Store_18918,,,DL,India,2022-08-27,RENOVATION
S18919,Store_18919,EAST,,TS,India,,RENOVATION
,Store_18920,WEST,Hyderabad,,India,2024-08-21,OPEN
S18921,Store_18921,,Pune,,India,2023-03-22,RENOVATION
S18922,,NORTH,Hyderabad,,India,2023-05-25,RENOVATION
S18923,,NORTH,,MH,India,2022-11-27,CLOSED
S18924,Store_18924,EAST,Kochi,,India,,OPEN
S18925,Store_18925,WEST,Delhi,KA,,,RENOVATION
S18926,Store_18926,,,RJ,India,2025-07-06,CLOSED
S18927,Store_18927,CENTRAL,,KA,India,2021-06-27,
S18928,,SOUTH,Jaipur,MH,India,2022-02-24,
S18929,Store_18929,CENTRAL,Indore,WB,India,,
S18930,,EAST,Pune,KL,India,,RENOVATION
,Store_18931,NORTH,,MH,India,2023-06-22,RENOVATION
S18932,Store_18932,,Bengaluru,KA,,2021-09-28,RENOVATION
,Store_18933,CENTRAL,Kolkata,MH,India,,CLOSED
,Store_18934,EAST,,MH,India,2024-10-15,CLOSED
S18935,Store_18935,,Kochi,,India,2025-04-23,RENOVATION
S18936,,,Mumbai,MP,India,2025-06-26,RENOVATION
S18937,Store_18937,,Kochi,,India,2021-10-11,CLOSED
S18938,Store_18938,,Chennai,WB,,2024-05-04,RENOVATION
S18939,,EAST,Pune,,India,2022-02-13,OPEN
S18940,,,Kolkata,KA,India,2025-12-29,OPEN
S18941,Store_18941,WEST,Delhi,,,2023-04-14,CLOSED
S18942,Store_18942,SOUTH,,WB,India,,RENOVATION
S18943,,SOUTH,Bengaluru,RJ,India,2025-01-27,
S18944,Store_18944,NORTH,,TN,India,2022-12-08,
S18945,,,Pune,TS,India,2023-09-08,RENOVATION
,Store_18946,NORTH,,WB,India,2021-12-24,CLOSED
S18947,Store_18947,WEST,,,India,2025-03-01,RENOVATION
,Store_18948,SOUTH,Jaipur,KL,India,2023-11-25,
S18949,Store_18949,EAST,Kochi,,India,,OPEN
S18950,Store_18950,NORTH,Chennai,,India,,CLOSED
S18951,Store_18951,NORTH,Bengaluru,KA,,2022-05-27,
S18952,Store_18952,EAST,,KL,India,,OPEN
,Store_18953,WEST,Mumbai,KA,,2025-06-10,OPEN
,Store_18954,WEST,Jaipur,DL,India,,CLOSED
S18955,Store_18955,NORTH,Chennai,KA,India,,
S18956,Store_18956,EAST,,KA,India,,RENOVATION
S18957,,NORTH,Kochi,DL,India,,CLOSED
S18958,,CENTRAL,Bengaluru,TS,,2023-07-23,OPEN
S18959,Store_18959,,Delhi,,India,2025-02-27,RENOVATION
S18960,Store_18960,,Bengaluru,,India,2025-01-16,OPEN
S18961,Store_18961,,Delhi,DL,India,2023-08-25,
S18962,Store_18962,,Hyderabad,TS,India,2024-09-24,
S18963,Store_18963,,Bengaluru,MH,,2021-04-25,CLOSED
S18964,Store_18964,,Delhi,TS,,2021-06-27,CLOSED
S18965,,WEST,Jaipur,KL,,2022-02-23,RENOVATION
,Store_18966,WEST,,MH,India,2024-10-28,CLOSED
S18967,,,Hyderabad,MH,India,2022-08-01,RENOVATION
S18968,,WEST,,TN,India,2024-09-18,RENOVATION
S18969,Store_18969,EAST,Pune,KL,India,,
S18970,,EAST,Chennai,TS,India,2024-11-04,
S18971,Store_18971,,Pune,TN,India,2023-01-10,
S18972,Store_18972,EAST,Indore,DL,India,,
S18973,Store_18973,CENTRAL,,RJ,India,2021-04-11,
S18974,Store_18974,,Hyderabad,RJ,,2021-12-25,OPEN
S18975,Store_18975,SOUTH,Mumbai,DL,,2022-04-29,
S18976,,EAST,Pune,,India,2025-07-17,CLOSED
,Store_18977,SOUTH,Chennai,DL,India,,OPEN
S18978,Store_18978,CENTRAL,,WB,India,,CLOSED
S18979,Store_18979,EAST,,MP,India,,OPEN
S18980,Store_18980,,,TS,India,2023-05-13,RENOVATION
,Store_18981,NORTH,Kolkata,,India,2023-05-22,CLOSED
S18982,Store_18982,CENTRAL,Hyderabad,MH,,2022-09-02,
,Store_18983,CENTRAL,Indore,,India,2023-04-23,CLOSED
S18984,Store_18984,EAST,Jaipur,MP,,,OPEN
S18985,Store_18985,NORTH,,KA,India,2023-06-01,
S18986,Store_18986,,Indore,TS,India,,CLOSED
S18987,,EAST,Indore,TN,India,2024-08-22,
S18988,Store_18988,CENTRAL,Kolkata,DL,,,RENOVATION
,Store_18989,WEST,Mumbai,TS,,2024-05-26,OPEN
S18990,,NORTH,Jaipur,,India,2025-03-07,RENOVATION
,Store_18991,EAST,Indore,,India,2021-12-05,RENOVATION
S18992,Store_18992,CENTRAL,Kolkata,,India,,RENOVATION
,Store_18993,SOUTH,Bengaluru,,India,2025-04-19,RENOVATION
,Store_18994,EAST,Indore,,India,2025-03-07,RENOVATION
S18995,Store_18995,,Kochi,MP,India,2024-09-22,
S18996,,NORTH,,TN,India,2024-11-03,RENOVATION
S18997,Store_18997,,Hyderabad,,India,2025-06-12,OPEN
S18998,Store_18998,EAST,Jaipur,,India,,RENOVATION
S18999,Store_18999,NORTH,,DL,India,2022-07-04,
S19000,Store_19000,EAST,Pune,DL,,2022-07-08,
,Store_19001,CENTRAL,Mumbai,WB,,2024-11-21,RENOVATION
,Store_19002,WEST,Kochi,TS,India,,OPEN
S19003,,SOUTH,Kolkata,DL,,2025-05-30,RENOVATION
S19004,,SOUTH,Pune,KL,India,,CLOSED
S19005,Store_19005,EAST,Indore,TN,India,,
S19006,Store_19006,WEST,,KL,,2022-01-25,RENOVATION
S19007,Store_19007,EAST,,TN,,2022-02-01,OPEN
S19008,,SOUTH,,TN,India,2021-03-10,OPEN
S19009,Store_19009,,,DL,India,2024-12-25,CLOSED
S19010,Store_19010,NORTH,Bengaluru,KA,India,,
,,CENTRAL,Kolkata,MH,India,2024-10-10,OPEN
S19012,,CENTRAL,Pune,WB,India,2024-03-04,
S19013,Store_19013,EAST,Delhi,TN,India,,
S19014,,EAST,Mumbai,WB,India,2023-01-04,
S19015,Store_19015,SOUTH,,MH,India,,RENOVATION
S19016,Store_19016,CENTRAL,Chennai,MH,,,RENOVATION
S19017,Store_19017,,Chennai,KL,India,,OPEN
S19018,Store_19018,,Kochi,KL,India,2025-06-25,
S19019,,NORTH,Chennai,WB,,2026-01-04,RENOVATION
S19020,Store_19020,,,KL,India,2022-01-26,RENOVATION
,Store_19021,EAST,,RJ,India,2025-02-08,RENOVATION
S19022,,CENTRAL,Bengaluru,DL,India,2021-10-15,
S19023,Store_19023,,Delhi,,India,2024-01-09,OPEN
S19024,Store_19024,,Delhi,MP,India,2022-03-24,
S19025,,,Indore,MP,India,2023-02-25,CLOSED
S19026,Store_19026,SOUTH,Hyderabad,TN,,2025-06-29,
S19027,,CENTRAL,Indore,,India,2024-12-18,CLOSED
S19028,,,Indore,DL,India,2025-08-01,CLOSED
S19029,,EAST,Kolkata,WB,India,2022-02-24,
S19030,Store_19030,SOUTH,Mumbai,,India,,CLOSED
S19031,Store_19031,CENTRAL,,,India,2022-06-29,RENOVATION
,Store_19032,CENTRAL,,TN,India,2023-04-20,OPEN
S19033,Store_19033,,Pune,,India,2024-09-04,OPEN
,Store_19034,WEST,Chennai,RJ,India,2025-07-31,
S19035,Store_19035,,Hyderabad,WB,,2023-01-09,RENOVATION
S19036,Store_19036,NORTH,Hyderabad,,,2022-03-14,RENOVATION
S19037,Store_19037,EAST,,,India,2025-12-22,RENOVATION
S19038,Store_19038,WEST,Chennai,,,2021-02-22,CLOSED
S19039,Store_19039,,Jaipur,,India,2022-05-04,CLOSED
S19040,Store_19040,WEST,,,India,2021-07-30,OPEN
S19041,Store_19041,EAST,,,India,2022-02-16,RENOVATION
,Store_19042,WEST,Pune,TS,India,2022-10-27,
,Store_19043,NORTH,Kochi,DL,,2025-05-03,CLOSED
S19044,Store_19044,NORTH,Indore,WB,,2024-11-15,
,Store_19045,NORTH,,TS,India,2023-04-14,RENOVATION
S19046,Store_19046,SOUTH,,MH,India,,RENOVATION
S19047,Store_19047,WEST,,TS,India,2022-02-11,
S19048,,WEST,Jaipur,TS,India,2024-09-02,
S19049,,SOUTH,Jaipur,KA,India,,CLOSED
S19050,Store_19050,CENTRAL,Pune,DL,,,CLOSED
S19051,Store_19051,EAST,Kochi,TS,,2021-07-02,
S19052,Store_19052,,,WB,India,2024-11-08,OPEN
S19053,,WEST,Delhi,TN,India,2024-04-05,
,,NORTH,Indore,KL,India,2024-07-16,RENOVATION
,Store_19055,,Jaipur,WB,India,2025-03-11,RENOVATION
S19056,Store_19056,EAST,,,India,2025-06-24,CLOSED
S19057,Store_19057,EAST,,RJ,India,,OPEN
S19058,Store_19058,EAST,Kochi,,,2021-02-15,CLOSED
S19059,Store_19059,EAST,,,India,2025-11-01,OPEN
S19060,Store_19060,CENTRAL,Hyderabad,TS,India,,
S19061,Store_19061,WEST,Delhi,KL,,2024-04-07,
S19062,Store_19062,CENTRAL,Chennai,DL,India,,
S19063,Store_19063,,Mumbai,TS,India,2021-05-24,
S19064,,NORTH,Chennai,KA,,2021-09-11,CLOSED
S19065,Store_19065,WEST,Indore,RJ,,,RENOVATION
,Store_19066,WEST,Delhi,TN,,2021-06-14,OPEN
,Store_19067,SOUTH,Bengaluru,,India,2025-04-19,CLOSED
S19068,Store_19068,,,DL,India,2025-04-04,RENOVATION
S19069,Store_19069,EAST,Kolkata,,,2024-03-17,RENOVATION
S19070,Store_19070,,Jaipur,TN,,2024-08-28,RENOVATION
S19071,,CENTRAL,Kolkata,DL,India,2024-04-10,
S19072,Store_19072,CENTRAL,Pune,,India,,CLOSED
S19073,,,Chennai,RJ,India,2021-07-31,OPEN
S19074,Store_19074,CENTRAL,Mumbai,,,2023-12-29,RENOVATION
S19075,,EAST,,WB,India,2022-03-19,CLOSED
S19076,,,Chennai,KL,India,2024-10-11,OPEN
S19077,Store_19077,CENTRAL,,,India,2023-10-25,RENOVATION
S19078,Store_19078,SOUTH,,KL,India,,RENOVATION
S19079,Store_19079,CENTRAL,,,India,2022-01-03,OPEN
,Store_19080,,Chennai,TS,India,2025-12-17,OPEN
S19081,Store_19081,WEST,Mumbai,WB,,2024-03-24,
S19082,,EAST,Pune,MH,India,,OPEN
S19083,Store_19083,,Jaipur,DL,India,,RENOVATION
,Store_19084,NORTH,,TN,India,2021-04-18,RENOVATION
S19085,Store_19085,CENTRAL,,MP,India,2023-03-02,
S19086,Store_19086,WEST,Hyderabad,,India,2022-05-13,
,Store_19087,NORTH,,MP,India,2022-01-17,CLOSED
,Store_19088,EAST,Delhi,,India,2022-08-26,OPEN
S19089,Store_19089,SOUTH,,WB,India,,RENOVATION
,Store_19090,SOUTH,Jaipur,,India,2023-06-13,OPEN
S19091,Store_19091,EAST,Kochi,TN,,2023-03-04,
S19092,,CENTRAL,Mumbai,MH,India,2025-01-08,
S19093,Store_19093,,Bengaluru,RJ,,2025-10-18,OPEN
S19094,Store_19094,EAST,Indore,,,2026-01-09,CLOSED
S19095,Store_19095,SOUTH,,RJ,India,,CLOSED
S19096,Store_19096,CENTRAL,,KL,,2023-09-03,OPEN
S19097,Store_19097,,Jaipur,DL,India,,CLOSED
,Store_19098,WEST,Jaipur,,India,2024-02-06,RENOVATION
S19099,Store_19099,,Hyderabad,,India,2022-10-31,OPEN
,Store_19100,CENTRAL,Jaipur,TN,India,,RENOVATION
S19101,Store_19101,,Kolkata,TN,,2022-07-19,CLOSED
S19102,Store_19102,CENTRAL,Chennai,TN,,,OPEN
,Store_19103,CENTRAL,Delhi,KA,India,,RENOVATION
S19104,Store_19104,NORTH,,KA,India,2023-06-06,
S19105,,NORTH,,MP,India,2024-09-15,OPEN
S19106,,WEST,,RJ,India,2021-03-30,OPEN
S19107,Store_19107,WEST,Kochi,,,2021-11-11,CLOSED
S19108,,SOUTH,Jaipur,DL,India,2022-04-17,
,Store_19109,,Kochi,DL,India,2023-07-28,CLOSED
,Store_19110,EAST,,RJ,India,2024-12-21,RENOVATION
,Store_19111,EAST,Delhi,RJ,,2025-06-17,OPEN
,Store_19112,SOUTH,,KA,India,2021-06-18,OPEN
S19113,Store_19113,SOUTH,,,India,2023-09-28,RENOVATION
S19114,,WEST,Indore,TS,,2022-08-05,RENOVATION
S19115,Store_19115,SOUTH,,,India,2024-05-23,OPEN
S19116,Store_19116,WEST,,KA,,2024-10-01,CLOSED
S19117,Store_19117,,Delhi,RJ,,2022-04-05,CLOSED
S19118,Store_19118,WEST,Mumbai,,India,,CLOSED
S19119,,CENTRAL,Bengaluru,MH,India,2022-07-11,
S19120,,EAST,Hyderabad,KA,,2023-09-10,OPEN
S19121,,NORTH,Indore,MH,India,,OPEN
S19122,,NORTH,Kolkata,,India,2023-01-27,OPEN
S19123,,NORTH,Indore,RJ,India,2026-01-25,
S19124,Store_19124,EAST,Hyderabad,DL,India,,
S19125,Store_19125,SOUTH,,MH,India,,CLOSED
S19126,,,Kochi,TS,India,2023-09-25,CLOSED
S19127,Store_19127,EAST,Kolkata,,India,,CLOSED
S19128,,WEST,Bengaluru,,India,2022-01-03,RENOVATION
S19129,,WEST,Delhi,KA,India,2022-10-22,
S19130,,CENTRAL,,MP,India,2024-08-24,OPEN
S19131,Store_19131,CENTRAL,Pune,,India,,OPEN
S19132,Store_19132,EAST,Indore,DL,,2025-11-03,
S19133,Store_19133,WEST,Kolkata,,India,,OPEN
S19134,,SOUTH,Hyderabad,MH,,2024-02-29,CLOSED
S19135,Store_19135,SOUTH,Delhi,,,2024-11-17,CLOSED
,Store_19136,EAST,Kochi,MH,India,2025-05-29,
S19137,Store_19137,EAST,,,India,2025-11-03,OPEN
,Store_19138,WEST,Chennai,KL,India,2021-02-06,
S19139,Store_19139,CENTRAL,Pune,,,2021-03-08,CLOSED
S19140,,SOUTH,,TN,India,2022-07-19,RENOVATION
S19141,Store_19141,WEST,,TS,India,2022-01-05,
S19142,Store_19142,SOUTH,Chennai,RJ,India,,
S19143,Store_19143,,Mumbai,KL,India,,RENOVATION
,Store_19144,WEST,,KL,India,2021-09-21,CLOSED
S19145,Store_19145,,Bengaluru,RJ,,2024-07-16,OPEN
S19146,Store_19146,SOUTH,Indore,WB,,,CLOSED
,Store_19147,WEST,Pune,,India,2025-05-11,RENOVATION
S19148,,SOUTH,,TS,India,2021-08-27,RENOVATION
S19149,Store_19149,EAST,,KA,,2022-11-09,OPEN
S19150,,EAST,Kolkata,KA,,2021-12-20,RENOVATION
,Store_19151,NORTH,Indore,MH,,2023-09-22,OPEN
S19152,,CENTRAL,Indore,,India,2025-05-31,RENOVATION
,,EAST,Jaipur,WB,India,2025-01-17,RENOVATION
S19154,,NORTH,Pune,RJ,India,2023-01-31,
S19155,Store_19155,WEST,Jaipur,,India,2021-03-20,
S19156,Store_19156,SOUTH,,MP,India,,OPEN
S19157,,NORTH,Jaipur,TS,India,,RENOVATION
,Store_19158,EAST,Jaipur,,India,2024-12-08,RENOVATION
S19159,Store_19159,SOUTH,Chennai,DL,,2024-02-25,
S19160,Store_19160,NORTH,Kolkata,RJ,India,,
S19161,Store_19161,WEST,,TS,India,,RENOVATION
S19162,Store_19162,,Mumbai,,India,2021-08-19,RENOVATION
,Store_19163,EAST,Hyderabad,WB,India,2024-11-04,
S19164,Store_19164,NORTH,Indore,MP,India,,
S19165,Store_19165,,Jaipur,KL,India,,OPEN
S19166,Store_19166,,,KL,India,2022-08-02,OPEN
S19167,,,Indore,DL,India,2025-04-28,RENOVATION
S19168,Store_19168,SOUTH,Delhi,TN,,2024-02-08,
S19169,Store_19169,EAST,Indore,,India,,OPEN
S19170,Store_19170,WEST,Kochi,,India,,OPEN
S19171,Store_19171,,Jaipur,,India,2021-08-31,CLOSED
,Store_19172,SOUTH,,TS,India,2023-04-02,CLOSED
,Store_19173,EAST,,KA,India,2022-02-14,RENOVATION
,Store_19174,EAST,Kolkata,KA,,2025-07-15,RENOVATION
S19175,Store_19175,SOUTH,,RJ,India,2021-12-15,
S19176,Store_19176,NORTH,Chennai,KA,,2025-06-06,
S19177,Store_19177,WEST,Bengaluru,MH,India,,
,Store_19178,NORTH,Indore,WB,India,2021-06-06,
S19179,Store_19179,,Delhi,TN,India,,RENOVATION
,,WEST,Indore,TN,India,2023-03-12,RENOVATION
,Store_19181,EAST,Delhi,TS,,2023-04-07,CLOSED
,Store_19182,CENTRAL,Chennai,MP,India,,RENOVATION
,Store_19183,CENTRAL,Indore,,India,2024-05-20,RENOVATION
S19184,Store_19184,,,DL,India,2024-10-01,RENOVATION
S19185,Store_19185,CENTRAL,Mumbai,MH,,2025-04-20,
,Store_19186,SOUTH,Hyderabad,KL,India,2023-10-17,
S19187,,WEST,Hyderabad,KA,India,,RENOVATION
S19188,Store_19188,WEST,Kochi,WB,,2023-08-28,
S19189,Store_19189,SOUTH,,DL,,2023-02-27,OPEN
S19190,Store_19190,NORTH,Mumbai,MP,,,OPEN
S19191,Store_19191,CENTRAL,,DL,India,2024-04-26,
,Store_19192,,Chennai,DL,India,2023-03-21,CLOSED
S19193,Store_19193,,,RJ,India,2024-12-17,CLOSED
S19194,Store_19194,CENTRAL,Bengaluru,,India,,CLOSED
S19195,,EAST,,MP,India,2024-07-11,CLOSED
S19196,Store_19196,,Delhi,RJ,,2023-10-20,RENOVATION
S19197,,SOUTH,Bengaluru,DL,India,2023-04-26,
,,WEST,Jaipur,MP,India,2023-01-09,RENOVATION
S19199,Store_19199,,Indore,WB,,2021-05-16,CLOSED
S19200,Store_19200,,Kochi,KA,India,,OPEN
S19201,Store_19201,NORTH,Hyderabad,,India,2022-12-14,
S19202,,,Chennai,MH,India,2024-08-06,OPEN
S19203,,SOUTH,Delhi,WB,India,,CLOSED
S19204,Store_19204,WEST,Mumbai,,India,2023-01-13,
S19205,Store_19205,CENTRAL,,MP,India,2021-08-22,
S19206,Store_19206,NORTH,Pune,MP,,2023-02-06,
S19207,,EAST,Pune,RJ,,2021-09-21,CLOSED
S19208,,EAST,Indore,MP,India,,RENOVATION
S19209,Store_19209,WEST,Indore,KA,,2025-03-26,
S19210,Store_19210,SOUTH,Jaipur,RJ,,,OPEN
,,WEST,Delhi,WB,India,2024-04-12,OPEN
S19212,Store_19212,CENTRAL,,TN,,2026-01-22,RENOVATION
,Store_19213,EAST,,TS,India,2023-07-30,OPEN
S19214,Store_19214,EAST,Hyderabad,,,2022-04-15,RENOVATION
S19215,Store_19215,,Jaipur,,India,2022-11-15,RENOVATION
,Store_19216,NORTH,,TN,India,2023-03-26,OPEN
S19217,Store_19217,,Chennai,KA,India,2023-09-27,
S19218,Store_19218,CENTRAL,Indore,WB,India,,
S19219,,WEST,Indore,RJ,India,,CLOSED
S19220,,CENTRAL,Kochi,KL,India,2024-11-10,
S19221,Store_19221,,Indore,TS,,2024-04-16,RENOVATION
S19222,,WEST,,TS,India,2022-05-08,RENOVATION
S19223,,SOUTH,,WB,India,2021-04-04,RENOVATION
,Store_19224,NORTH,Indore,,India,2025-11-13,CLOSED
S19225,Store_19225,,Kochi,,India,2024-03-09,RENOVATION
S19226,Store_19226,CENTRAL,,,India,2023-05-11,OPEN
S19227,Store_19227,WEST,Chennai,DL,,,OPEN
S19228,Store_19228,CENTRAL,Jaipur,TN,,2021-03-04,
S19229,,CENTRAL,Delhi,,India,2022-08-12,CLOSED
S19230,Store_19230,EAST,Jaipur,,,2023-11-17,RENOVATION
S19231,Store_19231,EAST,,MH,India,2025-09-18,
S19232,Store_19232,NORTH,Jaipur,,India,2022-06-01,
S19233,Store_19233,EAST,,,India,2023-10-27,OPEN
,Store_19234,WEST,Bengaluru,,India,2025-06-20,RENOVATION
S19235,Store_19235,WEST,,DL,,2024-12-15,RENOVATION
,Store_19236,SOUTH,Indore,MH,,2022-12-21,RENOVATION
S19237,,CENTRAL,Chennai,,India,2024-01-10,OPEN
S19238,,WEST,Indore,RJ,,2022-02-28,OPEN
S19239,Store_19239,,Pune,KA,India,,CLOSED
S19240,Store_19240,SOUTH,,WB,India,2022-05-16,
,Store_19241,WEST,Pune,TN,India,2021-10-15,
S19242,Store_19242,NORTH,,WB,India,2022-03-13,
S19243,,CENTRAL,Hyderabad,MH,,2023-12-07,RENOVATION
,Store_19244,SOUTH,Indore,MP,,2022-01-13,RENOVATION
,Store_19245,NORTH,Delhi,,India,2021-04-24,OPEN
S19246,Store_19246,CENTRAL,Chennai,DL,,2022-10-01,
S19247,Store_19247,CENTRAL,Indore,WB,,2024-06-13,
,Store_19248,EAST,Kochi,,India,2022-07-22,OPEN
S19249,Store_19249,CENTRAL,Mumbai,TN,,,RENOVATION
S19250,Store_19250,SOUTH,Indore,KL,,,RENOVATION
S19251,Store_19251,SOUTH,Kochi,,India,2023-09-05,
,Store_19252,,Kochi,KA,India,2025-05-20,OPEN
S19253,,NORTH,Pune,KA,,2023-09-19,CLOSED
S19254,Store_19254,EAST,Hyderabad,MP,,,CLOSED
S19255,Store_19255,CENTRAL,,WB,,2022-11-23,OPEN
S19256,,WEST,,MP,India,2025-01-13,OPEN
S19257,Store_19257,NORTH,Mumbai,,,2022-04-03,RENOVATION
S19258,Store_19258,SOUTH,Kochi,,India,,CLOSED
S19259,Store_19259,SOUTH,,DL,India,2023-08-11,
,,NORTH,Hyderabad,MP,India,2021-02-21,CLOSED
S19261,Store_19261,NORTH,,KL,,2021-08-31,RENOVATION
S19262,Store_19262,WEST,,KL,India,,CLOSED
S19263,,SOUTH,Bengaluru,TS,,2022-10-27,RENOVATION
S19264,,NORTH,Pune,RJ,India,,CLOSED
S19265,Store_19265,WEST,Bengaluru,MP,,2022-11-27,
,Store_19266,WEST,Hyderabad,KL,India,,RENOVATION
S19267,Store_19267,WEST,,DL,,2023-09-27,CLOSED
S19268,,EAST,Chennai,DL,,2024-07-24,OPEN
S19269,Store_19269,,Kolkata,DL,India,2021-03-14,
S19270,Store_19270,,Pune,RJ,,2023-12-12,CLOSED
,Store_19271,WEST,Hyderabad,MH,India,2025-12-05,
,Store_19272,EAST,,TN,India,2025-07-06,CLOSED
,Store_19273,SOUTH,Kolkata,TN,India,2025-07-25,
S19274,Store_19274,WEST,,MH,India,,OPEN
S19275,,,Indore,KL,India,2021-03-11,RENOVATION
S19276,Store_19276,EAST,Bengaluru,,,2022-04-04,OPEN
S19277,,EAST,Indore,DL,,2025-05-30,OPEN
S19278,Store_19278,WEST,Indore,,,2022-07-17,OPEN
S19279,Store_19279,,Kochi,,India,2023-11-30,RENOVATION
S19280,Store_19280,,Indore,MH,,2021-05-12,OPEN
,,NORTH,Pune,MH,India,2024-02-11,RENOVATION
,Store_19282,EAST,Chennai,MP,,2025-01-28,RENOVATION
S19283,Store_19283,,Kochi,TN,India,2024-07-17,
S19284,Store_19284,,Pune,KL,,2025-07-03,RENOVATION
S19285,Store_19285,CENTRAL,Bengaluru,KA,,2025-06-26,
,,WEST,Hyderabad,TN,India,2023-09-14,OPEN
S19287,Store_19287,WEST,Mumbai,KL,,,RENOVATION
S19288,Store_19288,,Kolkata,DL,India,2025-08-21,
S19289,,CENTRAL,,WB,India,2025-07-27,CLOSED
S19290,,CENTRAL,Bengaluru,TN,India,2025-09-09,
S19291,Store_19291,NORTH,,,India,2025-06-21,RENOVATION
S19292,Store_19292,EAST,Kolkata,MH,,,CLOSED
,,CENTRAL,Indore,MH,India,2024-10-12,CLOSED
S19294,Store_19294,EAST,Pune,,India,,RENOVATION
S19295,Store_19295,WEST,,WB,India,2021-06-01,
S19296,Store_19296,SOUTH,,RJ,,2025-02-11,OPEN
S19297,Store_19297,,Kochi,KL,,2023-10-19,CLOSED
S19298,Store_19298,NORTH,,TN,India,,RENOVATION
S19299,,EAST,Mumbai,TN,India,,OPEN
S19300,,WEST,Bengaluru,TN,,2024-06-20,RENOVATION
,Store_19301,WEST,Mumbai,,India,2024-10-17,OPEN
S19302,Store_19302,EAST,,,India,2024-07-08,CLOSED
S19303,,,Mumbai,TN,India,2025-06-25,RENOVATION
,Store_19304,,Delhi,KL,India,2025-11-13,OPEN
S19305,Store_19305,SOUTH,Bengaluru,DL,,2025-04-10,
,Store_19306,,Indore,KA,India,2021-05-15,CLOSED
S19307,Store_19307,NORTH,,MH,India,,CLOSED
S19308,Store_19308,,,KA,India,2021-10-08,OPEN
S19309,,,Jaipur,MP,India,2023-08-01,RENOVATION
S19310,Store_19310,,Hyderabad,MH,India,2024-03-20,
S19311,,SOUTH,Jaipur,TS,,2024-07-11,RENOVATION
S19312,,,Kolkata,TN,India,2025-01-12,OPEN
S19313,,WEST,,KA,India,2021-04-08,OPEN
S19314,,WEST,,TN,India,2025-06-11,OPEN
,Store_19315,EAST,Kolkata,RJ,India,,RENOVATION
S19316,Store_19316,WEST,,,India,2023-06-12,OPEN
S19317,Store_19317,CENTRAL,Hyderabad,MP,,,RENOVATION
,Store_19318,NORTH,Pune,TS,India,2022-04-30,
S19319,,WEST,Indore,,India,2024-02-21,RENOVATION
S19320,Store_19320,NORTH,Jaipur,,,2022-05-29,OPEN
S19321,,EAST,,WB,India,2024-03-27,RENOVATION
S19322,,CENTRAL,Pune,WB,India,2022-12-18,
,Store_19323,SOUTH,Hyderabad,DL,India,,RENOVATION
S19324,,CENTRAL,Hyderabad,TN,India,,RENOVATION
,Store_19325,NORTH,Hyderabad,,India,2022-10-24,RENOVATION
S19326,Store_19326,CENTRAL,,KL,India,2022-10-24,
S19327,Store_19327,,Hyderabad,RJ,India,,OPEN
S19328,Store_19328,NORTH,,MP,India,2022-02-27,
S19329,Store_19329,NORTH,Jaipur,,India,2022-10-26,
,Store_19330,EAST,Mumbai,,India,2023-09-19,CLOSED
,Store_19331,WEST,Chennai,RJ,India,2023-01-27,
,,CENTRAL,Pune,KA,India,2023-11-16,OPEN
S19333,Store_19333,,Kochi,KA,,2021-09-04,RENOVATION
S19334,,WEST,Delhi,,India,2023-04-22,CLOSED
S19335,Store_19335,,,DL,India,2022-07-18,OPEN
,Store_19336,CENTRAL,Jaipur,KA,India,,OPEN
S19337,Store_19337,CENTRAL,Kochi,,India,2025-09-22,
S19338,Store_19338,,Delhi,,India,2023-07-01,CLOSED
S19339,Store_19339,WEST,,TS,India,,CLOSED
S19340,Store_19340,NORTH,Delhi,MP,India,,
S19341,Store_19341,,Indore,KA,India,,RENOVATION
S19342,Store_19342,EAST,Chennai,DL,,,CLOSED
S19343,Store_19343,SOUTH,Indore,KA,,,RENOVATION
S19344,Store_19344,,Pune,TN,India,2025-03-17,
S19345,Store_19345,,Kolkata,TN,,2021-05-18,CLOSED
,Store_19346,WEST,Kochi,,India,2023-07-18,RENOVATION
,Store_19347,,Delhi,DL,India,2023-12-27,OPEN
S19348,Store_19348,NORTH,,MP,India,2021-06-15,
S19349,Store_19349,,,KA,India,2025-08-24,RENOVATION
,Store_19350,NORTH,Jaipur,MP,India,,RENOVATION
S19351,,CENTRAL,Chennai,DL,,2023-05-09,OPEN
,Store_19352,EAST,Chennai,,India,2022-09-27,OPEN
S19353,,NORTH,Bengaluru,KL,India,2021-06-14,
S19354,Store_19354,CENTRAL,,RJ,,2024-02-02,OPEN
,Store_19355,EAST,Indore,TS,,2025-02-27,CLOSED
S19356,Store_19356,NORTH,,,India,2023-11-16,RENOVATION
,Store_19357,SOUTH,,DL,India,2025-02-14,CLOSED
,,SOUTH,Hyderabad,KL,India,2021-08-13,OPEN
S19359,Store_19359,,Bengaluru,,India,2025-06-11,CLOSED
S19360,Store_19360,,Delhi,DL,India,,RENOVATION
S19361,,SOUTH,,KA,India,2023-02-10,CLOSED
S19362,Store_19362,SOUTH,,DL,,2022-07-25,CLOSED
,Store_19363,,Kolkata,RJ,India,2022-06-26,CLOSED
S19364,Store_19364,SOUTH,Kochi,KL,,,RENOVATION
S19365,,SOUTH,Kolkata,KA,India,,CLOSED
S19366,,WEST,Delhi,,India,2025-11-20,CLOSED
S19367,Store_19367,NORTH,Mumbai,WB,,2022-02-19,
,,EAST,Delhi,MH,India,2023-05-07,OPEN
,Store_19369,SOUTH,Hyderabad,,India,2022-04-09,RENOVATION
S19370,,EAST,Delhi,,India,2025-09-21,CLOSED
S19371,,SOUTH,Pune,RJ,India,2024-05-21,
S19372,Store_19372,NORTH,,RJ,,2021-03-31,CLOSED
,Store_19373,EAST,Chennai,TN,India,2021-07-23,
S19374,Store_19374,,,TS,India,2022-09-20,CLOSED
S19375,Store_19375,SOUTH,Delhi,,,2022-10-01,CLOSED
,Store_19376,,Jaipur,MH,India,2024-04-12,CLOSED
S19377,Store_19377,EAST,,DL,,2023-06-05,RENOVATION
S19378,Store_19378,EAST,Indore,,India,2024-06-19,
S19379,Store_19379,CENTRAL,Jaipur,,,2022-02-14,RENOVATION
S19380,Store_19380,,Kolkata,,India,2022-12-16,RENOVATION
S19381,Store_19381,SOUTH,,TS,,2022-10-06,CLOSED
S19382,Store_19382,WEST,Indore,,India,2021-03-16,
,Store_19383,CENTRAL,Mumbai,RJ,India,,RENOVATION
S19384,Store_19384,CENTRAL,Kochi,,,2021-04-23,CLOSED
S19385,Store_19385,CENTRAL,Indore,TN,,,RENOVATION
,Store_19386,,Indore,RJ,India,2021-04-19,RENOVATION
S19387,Store_19387,SOUTH,,,India,2022-04-18,CLOSED
S19388,Store_19388,SOUTH,,RJ,India,,CLOSED
S19389,Store_19389,EAST,Delhi,,India,,CLOSED
S19390,Store_19390,,Bengaluru,RJ,,2024-08-05,OPEN
S19391,,WEST,Kochi,TS,,2023-05-11,OPEN
S19392,Store_19392,SOUTH,,WB,India,2023-06-11,
,Store_19393,CENTRAL,Pune,,India,2022-04-19,OPEN
S19394,Store_19394,CENTRAL,,KL,India,,RENOVATION
S19395,Store_19395,WEST,Kolkata,,India,,CLOSED
,Store_19396,CENTRAL,,TN,India,2023-11-04,RENOVATION
S19397,Store_19397,EAST,Chennai,KA,India,,
S19398,,EAST,Bengaluru,,India,2022-06-18,OPEN
,Store_19399,WEST,Delhi,,India,2022-05-06,RENOVATION
S19400,,CENTRAL,,KL,India,2025-08-01,RENOVATION
S19401,Store_19401,EAST,Indore,TN,,2021-08-10,
S19402,,,Indore,RJ,India,2021-10-22,RENOVATION
S19403,,EAST,Kochi,WB,India,2024-09-26,
S19404,Store_19404,,Kochi,KL,India,2025-09-13,
S19405,,WEST,Indore,MH,India,2021-12-14,
,Store_19406,EAST,Kochi,DL,India,2022-06-03,
,,NORTH,Chennai,RJ,India,2024-01-05,CLOSED
S19408,Store_19408,NORTH,,RJ,,2021-03-05,CLOSED
S19409,Store_19409,EAST,,MP,India,2025-01-11,
S19410,Store_19410,SOUTH,Jaipur,KA,,2022-11-09,
S19411,Store_19411,CENTRAL,,RJ,India,,RENOVATION
,,EAST,Jaipur,MH,India,2024-11-19,OPEN
,Store_19413,NORTH,Hyderabad,,India,2021-10-07,CLOSED
S19414,Store_19414,SOUTH,Delhi,,India,,CLOSED
,Store_19415,CENTRAL,Chennai,MH,,2025-02-25,CLOSED
S19416,Store_19416,SOUTH,Kolkata,,India,2025-04-15,
S19417,Store_19417,SOUTH,Indore,KA,,,OPEN
,,SOUTH,Hyderabad,WB,India,2023-08-19,RENOVATION
S19419,Store_19419,CENTRAL,Kolkata,,India,,OPEN
S19420,,CENTRAL,,DL,India,2024-02-28,OPEN
S19421,,,Mumbai,RJ,India,2025-04-29,RENOVATION
S19422,Store_19422,WEST,Kochi,,India,2022-08-29,
S19423,Store_19423,WEST,,TN,India,,CLOSED
S19424,Store_19424,SOUTH,Chennai,,India,,CLOSED
S19425,,SOUTH,,TS,India,2025-05-30,CLOSED
S19426,Store_19426,WEST,Chennai,KL,,,RENOVATION
S19427,Store_19427,WEST,Delhi,MP,,2021-07-21,
S19428,Store_19428,,Kolkata,MH,India,2021-05-13,
,Store_19429,SOUTH,Chennai,MP,India,,CLOSED
S19430,Store_19430,,Hyderabad,RJ,India,2021-05-20,
S19431,,NORTH,,TS,India,2022-06-30,RENOVATION
,Store_19432,,Pune,KL,India,2021-06-12,RENOVATION
,Store_19433,,Bengaluru,RJ,India,2025-01-23,CLOSED
S19434,,CENTRAL,Kochi,TS,India,2022-11-11,
S19435,Store_19435,,Chennai,MP,India,,OPEN
S19436,,CENTRAL,Jaipur,KL,,2024-11-11,OPEN
,,NORTH,Hyderabad,KA,India,2024-03-07,RENOVATION
S19438,Store_19438,WEST,,KA,India,,RENOVATION
,,EAST,Delhi,MH,India,2023-06-25,CLOSED
S19440,,SOUTH,Bengaluru,,India,2025-07-30,RENOVATION
,Store_19441,,Jaipur,RJ,India,2026-01-25,OPEN
S19442,Store_19442,SOUTH,Pune,,India,2021-08-21,
S19443,Store_19443,WEST,,,India,2022-02-08,CLOSED
S19444,Store_19444,SOUTH,,DL,,2025-04-24,OPEN
S19445,,NORTH,,RJ,India,2021-03-15,RENOVATION
,,CENTRAL,Bengaluru,KA,India,2021-11-12,OPEN
,Store_19447,,Bengaluru,DL,India,2023-06-19,RENOVATION
,Store_19448,SOUTH,Kolkata,RJ,,2023-04-07,CLOSED
S19449,,WEST,,DL,India,2025-09-27,RENOVATION
S19450,Store_19450,,Kolkata,KL,India,2021-03-26,
S19451,Store_19451,WEST,,WB,India,2024-08-15,
,Store_19452,,Indore,DL,India,2022-06-15,OPEN
S19453,,NORTH,Hyderabad,WB,India,,OPEN
S19454,Store_19454,EAST,Kochi,,,2024-01-09,RENOVATION
S19455,Store_19455,SOUTH,Indore,TN,,2025-02-28,
S19456,Store_19456,NORTH,Kolkata,,India,2023-09-24,
S19457,Store_19457,WEST,,MP,,2024-06-02,CLOSED
,Store_19458,NORTH,Indore,KA,,2025-08-02,CLOSED
,Store_19459,SOUTH,Mumbai,MH,India,2021-10-20,
S19460,Store_19460,CENTRAL,,TS,,2025-06-14,OPEN
S19461,Store_19461,,,RJ,India,2025-12-17,OPEN
,Store_19462,EAST,Hyderabad,MH,India,,RENOVATION
S19463,Store_19463,,Bengaluru,,India,2022-10-16,OPEN
,Store_19464,CENTRAL,,MH,India,2022-05-14,CLOSED
,Store_19465,NORTH,Indore,MP,India,,RENOVATION
S19466,Store_19466,,Kochi,TS,,2021-08-02,CLOSED
,Store_19467,SOUTH,Jaipur,,India,2023-11-22,RENOVATION
,Store_19468,EAST,Jaipur,MP,India,,RENOVATION
S19469,Store_19469,CENTRAL,,KA,India,,RENOVATION
S19470,Store_19470,,Pune,,India,2022-10-30,OPEN
S19471,,,Kochi,TN,India,2024-03-23,CLOSED
S19472,Store_19472,CENTRAL,,MH,India,2024-04-01,
S19473,,WEST,,DL,India,2025-08-06,RENOVATION
,Store_19474,NORTH,Indore,DL,,2025-11-20,CLOSED
,Store_19475,EAST,Chennai,KL,India,,CLOSED
S19476,,NORTH,Chennai,,India,2022-08-09,RENOVATION
S19477,Store_19477,CENTRAL,Pune,,India,,RENOVATION
S19478,Store_19478,EAST,,WB,India,2023-11-15,
S19479,Store_19479,,Mumbai,MH,India,2022-09-30,
,Store_19480,SOUTH,,KL,India,2021-07-24,OPEN
S19481,Store_19481,,Jaipur,DL,India,,OPEN
,Store_19482,CENTRAL,,TS,India,2022-04-26,RENOVATION
,Store_19483,NORTH,Hyderabad,KA,India,2021-12-08,
S19484,Store_19484,,,TN,India,2022-12-31,CLOSED
,Store_19485,,Pune,KA,India,2021-06-17,CLOSED
S19486,Store_19486,SOUTH,,KA,India,,RENOVATION
S19487,Store_19487,NORTH,Kolkata,RJ,India,,
S19488,Store_19488,,Kochi,MP,India,2024-01-07,
S19489,Store_19489,NORTH,Jaipur,TS,,2024-12-20,
,Store_19490,,Delhi,RJ,India,2021-10-27,OPEN
,,EAST,Kochi,KA,India,2023-07-29,RENOVATION
S19492,Store_19492,NORTH,,KL,India,2025-07-14,
S19493,Store_19493,WEST,,RJ,India,2021-09-23,
S19494,,NORTH,Pune,TN,India,2021-12-05,
,Store_19495,,Kolkata,KL,India,2025-06-30,RENOVATION
S19496,Store_19496,EAST,Indore,,India,,OPEN
S19497,Store_19497,,,TS,India,2024-11-13,CLOSED
S19498,Store_19498,NORTH,,,India,2024-08-01,OPEN
S19499,Store_19499,,Indore,TN,,2021-08-12,CLOSED
S19500,,CENTRAL,Kolkata,,India,2024-02-10,RENOVATION
,,SOUTH,Chennai,RJ,India,2023-03-07,RENOVATION
S19502,,SOUTH,Bengaluru,RJ,India,2022-12-26,
S19503,Store_19503,,Mumbai,KL,India,2024-05-16,
S19504,Store_19504,,Jaipur,RJ,India,,RENOVATION
S19505,Store_19505,NORTH,,MH,India,,OPEN
S19506,,CENTRAL,,RJ,India,2022-08-13,CLOSED
,Store_19507,WEST,Pune,TS,India,,RENOVATION
S19508,,EAST,,DL,India,2024-05-12,RENOVATION
S19509,Store_19509,SOUTH,Pune,,,2022-10-30,RENOVATION
S19510,Store_19510,WEST,,TN,India,,CLOSED
S19511,Store_19511,WEST,,WB,India,,CLOSED
S19512,Store_19512,,Kochi,,India,2022-02-09,RENOVATION
,Store_19513,WEST,,MP,India,2023-01-26,OPEN
S19514,Store_19514,,Indore,DL,India,2022-08-21,
,Store_19515,,Hyderabad,KL,India,2021-07-04,CLOSED
S19516,Store_19516,,Jaipur,KL,,2022-04-23,OPEN
S19517,Store_19517,WEST,,,India,2024-01-19,CLOSED
S19518,Store_19518,SOUTH,,RJ,India,2021-06-07,
S19519,,EAST,Delhi,TS,India,2025-12-08,
,Store_19520,NORTH,Pune,MH,India,,CLOSED
,Store_19521,WEST,Delhi,DL,India,,CLOSED
,Store_19522,NORTH,,KA,India,2025-08-27,OPEN
S19523,,EAST,Jaipur,RJ,India,,RENOVATION
S19524,Store_19524,WEST,Jaipur,,,2021-11-17,OPEN
S19525,Store_19525,,,MH,India,2023-02-19,RENOVATION
S19526,Store_19526,,,WB,India,2025-04-22,OPEN
S19527,,WEST,Kochi,TN,India,2021-05-14,
,Store_19528,SOUTH,Kochi,,India,2021-04-06,OPEN
S19529,,,Delhi,WB,India,2025-07-22,CLOSED
,Store_19530,EAST,Mumbai,,India,2023-12-05,CLOSED
S19531,Store_19531,NORTH,,TS,,2021-11-30,RENOVATION
,Store_19532,SOUTH,Kolkata,TN,India,2024-05-10,
S19533,,,Delhi,DL,India,2023-07-28,OPEN
S19534,Store_19534,,Mumbai,TN,India,2023-07-16,
S19535,Store_19535,CENTRAL,,KL,,2022-01-13,CLOSED
S19536,,SOUTH,Bengaluru,TN,India,2024-04-08,
,Store_19537,NORTH,Indore,TS,,2022-08-27,RENOVATION
S19538,Store_19538,EAST,Kolkata,TS,,,OPEN
S19539,,CENTRAL,Indore,DL,India,2023-12-01,
S19540,Store_19540,NORTH,,DL,India,,CLOSED
,Store_19541,NORTH,Delhi,,India,2025-04-11,OPEN
S19542,,SOUTH,,MH,India,2021-07-18,OPEN
,Store_19543,NORTH,Delhi,MH,,2023-04-07,CLOSED
S19544,Store_19544,NORTH,,TN,,2022-06-17,RENOVATION
,Store_19545,SOUTH,Pune,KA,India,2023-12-26,
S19546,,NORTH,Mumbai,KL,India,,OPEN
S19547,,SOUTH,Chennai,,India,2022-01-17,OPEN
S19548,Store_19548,,Indore,TS,India,,OPEN
S19549,Store_19549,SOUTH,Indore,KA,,,CLOSED
S19550,Store_19550,CENTRAL,Hyderabad,,India,2023-09-14,
S19551,Store_19551,WEST,Bengaluru,MH,,2023-08-07,
S19552,,WEST,,TN,India,2025-09-16,CLOSED
S19553,,WEST,Jaipur,KA,,2024-12-04,RENOVATION
S19554,Store_19554,EAST,Delhi,,India,2021-03-30,
S19555,,,Delhi,MP,India,2022-07-06,RENOVATION
S19556,Store_19556,NORTH,,DL,India,2023-02-15,
,Store_19557,NORTH,Indore,,India,2026-02-01,RENOVATION
S19558,,CENTRAL,Mumbai,TS,,2023-03-06,CLOSED
,Store_19559,,Chennai,WB,India,2022-04-10,OPEN
S19560,Store_19560,NORTH,,WB,India,,RENOVATION
,Store_19561,,Kolkata,DL,India,2024-06-20,RENOVATION
S19562,Store_19562,CENTRAL,Kochi,KA,,,OPEN
S19563,Store_19563,EAST,Kochi,,India,,RENOVATION
S19564,Store_19564,SOUTH,,TN,India,,RENOVATION
S19565,Store_19565,NORTH,Chennai,MP,India,,
S19566,Store_19566,NORTH,Delhi,,India,2021-08-18,
,Store_19567,,Mumbai,KL,India,2023-04-30,OPEN
S19568,,NORTH,Indore,,India,2025-12-21,RENOVATION
S19569,Store_19569,,Bengaluru,KA,India,,OPEN
S19570,,NORTH,Kolkata,KL,,2025-11-05,OPEN
,Store_19571,WEST,,KL,India,2022-11-08,RENOVATION
S19572,,,Kolkata,DL,India,2024-11-30,RENOVATION
S19573,Store_19573,,Kolkata,TS,,2024-06-19,CLOSED
,Store_19574,NORTH,,KL,India,2025-10-18,OPEN
S19575,Store_19575,,Jaipur,MH,India,2022-04-16,
S19576,Store_19576,NORTH,Pune,,India,,RENOVATION
S19577,Store_19577,CENTRAL,,,India,2023-10-03,OPEN
,,NORTH,Chennai,KA,India,2024-11-06,OPEN
S19579,Store_19579,NORTH,Kolkata,KA,,2024-05-22,
,Store_19580,CENTRAL,Indore,RJ,,2024-05-01,CLOSED
S19581,Store_19581,,Jaipur,,India,2025-03-14,RENOVATION
S19582,,EAST,Jaipur,,India,2023-03-07,CLOSED
S19583,,SOUTH,Kolkata,TN,India,,OPEN
S19584,,,Bengaluru,KA,India,2024-10-15,RENOVATION
S19585,Store_19585,,Jaipur,MP,,2021-04-18,OPEN
,Store_19586,,Bengaluru,WB,India,2021-07-29,CLOSED
,Store_19587,NORTH,,MH,India,2023-07-15,CLOSED
S19588,Store_19588,,Mumbai,TS,,2023-04-02,CLOSED
,Store_19589,NORTH,Pune,MP,India,2024-08-16,
S19590,Store_19590,NORTH,Kolkata,TS,,2023-04-11,
S19591,Store_19591,,Indore,TN,India,,CLOSED
S19592,Store_19592,EAST,,MP,India,2024-09-24,
S19593,Store_19593,NORTH,Bengaluru,,,2022-04-14,OPEN
S19594,Store_19594,,Mumbai,DL,India,2025-01-21,
S19595,,SOUTH,Bengaluru,,India,2022-02-23,OPEN
S19596,,WEST,Kolkata,TN,India,,OPEN
S19597,Store_19597,CENTRAL,Hyderabad,TS,India,,
S19598,Store_19598,CENTRAL,,DL,India,2025-01-14,
S19599,,NORTH,Hyderabad,RJ,,2022-01-04,OPEN
S19600,Store_19600,WEST,,KA,,2021-05-23,RENOVATION
S19601,Store_19601,,Delhi,MH,,2022-07-16,OPEN
,Store_19602,EAST,Kochi,KL,,2024-01-29,CLOSED
S19603,Store_19603,,,KL,India,2023-06-13,RENOVATION
S19604,,WEST,,KA,India,2021-07-29,OPEN
S19605,,,Indore,KL,India,2025-03-05,RENOVATION
S19606,Store_19606,WEST,Pune,RJ,,2022-08-26,
S19607,Store_19607,WEST,,MP,,2025-05-31,CLOSED
S19608,,,Kolkata,KA,India,2022-09-16,OPEN
S19609,,SOUTH,Hyderabad,,India,2021-05-07,OPEN
,Store_19610,NORTH,Delhi,,India,2022-04-26,RENOVATION
,Store_19611,SOUTH,Mumbai,,India,2024-07-13,OPEN
S19612,Store_19612,WEST,Indore,,,2024-05-22,RENOVATION
,Store_19613,EAST,Kochi,KL,India,2025-06-20,
,Store_19614,EAST,Hyderabad,DL,,2021-03-20,OPEN
S19615,Store_19615,SOUTH,,,India,2021-06-27,OPEN
,Store_19616,EAST,Delhi,MP,,2021-02-26,OPEN
S19617,Store_19617,NORTH,Pune,WB,,,OPEN
S19618,Store_19618,WEST,,,India,2021-11-26,CLOSED
S19619,Store_19619,CENTRAL,Jaipur,,India,,CLOSED
S19620,Store_19620,,Indore,TN,,2022-12-28,RENOVATION
,Store_19621,EAST,Pune,,India,2021-02-22,CLOSED
S19622,,WEST,Pune,,India,2023-10-17,CLOSED
,Store_19623,EAST,,MP,India,2023-01-11,RENOVATION
S19624,Store_19624,WEST,Kolkata,,India,,OPEN
,,CENTRAL,Hyderabad,TN,India,2023-01-15,CLOSED
S19626,Store_19626,,Delhi,RJ,,2024-05-15,CLOSED
S19627,Store_19627,WEST,,TN,India,,RENOVATION
S19628,Store_19628,,Kochi,TN,,2025-07-04,RENOVATION
,Store_19629,WEST,Indore,WB,India,2023-02-06,
S19630,Store_19630,EAST,Indore,DL,,,CLOSED
S19631,,SOUTH,,KA,India,2022-07-08,RENOVATION
,Store_19632,NORTH,Hyderabad,MH,,2025-05-28,CLOSED
,Store_19633,NORTH,Pune,,India,2021-09-20,OPEN
S19634,,,Bengaluru,TS,India,2024-11-02,OPEN
,Store_19635,CENTRAL,Kochi,,India,2021-09-19,CLOSED
S19636,Store_19636,,Kochi,KL,India,,RENOVATION
,Store_19637,EAST,Mumbai,KA,India,,CLOSED
,Store_19638,NORTH,Jaipur,,India,2023-11-03,CLOSED
S19639,Store_19639,CENTRAL,Kochi,,India,,RENOVATION
S19640,Store_19640,EAST,,RJ,,2021-09-13,RENOVATION
S19641,Store_19641,,Delhi,MH,,2022-03-21,RENOVATION
,Store_19642,SOUTH,Bengaluru,DL,India,,OPEN
,Store_19643,CENTRAL,Indore,,India,2022-02-18,CLOSED
S19644,Store_19644,SOUTH,,KL,,2023-04-12,CLOSED
S19645,Store_19645,,Jaipur,,India,2024-05-10,OPEN
S19646,Store_19646,SOUTH,,,India,2023-07-02,RENOVATION
S19647,Store_19647,SOUTH,,MH,India,,OPEN
S19648,Store_19648,SOUTH,Jaipur,WB,,,CLOSED
,Store_19649,SOUTH,Kolkata,,India,2021-06-26,RENOVATION
S19650,Store_19650,WEST,Jaipur,KA,India,,
S19651,,NORTH,Chennai,MP,,2023-09-18,RENOVATION
S19652,,CENTRAL,Chennai,DL,India,,RENOVATION
,Store_19653,SOUTH,Delhi,KA,,2023-02-19,OPEN
S19654,,,Bengaluru,TN,India,2024-05-11,OPEN
S19655,Store_19655,NORTH,Pune,KA,,,OPEN
S19656,Store_19656,,Bengaluru,RJ,,2025-02-24,OPEN
S19657,Store_19657,,Bengaluru,DL,India,2023-01-22,
S19658,Store_19658,NORTH,,RJ,India,,RENOVATION
S19659,Store_19659,EAST,Bengaluru,,India,,CLOSED
,Store_19660,EAST,,TN,India,2021-07-03,OPEN
S19661,Store_19661,NORTH,,MP,,2021-05-10,RENOVATION
S19662,Store_19662,WEST,,DL,,2025-09-15,CLOSED
S19663,,NORTH,Delhi,KL,India,2021-05-05,
S19664,Store_19664,WEST,,DL,,2023-01-19,OPEN
,Store_19665,,Bengaluru,MH,India,2021-10-07,OPEN
S19666,,,Hyderabad,TS,India,2023-02-18,CLOSED
S19667,Store_19667,CENTRAL,Mumbai,KL,,,CLOSED
S19668,Store_19668,CENTRAL,,TS,India,,OPEN
S19669,,SOUTH,Hyderabad,,India,2022-01-31,RENOVATION
,Store_19670,EAST,Kolkata,KL,India,,CLOSED
S19671,Store_19671,WEST,,MP,,2022-06-22,CLOSED
S19672,Store_19672,EAST,Bengaluru,,India,,OPEN
S19673,Store_19673,,Jaipur,WB,India,,RENOVATION
S19674,Store_19674,CENTRAL,,WB,India,2023-05-28,
,,SOUTH,Chennai,KL,India,2025-03-06,RENOVATION
S19676,Store_19676,CENTRAL,Jaipur,,India,2022-02-06,
S19677,Store_19677,CENTRAL,Mumbai,,,2024-06-05,CLOSED
S19678,Store_19678,CENTRAL,Kochi,,,2025-02-12,OPEN
S19679,,EAST,Delhi,,India,2023-05-22,CLOSED
S19680,Store_19680,,Kochi,WB,India,2026-01-10,
S19681,Store_19681,WEST,,TS,,2025-04-01,RENOVATION
S19682,Store_19682,EAST,Hyderabad,TN,,,CLOSED
S19683,Store_19683,CENTRAL,,,India,2021-02-06,OPEN
S19684,Store_19684,CENTRAL,Chennai,TN,,2021-07-27,
S19685,Store_19685,NORTH,,KA,India,2023-09-16,
,Store_19686,WEST,Indore,KL,India,2021-12-08,
,Store_19687,WEST,Kolkata,DL,India,2022-03-02,
,Store_19688,WEST,Delhi,KA,India,2025-04-02,
,Store_19689,WEST,Jaipur,,India,2024-11-05,CLOSED
S19690,Store_19690,WEST,,,India,2023-12-15,OPEN
S19691,,EAST,Hyderabad,KA,India,,RENOVATION
S19692,,SOUTH,Chennai,TS,,2022-10-27,OPEN
S19693,Store_19693,SOUTH,,RJ,India,,OPEN
,Store_19694,SOUTH,Kolkata,,India,2025-11-19,RENOVATION
S19695,Store_19695,WEST,,MP,India,,CLOSED
S19696,,SOUTH,Hyderabad,,India,2025-06-15,RENOVATION
S19697,,SOUTH,Indore,DL,India,,CLOSED
S19698,,CENTRAL,Kolkata,MP,India,2021-02-15,
S19699,,NORTH,Delhi,MH,India,2024-02-12,
,Store_19700,SOUTH,Kochi,MP,India,2025-05-05,
S19701,Store_19701,NORTH,Kochi,,India,2024-04-05,
S19702,Store_19702,EAST,Jaipur,,India,,RENOVATION
S19703,Store_19703,CENTRAL,,RJ,,2024-07-14,CLOSED
S19704,,EAST,Indore,,India,2021-04-28,OPEN
S19705,Store_19705,CENTRAL,,TS,,2022-10-17,RENOVATION
S19706,Store_19706,WEST,,MP,,2021-08-09,RENOVATION
S19707,,WEST,Hyderabad,,India,2022-06-09,RENOVATION
S19708,,EAST,Chennai,,India,2024-03-10,CLOSED
S19709,Store_19709,,Kolkata,TN,India,,CLOSED
S19710,Store_19710,,Pune,MH,India,,RENOVATION
S19711,Store_19711,SOUTH,,MH,India,2024-12-30,
S19712,Store_19712,,Hyderabad,KL,India,2024-06-08,
S19713,Store_19713,EAST,,,India,2024-01-29,OPEN
,Store_19714,WEST,Mumbai,WB,India,2024-08-14,
S19715,Store_19715,NORTH,Indore,DL,,2023-02-21,
S19716,,,Mumbai,RJ,India,2025-02-20,RENOVATION
S19717,Store_19717,,Kochi,DL,India,2022-08-01,
S19718,Store_19718,NORTH,,RJ,India,2025-10-11,
S19719,Store_19719,EAST,,KL,India,2022-09-23,
S19720,,WEST,Indore,DL,India,,OPEN
S19721,Store_19721,EAST,Kochi,,,2025-01-02,OPEN
S19722,Store_19722,,Mumbai,,India,2024-06-15,OPEN
S19723,Store_19723,CENTRAL,,,India,2021-06-30,RENOVATION
S19724,Store_19724,,,MP,India,2025-10-17,CLOSED
S19725,Store_19725,CENTRAL,,WB,India,2022-02-03,
S19726,Store_19726,SOUTH,Indore,,India,,CLOSED
S19727,Store_19727,WEST,,MH,India,,CLOSED
,Store_19728,WEST,Mumbai,RJ,India,,OPEN
S19729,,,Indore,RJ,India,2022-01-07,CLOSED
,Store_19730,EAST,Kochi,MP,,2025-12-20,RENOVATION
S19731,Store_19731,NORTH,Delhi,MH,,,OPEN
S19732,Store_19732,WEST,Chennai,,India,,RENOVATION
,Store_19733,SOUTH,Jaipur,RJ,,2023-04-13,OPEN
S19734,Store_19734,,Kolkata,,India,2022-10-17,OPEN
S19735,,NORTH,Pune,,India,2022-01-07,RENOVATION
,Store_19736,CENTRAL,Kochi,,India,2024-09-23,RENOVATION
,Store_19737,CENTRAL,Hyderabad,,India,2021-02-11,CLOSED
S19738,Store_19738,CENTRAL,Delhi,KL,,2021-10-12,
,Store_19739,EAST,Delhi,,India,2023-02-11,RENOVATION
S19740,Store_19740,NORTH,,,India,2025-10-09,OPEN
S19741,,EAST,Kolkata,MP,,2025-04-03,CLOSED
S19742,,CENTRAL,Mumbai,KA,India,,RENOVATION
S19743,Store_19743,SOUTH,,RJ,India,,CLOSED
,,WEST,Hyderabad,TS,India,2022-01-07,OPEN
S19745,Store_19745,SOUTH,,,India,2021-12-13,OPEN
S19746,Store_19746,WEST,Delhi,MP,,,CLOSED
S19747,,EAST,Kochi,WB,,2025-12-16,RENOVATION
S19748,,NORTH,Kochi,KA,India,,CLOSED
S19749,Store_19749,SOUTH,,DL,,2021-11-21,OPEN
S19750,Store_19750,CENTRAL,,MP,India,,OPEN
S19751,Store_19751,,,KL,India,2024-09-23,RENOVATION
,Store_19752,CENTRAL,Delhi,,India,2023-02-05,RENOVATION
S19753,Store_19753,EAST,,TS,India,2024-12-25,
S19754,,,Jaipur,KA,India,2024-11-01,OPEN
S19755,,NORTH,,KL,India,2024-11-03,RENOVATION
S19756,Store_19756,,Jaipur,MP,India,2023-01-07,
S19757,,,Bengaluru,RJ,India,2022-12-21,RENOVATION
S19758,Store_19758,WEST,Kochi,,India,2021-07-27,
S19759,,EAST,,MP,India,2023-06-11,OPEN
S19760,,NORTH,,MH,India,2021-11-12,RENOVATION
S19761,,,Hyderabad,RJ,India,2023-04-20,RENOVATION
S19762,,CENTRAL,,RJ,India,2024-05-13,RENOVATION
,Store_19763,EAST,Kochi,DL,India,,OPEN
S19764,Store_19764,,Jaipur,KA,,2023-10-13,RENOVATION
S19765,Store_19765,EAST,Indore,RJ,India,,
S19766,Store_19766,NORTH,Bengaluru,MH,,,RENOVATION
S19767,Store_19767,CENTRAL,,RJ,India,2023-06-26,
,,EAST,Delhi,KL,India,2022-04-19,RENOVATION
S19769,Store_19769,,Bengaluru,WB,India,,RENOVATION
S19770,Store_19770,,Delhi,KL,,2023-02-04,OPEN
S19771,Store_19771,,Jaipur,DL,India,2025-04-08,
S19772,,EAST,Bengaluru,DL,,2021-02-04,RENOVATION
,Store_19773,CENTRAL,Hyderabad,MP,India,,CLOSED
,,NORTH,Delhi,DL,India,2023-09-04,CLOSED
S19775,Store_19775,,Kochi,MH,India,2025-11-17,
,Store_19776,SOUTH,,WB,India,2025-06-30,RENOVATION
S19777,Store_19777,SOUTH,,,India,2024-06-09,RENOVATION
S19778,Store_19778,EAST,,,India,2022-11-26,OPEN
S19779,Store_19779,NORTH,,TS,India,2025-08-06,
S19780,Store_19780,EAST,Delhi,,,2022-11-20,CLOSED
S19781,Store_19781,SOUTH,,,India,2023-08-08,RENOVATION
S19782,Store_19782,EAST,Bengaluru,,India,,RENOVATION
S19783,Store_19783,EAST,Pune,WB,India,,
S19784,Store_19784,WEST,Mumbai,,India,2024-01-15,
S19785,,,Indore,MH,India,2025-07-24,CLOSED
,,EAST,Chennai,WB,India,2024-05-02,RENOVATION
S19787,Store_19787,,Indore,DL,India,,CLOSED
S19788,Store_19788,,,RJ,India,2021-07-25,RENOVATION
,,NORTH,Chennai,RJ,India,2025-11-27,CLOSED
,Store_19790,WEST,Mumbai,TN,India,2021-12-20,
S19791,Store_19791,CENTRAL,Jaipur,,India,2021-07-27,
S19792,Store_19792,,Indore,,India,2023-07-26,OPEN
S19793,Store_19793,,,TS,India,2022-12-31,RENOVATION
S19794,Store_19794,WEST,,MP,India,2025-02-17,
S19795,Store_19795,CENTRAL,,TN,India,2024-05-07,
S19796,Store_19796,SOUTH,Jaipur,,,2024-03-05,OPEN
S19797,Store_19797,CENTRAL,Jaipur,MH,India,,
,Store_19798,CENTRAL,Hyderabad,,India,2026-01-09,OPEN
S19799,Store_19799,,Indore,MP,India,2025-04-25,
S19800,,,Chennai,TN,India,2021-12-03,CLOSED
,Store_19801,,Bengaluru,DL,India,2021-05-15,OPEN
S19802,Store_19802,WEST,,TN,,2022-12-14,CLOSED
S19803,Store_19803,EAST,Hyderabad,,India,2024-02-12,
S19804,Store_19804,,Delhi,DL,India,,CLOSED
S19805,Store_19805,CENTRAL,,,India,2025-02-22,RENOVATION
,Store_19806,,Kolkata,RJ,India,2024-07-06,CLOSED
S19807,Store_19807,,,TN,India,2024-10-01,OPEN
S19808,Store_19808,WEST,,KL,India,2024-08-12,
S19809,Store_19809,WEST,Kolkata,MP,,,CLOSED
S19810,Store_19810,,Kochi,MP,India,2025-05-15,
,Store_19811,CENTRAL,Mumbai,,India,2025-11-12,OPEN
S19812,Store_19812,WEST,Jaipur,TS,,,RENOVATION
S19813,Store_19813,SOUTH,Jaipur,WB,,,OPEN
,Store_19814,CENTRAL,,KA,India,2022-02-02,OPEN
,Store_19815,EAST,Bengaluru,DL,India,2024-11-11,
S19816,Store_19816,,Indore,,India,2022-06-08,CLOSED
S19817,Store_19817,CENTRAL,,,India,2022-07-05,RENOVATION
,Store_19818,,Bengaluru,WB,India,2021-11-10,CLOSED
S19819,,SOUTH,Kolkata,KA,India,2025-08-01,
S19820,Store_19820,,Pune,KL,,2022-08-29,RENOVATION
S19821,,EAST,Kolkata,WB,,2024-04-08,OPEN
S19822,Store_19822,,Hyderabad,KA,India,,RENOVATION
S19823,Store_19823,,Mumbai,WB,India,,CLOSED
S19824,Store_19824,,Indore,MP,India,2024-07-15,
S19825,Store_19825,NORTH,,TS,India,,OPEN
,Store_19826,CENTRAL,Kolkata,,India,2021-03-11,RENOVATION
S19827,Store_19827,WEST,,RJ,,2024-05-05,CLOSED
,Store_19828,SOUTH,Hyderabad,RJ,,2021-03-20,OPEN
S19829,,WEST,Jaipur,MH,,2022-03-05,OPEN
S19830,Store_19830,SOUTH,Jaipur,DL,India,,
S19831,Store_19831,,Mumbai,,India,2023-06-10,RENOVATION
S19832,Store_19832,NORTH,Kolkata,KA,India,,
,Store_19833,EAST,,RJ,India,2025-07-02,CLOSED
S19834,Store_19834,SOUTH,Pune,KL,,,OPEN
S19835,Store_19835,WEST,Jaipur,MP,,,OPEN
,Store_19836,SOUTH,Delhi,DL,India,,RENOVATION
S19837,Store_19837,,,DL,India,2021-09-09,OPEN
S19838,Store_19838,WEST,Jaipur,WB,,2024-01-14,
S19839,Store_19839,,Indore,TS,,2022-09-01,OPEN
S19840,Store_19840,,Chennai,,India,2022-08-20,RENOVATION
S19841,Store_19841,,,KL,India,2023-01-15,CLOSED
,Store_19842,NORTH,Indore,TN,,2024-02-16,CLOSED
S19843,,WEST,Hyderabad,RJ,India,,RENOVATION
,,EAST,Indore,TS,India,2021-11-09,RENOVATION
S19845,,CENTRAL,Kolkata,,India,2025-12-29,CLOSED
,Store_19846,EAST,,DL,India,2024-05-05,OPEN
S19847,Store_19847,NORTH,Kolkata,,India,2023-08-15,
S19848,Store_19848,,Delhi,,India,2023-08-01,CLOSED
,Store_19849,EAST,Hyderabad,,India,2022-01-20,RENOVATION
S19850,Store_19850,SOUTH,Jaipur,KL,,,CLOSED
,,EAST,Kolkata,DL,India,2023-01-19,OPEN
S19852,,WEST,Chennai,,India,2025-12-16,RENOVATION
,Store_19853,EAST,Kolkata,,India,2023-12-03,OPEN
S19854,Store_19854,,Bengaluru,TN,India,2025-08-25,
S19855,Store_19855,EAST,Jaipur,,India,2024-11-18,
S19856,,EAST,Indore,KA,,2021-04-16,CLOSED
S19857,Store_19857,NORTH,Mumbai,MH,,,RENOVATION
,Store_19858,SOUTH,Bengaluru,,India,2021-03-14,RENOVATION
S19859,Store_19859,,,MP,India,2024-11-08,RENOVATION
S19860,Store_19860,,Indore,,India,2024-04-11,CLOSED
,,CENTRAL,Kolkata,TS,India,2023-08-13,OPEN
S19862,Store_19862,SOUTH,Pune,,India,,OPEN
S19863,Store_19863,NORTH,,DL,India,2024-06-20,
S19864,Store_19864,CENTRAL,,RJ,India,2022-08-12,
S19865,,WEST,,TN,India,2025-08-06,RENOVATION
S19866,Store_19866,,Mumbai,MH,India,2022-09-22,
S19867,Store_19867,NORTH,,KL,,2021-12-24,CLOSED
S19868,Store_19868,WEST,Jaipur,,India,2025-06-06,
,Store_19869,NORTH,Chennai,DL,India,2022-10-19,
S19870,Store_19870,NORTH,Kochi,,,2023-02-13,CLOSED
S19871,Store_19871,CENTRAL,Hyderabad,WB,India,,
S19872,Store_19872,WEST,,KA,India,,CLOSED
S19873,Store_19873,NORTH,,RJ,India,,OPEN
S19874,,,Delhi,KA,India,2021-05-27,RENOVATION
S19875,,EAST,Pune,,India,2025-12-21,RENOVATION
S19876,Store_19876,EAST,Indore,MH,India,,
S19877,Store_19877,,Kochi,MP,India,2022-09-08,
S19878,,,Pune,RJ,India,2021-03-09,RENOVATION
S19879,Store_19879,WEST,Delhi,,India,2023-05-12,
S19880,Store_19880,,Hyderabad,TS,India,,OPEN
,Store_19881,EAST,Kolkata,MH,India,2025-10-04,
S19882,,,Jaipur,TS,India,2022-03-26,CLOSED
S19883,Store_19883,EAST,Jaipur,TN,,,OPEN
S19884,,EAST,Bengaluru,RJ,India,,OPEN
S19885,,EAST,Jaipur,MP,,2023-08-11,OPEN
S19886,Store_19886,,Indore,WB,India,,CLOSED
S19887,,NORTH,Chennai,MH,India,,OPEN
S19888,Store_19888,NORTH,,,India,2022-01-16,OPEN
S19889,,,Kolkata,MH,India,2023-09-02,CLOSED
S19890,,,Delhi,RJ,India,2024-11-03,CLOSED
S19891,Store_19891,,Mumbai,DL,,2024-01-18,OPEN
S19892,,NORTH,,DL,India,2024-10-13,OPEN
S19893,,WEST,,WB,India,2021-08-28,CLOSED
S19894,Store_19894,SOUTH,Indore,WB,,,OPEN
S19895,Store_19895,SOUTH,,KL,,2023-08-28,RENOVATION
S19896,Store_19896,SOUTH,,MP,India,2023-03-20,
S19897,Store_19897,EAST,,MP,,2022-08-20,RENOVATION
S19898,Store_19898,CENTRAL,,TN,India,,RENOVATION
S19899,Store_19899,NORTH,,,India,2024-07-18,CLOSED
S19900,Store_19900,CENTRAL,,DL,India,2021-08-13,
S19901,Store_19901,SOUTH,Indore,,,2021-11-27,CLOSED
S19902,Store_19902,EAST,Kochi,WB,,,RENOVATION
,Store_19903,CENTRAL,Bengaluru,KL,India,,OPEN
S19904,Store_19904,NORTH,Bengaluru,DL,,2022-01-24,
S19905,Store_19905,WEST,Mumbai,RJ,,2023-01-07,
S19906,Store_19906,EAST,,KA,India,2023-03-16,
S19907,Store_19907,NORTH,,,India,2022-07-06,CLOSED
S19908,,EAST,,WB,India,2021-09-13,CLOSED
S19909,Store_19909,CENTRAL,Kochi,TS,,,RENOVATION
S19910,Store_19910,CENTRAL,,WB,India,2021-06-06,
S19911,,WEST,Bengaluru,TS,,2025-04-27,OPEN
,Store_19912,WEST,Chennai,MP,India,,OPEN
S19913,,EAST,Kolkata,KA,,2024-08-23,OPEN
S19914,,WEST,Chennai,DL,,2022-08-05,OPEN
S19915,Store_19915,EAST,,TS,,2024-10-19,OPEN
S19916,Store_19916,WEST,Chennai,,India,2021-02-23,
S19917,Store_19917,CENTRAL,,RJ,India,,OPEN
S19918,Store_19918,WEST,,DL,,2022-05-08,OPEN
,,CENTRAL,Delhi,TS,India,2023-08-01,CLOSED
S19920,Store_19920,,,MH,India,2025-12-07,CLOSED
S19921,,SOUTH,Hyderabad,TN,India,,CLOSED
S19922,Store_19922,,Chennai,,India,2022-02-12,OPEN
,Store_19923,SOUTH,Mumbai,KA,,2026-01-05,RENOVATION
S19924,Store_19924,WEST,Jaipur,,India,,OPEN
S19925,Store_19925,NORTH,Mumbai,MH,,,RENOVATION
S19926,,NORTH,,MP,India,2024-05-21,OPEN
S19927,Store_19927,WEST,,TN,India,2023-08-04,
S19928,Store_19928,WEST,Mumbai,,India,2023-06-02,
S19929,,CENTRAL,Kolkata,KA,,2021-10-02,CLOSED
S19930,Store_19930,,Indore,,India,2022-11-18,CLOSED
S19931,Store_19931,NORTH,Chennai,,India,,OPEN
S19932,Store_19932,SOUTH,Mumbai,KA,,2025-07-12,
,Store_19933,EAST,Delhi,TN,India,,CLOSED
S19934,Store_19934,,Indore,,India,2022-04-04,CLOSED
S19935,Store_19935,,Indore,RJ,India,,OPEN
S19936,Store_19936,CENTRAL,,MH,India,,RENOVATION
,Store_19937,SOUTH,,TN,India,2022-04-07,CLOSED
S19938,,,Indore,TS,India,2023-04-03,OPEN
S19939,,SOUTH,Delhi,TN,,2023-11-03,RENOVATION
S19940,Store_19940,NORTH,,WB,India,2021-09-23,
S19941,Store_19941,CENTRAL,Bengaluru,,India,,RENOVATION
S19942,,WEST,Kochi,TN,,2021-08-19,CLOSED
,Store_19943,,Bengaluru,MP,India,2021-08-14,OPEN
S19944,,,Delhi,MH,India,2022-01-01,RENOVATION
S19945,Store_19945,,,WB,India,2022-08-25,RENOVATION
,Store_19946,EAST,Delhi,DL,,2022-04-28,CLOSED
S19947,Store_19947,WEST,Mumbai,,India,2025-12-31,
S19948,Store_19948,SOUTH,,TN,,2022-10-11,RENOVATION
,Store_19949,NORTH,Delhi,MP,India,,CLOSED
,Store_19950,,Hyderabad,MH,India,2024-04-13,RENOVATION
,Store_19951,NORTH,Kolkata,,India,2025-04-22,OPEN
S19952,,WEST,Mumbai,TN,India,2026-01-05,
S19953,Store_19953,EAST,Indore,MP,,,OPEN
,Store_19954,WEST,Hyderabad,,India,2025-07-22,RENOVATION
S19955,Store_19955,NORTH,,TN,,2023-04-26,RENOVATION
,Store_19956,SOUTH,,TN,India,2024-01-30,OPEN
,Store_19957,CENTRAL,Kochi,,India,2025-06-06,OPEN
S19958,,SOUTH,,TS,India,2023-06-13,CLOSED
S19959,Store_19959,EAST,Pune,,India,2025-06-30,
S19960,,,Mumbai,RJ,India,2022-12-11,OPEN
,Store_19961,NORTH,Delhi,,India,2024-08-20,RENOVATION
S19962,,,Kochi,DL,India,2023-11-14,OPEN
S19963,Store_19963,,Jaipur,,India,2022-09-08,RENOVATION
S19964,,,Bengaluru,WB,India,2021-07-17,OPEN
S19965,,NORTH,Indore,WB,India,,CLOSED
S19966,Store_19966,NORTH,Hyderabad,WB,,,OPEN
S19967,Store_19967,EAST,Hyderabad,KL,India,,
S19968,Store_19968,,,TN,India,2022-05-27,RENOVATION
,,NORTH,Hyderabad,DL,India,2023-04-17,OPEN
,Store_19970,WEST,Hyderabad,,India,2025-09-26,CLOSED
S19971,Store_19971,,Indore,KL,,2023-09-27,CLOSED
S19972,Store_19972,SOUTH,,TN,,2022-02-20,RENOVATION
,Store_19973,EAST,Chennai,,India,2021-07-09,RENOVATION
,Store_19974,EAST,Kochi,KL,,2023-06-20,OPEN
S19975,Store_19975,SOUTH,,TN,India,2023-08-13,
,Store_19976,WEST,Hyderabad,TN,India,2021-02-13,
S19977,Store_19977,,Indore,KA,,2026-01-25,CLOSED
,,CENTRAL,Delhi,RJ,India,2024-01-02,CLOSED
S19979,Store_19979,NORTH,Chennai,MH,,,OPEN
S19980,,,Kolkata,MH,India,2022-08-26,OPEN
S19981,Store_19981,EAST,Pune,,India,,CLOSED
S19982,Store_19982,,Chennai,TS,India,,OPEN
S19983,Store_19983,,Kochi,,India,2022-02-27,CLOSED
S19984,Store_19984,,Delhi,,India,2022-08-01,OPEN
S19985,Store_19985,,Bengaluru,MP,,2021-06-22,RENOVATION
S19986,,WEST,Bengaluru,RJ,India,,OPEN
S19987,Store_19987,,Bengaluru,MH,India,,CLOSED
,Store_19988,CENTRAL,Pune,KL,India,,CLOSED
,Store_19989,,Pune,KA,India,2021-08-12,OPEN
S19990,Store_19990,,Chennai,,India,2022-12-14,RENOVATION
,Store_19991,CENTRAL,Pune,MH,India,2021-10-22,
S19992,,WEST,Kochi,MH,India,,CLOSED
S19993,Store_19993,CENTRAL,,,India,2022-01-26,CLOSED
S19994,Store_19994,EAST,,,India,2025-12-28,RENOVATION
S19995,,,Chennai,MP,India,2021-03-22,RENOVATION
S19996,,CENTRAL,Pune,WB,,2025-02-17,RENOVATION
,Store_19997,,Delhi,TS,India,2022-09-22,CLOSED
S19998,Store_19998,,Jaipur,RJ,,2021-04-16,CLOSED
,Store_19999,WEST,Indore,MP,India,,CLOSED
S20000,Store_20000,WEST,Pune,WB,,,OPEN
